// Clockwork Yellow World Map Asset
// Generated automatically from raw image. Do not edit manually.

#ifndef WORLD_MAP_H
#define WORLD_MAP_H

#include <pgmspace.h>
#include <stdint.h>

#define WORLD_MAP_WIDTH 320
#define WORLD_MAP_HEIGHT 240

// World map stored in Flash (PROGMEM) in RGB565 format (150 KB)
const uint16_t world_map[76800] PROGMEM = {
    0x0211, 0x0211, 0x0212, 0x0211, 0x0211, 0x0212, 0x0212, 0x0212, 0x0212, 0x0212, 0x0211, 0x0211, 0x0211, 0x0211, 0x0211, 0x0211,
    0x0211, 0x0211, 0x0211, 0x0211, 0x0211, 0x0211, 0x0211, 0x0211, 0x0211, 0x0211, 0x0211, 0x0211, 0x0211, 0x0211, 0x0211, 0x0211,
    0x0211, 0x0211, 0x0211, 0x0211, 0x0211, 0x0211, 0x0211, 0x0211, 0x0211, 0x0211, 0x0211, 0x0212, 0x0212, 0x0211, 0x0212, 0x0212,
    0x0211, 0x0211, 0x0212, 0x0211, 0x0211, 0x0212, 0x0212, 0x0211, 0x0212, 0x0212, 0x0211, 0x0211, 0x0212, 0x0211, 0x0211, 0x0212,
    0x0211, 0x0211, 0x0212, 0x0212, 0x0211, 0x0211, 0x0212, 0x0211, 0x0211, 0x0211, 0x0211, 0x0211, 0x0211, 0x0211, 0x0211, 0x0211,
    0x01F1, 0x0211, 0x0212, 0x0211, 0x0211, 0x0211, 0x0211, 0x0211, 0x0212, 0x0212, 0x0211, 0x0211, 0x0211, 0x0211, 0x0212, 0x0212,
    0x0211, 0x0211, 0x0212, 0x0212, 0x0211, 0x0212, 0x0212, 0x0211, 0x0212, 0x0212, 0x0211, 0x0211, 0x0211, 0x0212, 0x0212, 0x0211,
    0x0211, 0x0211, 0x0211, 0x0211, 0x0211, 0x0211, 0x0211, 0x0211, 0x0211, 0x0211, 0x0211, 0x0211, 0x0211, 0x0212, 0x0212, 0x0211,
    0x0211, 0x0211, 0x0211, 0x0211, 0x0212, 0x0212, 0x0211, 0x0211, 0x0211, 0x0211, 0x0212, 0x0212, 0x0211, 0x0211, 0x0211, 0x0212,
    0x0211, 0x0211, 0x0211, 0x0211, 0x0211, 0x0211, 0x0211, 0x0211, 0x0211, 0x0211, 0x0211, 0x0211, 0x0211, 0x0211, 0x0211, 0x0212,
    0x0211, 0x0211, 0x0212, 0x0212, 0x0211, 0x0212, 0x0212, 0x0212, 0x0212, 0x0212, 0x0212, 0x0212, 0x0211, 0x0211, 0x0211, 0x0211,
    0x0211, 0x01F1, 0x01F1, 0x0211, 0x0211, 0x0211, 0x0211, 0x0211, 0x0211, 0x0211, 0x0211, 0x0211, 0x0211, 0x0211, 0x0211, 0x0211,
    0x0211, 0x0211, 0x0211, 0x0211, 0x0211, 0x0211, 0x0211, 0x0211, 0x0211, 0x0211, 0x0212, 0x0211, 0x0211, 0x0211, 0x0211, 0x0211,
    0x0211, 0x0211, 0x0211, 0x0211, 0x0211, 0x0211, 0x0211, 0x0212, 0x0212, 0x0211, 0x0211, 0x0211, 0x0211, 0x0211, 0x0211, 0x0211,
    0x0211, 0x0211, 0x0211, 0x0211, 0x0211, 0x0211, 0x0211, 0x0211, 0x0211, 0x0211, 0x0211, 0x0212, 0x0211, 0x0211, 0x0211, 0x0211,
    0x0211, 0x0211, 0x0211, 0x0211, 0x0211, 0x0211, 0x0211, 0x0211, 0x0211, 0x0211, 0x0211, 0x0211, 0x0212, 0x0211, 0x0211, 0x0211,
    0x0211, 0x0212, 0x0211, 0x0211, 0x0211, 0x0212, 0x0211, 0x0211, 0x0212, 0x0211, 0x0211, 0x0211, 0x0211, 0x0211, 0x0211, 0x0211,
    0x0211, 0x0211, 0x0211, 0x0211, 0x0211, 0x0211, 0x0211, 0x0211, 0x0211, 0x0211, 0x0211, 0x0211, 0x0211, 0x0211, 0x01F1, 0x0211,
    0x01F1, 0x01F1, 0x0211, 0x0211, 0x0211, 0x0211, 0x0211, 0x0211, 0x0211, 0x0211, 0x01F1, 0x01F1, 0x0211, 0x01F1, 0x01F1, 0x0211,
    0x01F1, 0x0211, 0x0211, 0x01F1, 0x0211, 0x0211, 0x0211, 0x0211, 0x0211, 0x0211, 0x0211, 0x0211, 0x0211, 0x0211, 0x0211, 0x0211,
    0x0211, 0x0211, 0x0211, 0x0212, 0x0211, 0x0211, 0x0211, 0x0211, 0x0211, 0x0211, 0x0211, 0x0211, 0x0211, 0x0211, 0x0211, 0x0211,
    0x0211, 0x0211, 0x0211, 0x0211, 0x0211, 0x0211, 0x0211, 0x0211, 0x0211, 0x0211, 0x0211, 0x0211, 0x0211, 0x0211, 0x0211, 0x0211,
    0x0211, 0x0211, 0x0211, 0x0211, 0x0211, 0x0211, 0x0211, 0x0211, 0x0211, 0x0211, 0x0211, 0x0211, 0x0211, 0x0211, 0x0211, 0x0211,
    0x0211, 0x0211, 0x0211, 0x0211, 0x0212, 0x0212, 0x0211, 0x0212, 0x0211, 0x0211, 0x0211, 0x0212, 0x0212, 0x0211, 0x0211, 0x0212,
    0x0211, 0x0211, 0x0212, 0x0211, 0x0211, 0x0211, 0x0211, 0x0211, 0x0211, 0x0211, 0x0211, 0x0211, 0x0211, 0x0211, 0x0211, 0x0211,
    0x0211, 0x0211, 0x0211, 0x0212, 0x0211, 0x0212, 0x0212, 0x0212, 0x0211, 0x0211, 0x0211, 0x0211, 0x0211, 0x0211, 0x0211, 0x0211,
    0x0211, 0x0211, 0x0212, 0x0212, 0x0212, 0x0212, 0x0212, 0x0212, 0x0211, 0x0211, 0x0211, 0x0211, 0x0211, 0x0212, 0x0212, 0x0211,
    0x0211, 0x0211, 0x01F1, 0x0211, 0x0211, 0x0211, 0x0211, 0x0211, 0x0211, 0x0211, 0x0211, 0x0211, 0x0211, 0x0211, 0x0212, 0x0211,
    0x0211, 0x0211, 0x0211, 0x0211, 0x0211, 0x0211, 0x0211, 0x0211, 0x0211, 0x0212, 0x0212, 0x0211, 0x0211, 0x0211, 0x0211, 0x0211,
    0x0211, 0x0211, 0x0211, 0x0211, 0x0211, 0x0211, 0x0211, 0x0211, 0x0211, 0x0211, 0x0211, 0x0211, 0x0211, 0x0211, 0x0211, 0x0211,
    0x0211, 0x0211, 0x0211, 0x0211, 0x0211, 0x0211, 0x0212, 0x0212, 0x0212, 0x0212, 0x0211, 0x0211, 0x0211, 0x0211, 0x0211, 0x0211,
    0x0211, 0x0212, 0x0211, 0x0211, 0x0211, 0x0211, 0x0211, 0x0211, 0x0211, 0x0211, 0x0211, 0x0211, 0x0211, 0x0211, 0x0211, 0x0211,
    0x0211, 0x0211, 0x0211, 0x0211, 0x0211, 0x0211, 0x0211, 0x0211, 0x0211, 0x0211, 0x0211, 0x0211, 0x0211, 0x0211, 0x0211, 0x0211,
    0x0211, 0x0211, 0x0211, 0x0211, 0x0211, 0x0211, 0x0211, 0x0211, 0x0211, 0x0211, 0x0211, 0x0211, 0x0211, 0x0211, 0x0211, 0x0211,
    0x0211, 0x0211, 0x0211, 0x0211, 0x0211, 0x0211, 0x0211, 0x0211, 0x0211, 0x0212, 0x0211, 0x0211, 0x0211, 0x0211, 0x0211, 0x0211,
    0x0211, 0x0211, 0x0211, 0x0211, 0x0211, 0x0211, 0x0211, 0x0211, 0x0211, 0x0211, 0x0212, 0x0212, 0x0211, 0x0211, 0x0211, 0x0211,
    0x0211, 0x0211, 0x0211, 0x0211, 0x0211, 0x0211, 0x01F1, 0x0211, 0x0211, 0x0211, 0x0211, 0x0211, 0x0211, 0x0211, 0x0211, 0x0211,
    0x0211, 0x0211, 0x0211, 0x0211, 0x0211, 0x0211, 0x0211, 0x0211, 0x0211, 0x0211, 0x0211, 0x0211, 0x0211, 0x0211, 0x0211, 0x0211,
    0x0211, 0x0211, 0x0211, 0x0211, 0x0211, 0x0211, 0x0211, 0x0212, 0x0211, 0x0211, 0x0211, 0x0211, 0x0211, 0x0211, 0x0211, 0x0211,
    0x0211, 0x0211, 0x0211, 0x0211, 0x0211, 0x0211, 0x0211, 0x0211, 0x0211, 0x0211, 0x0211, 0x01F1, 0x0211, 0x0211, 0x0211, 0x0211,
    0x0211, 0x0211, 0x0211, 0x0211, 0x0211, 0x0211, 0x0211, 0x0211, 0x0211, 0x0211, 0x0211, 0x0211, 0x0211, 0x0211, 0x0211, 0x0211,
    0x0211, 0x0211, 0x0211, 0x0211, 0x0211, 0x0211, 0x0211, 0x0211, 0x0211, 0x0211, 0x0211, 0x0211, 0x0211, 0x0211, 0x0211, 0x0211,
    0x0211, 0x0211, 0x0211, 0x0211, 0x0211, 0x0211, 0x0211, 0x0211, 0x0211, 0x0212, 0x0212, 0x0211, 0x0211, 0x0211, 0x0211, 0x0211,
    0x0211, 0x0211, 0x0212, 0x0212, 0x0212, 0x0211, 0x0211, 0x0212, 0x0212, 0x0211, 0x0212, 0x0212, 0x0212, 0x0212, 0x0212, 0x0212,
    0x0211, 0x0211, 0x0211, 0x0211, 0x0211, 0x0211, 0x0211, 0x0211, 0x0211, 0x0211, 0x0211, 0x0211, 0x0211, 0x0211, 0x0211, 0x0211,
    0x0211, 0x0211, 0x0211, 0x0212, 0x0211, 0x0212, 0x0212, 0x0211, 0x0211, 0x0211, 0x0211, 0x0211, 0x0211, 0x0211, 0x0211, 0x0211,
    0x0211, 0x0211, 0x0211, 0x0211, 0x0211, 0x0212, 0x0212, 0x0212, 0x0211, 0x0212, 0x0211, 0x0211, 0x0211, 0x0211, 0x0211, 0x0211,
    0x0211, 0x0211, 0x0211, 0x0211, 0x0211, 0x0211, 0x0211, 0x0211, 0x0211, 0x0211, 0x0211, 0x0212, 0x0211, 0x0211, 0x0212, 0x0212,
    0x0211, 0x0211, 0x0211, 0x0211, 0x0212, 0x0211, 0x0211, 0x0211, 0x0212, 0x0212, 0x0212, 0x0211, 0x0212, 0x0211, 0x0211, 0x0211,
    0x0211, 0x0211, 0x0211, 0x0211, 0x0211, 0x0211, 0x0211, 0x0211, 0x0211, 0x0211, 0x0211, 0x0211, 0x0211, 0x0211, 0x0211, 0x0211,
    0x0211, 0x0211, 0x0211, 0x0211, 0x0211, 0x0211, 0x0212, 0x0212, 0x0212, 0x0212, 0x0211, 0x0211, 0x0211, 0x0211, 0x0211, 0x0211,
    0x0211, 0x0211, 0x0211, 0x0211, 0x0211, 0x0211, 0x0211, 0x0211, 0x0211, 0x0211, 0x0211, 0x0211, 0x0211, 0x0211, 0x0211, 0x0211,
    0x0211, 0x0211, 0x0211, 0x0211, 0x0211, 0x0211, 0x0211, 0x0211, 0x0211, 0x0211, 0x0211, 0x0211, 0x0211, 0x0211, 0x0211, 0x0211,
    0x0211, 0x0211, 0x0211, 0x0211, 0x0211, 0x0211, 0x0212, 0x0211, 0x0211, 0x0211, 0x0211, 0x0211, 0x0211, 0x0211, 0x0211, 0x0211,
    0x0211, 0x0211, 0x0211, 0x0211, 0x0211, 0x0211, 0x0211, 0x0211, 0x0211, 0x0211, 0x0211, 0x0211, 0x0211, 0x0211, 0x0211, 0x0211,
    0x0211, 0x0211, 0x0211, 0x0211, 0x0211, 0x0211, 0x0211, 0x0212, 0x0211, 0x0211, 0x0212, 0x0212, 0x0211, 0x0211, 0x0211, 0x0211,
    0x0211, 0x0211, 0x01F1, 0x0211, 0x0211, 0x0211, 0x0211, 0x0211, 0x0211, 0x0211, 0x0211, 0x0211, 0x0211, 0x0211, 0x0211, 0x0211,
    0x0211, 0x0211, 0x0211, 0x0211, 0x0211, 0x0211, 0x0211, 0x0211, 0x0211, 0x0211, 0x0211, 0x0211, 0x0211, 0x0211, 0x0211, 0x0211,
    0x0211, 0x0211, 0x0211, 0x0211, 0x0211, 0x0211, 0x0211, 0x0211, 0x0211, 0x0211, 0x0211, 0x0211, 0x0211, 0x0211, 0x0211, 0x0211,
    0x0211, 0x0211, 0x0211, 0x0211, 0x0211, 0x0211, 0x0211, 0x0211, 0x0211, 0x0211, 0x0211, 0x0211, 0x0211, 0x0211, 0x0211, 0x0211,
    0x0211, 0x0212, 0x0211, 0x0211, 0x0211, 0x0211, 0x0211, 0x0211, 0x0211, 0x0211, 0x0211, 0x0211, 0x0211, 0x0211, 0x0211, 0x0211,
    0x0211, 0x0211, 0x0211, 0x0211, 0x0211, 0x0211, 0x0211, 0x0211, 0x0211, 0x0211, 0x0211, 0x0211, 0x0211, 0x0211, 0x0211, 0x0211,
    0x0211, 0x0211, 0x0211, 0x0211, 0x0211, 0x0211, 0x0211, 0x0211, 0x0211, 0x0212, 0x0211, 0x0211, 0x0212, 0x0211, 0x0211, 0x0212,
    0x0212, 0x0212, 0x0212, 0x0212, 0x0212, 0x0212, 0x0212, 0x0211, 0x0212, 0x0212, 0x0212, 0x0212, 0x0212, 0x0212, 0x0211, 0x0212,
    0x0212, 0x0212, 0x0212, 0x0212, 0x0211, 0x0211, 0x0211, 0x0211, 0x0211, 0x0211, 0x0211, 0x0211, 0x0211, 0x0211, 0x0211, 0x0212,
    0x0212, 0x0211, 0x0212, 0x0212, 0x0211, 0x0212, 0x0211, 0x0211, 0x0211, 0x0211, 0x0211, 0x0211, 0x0211, 0x0211, 0x0211, 0x0211,
    0x0211, 0x0211, 0x0211, 0x0211, 0x0211, 0x0212, 0x0212, 0x0212, 0x0212, 0x0212, 0x0212, 0x0212, 0x0212, 0x0211, 0x0211, 0x0211,
    0x0211, 0x0212, 0x0211, 0x0211, 0x0211, 0x0212, 0x0211, 0x0212, 0x0212, 0x01F2, 0x01F1, 0x01D1, 0x01B0, 0x01B1, 0x01B0, 0x01B1,
    0x01F1, 0x0212, 0x0212, 0x0212, 0x0211, 0x0211, 0x0211, 0x0212, 0x0211, 0x0212, 0x0212, 0x0212, 0x0212, 0x0212, 0x0212, 0x0212,
    0x0211, 0x0211, 0x0212, 0x0212, 0x0211, 0x0211, 0x0211, 0x0211, 0x0211, 0x0212, 0x0212, 0x0211, 0x0212, 0x0211, 0x0211, 0x0212,
    0x0211, 0x0211, 0x0212, 0x0212, 0x0212, 0x0212, 0x0212, 0x0212, 0x0212, 0x0212, 0x0211, 0x0212, 0x0212, 0x0211, 0x0211, 0x0211,
    0x0211, 0x0211, 0x0211, 0x0211, 0x0211, 0x0211, 0x0211, 0x0211, 0x0211, 0x0211, 0x0211, 0x0211, 0x0211, 0x0211, 0x0211, 0x0211,
    0x0211, 0x0211, 0x0211, 0x0211, 0x0211, 0x0211, 0x0211, 0x0211, 0x0211, 0x0211, 0x0211, 0x0211, 0x0211, 0x0211, 0x0211, 0x0211,
    0x0211, 0x0211, 0x0211, 0x0211, 0x0211, 0x0212, 0x0211, 0x0211, 0x0211, 0x0211, 0x0211, 0x0211, 0x0211, 0x01F1, 0x0211, 0x0211,
    0x01F1, 0x0211, 0x0211, 0x0211, 0x0211, 0x0212, 0x0211, 0x0211, 0x0211, 0x0211, 0x0211, 0x0211, 0x0211, 0x0212, 0x0211, 0x0211,
    0x0211, 0x0211, 0x0212, 0x0211, 0x0211, 0x0211, 0x0212, 0x0212, 0x0211, 0x0212, 0x0212, 0x0212, 0x0211, 0x0212, 0x0212, 0x0212,
    0x0212, 0x0212, 0x0211, 0x0212, 0x0212, 0x0212, 0x0212, 0x0212, 0x0211, 0x0211, 0x0211, 0x0211, 0x0211, 0x0212, 0x0212, 0x0212,
    0x0211, 0x0211, 0x0211, 0x0211, 0x0212, 0x0211, 0x0211, 0x0211, 0x0211, 0x0211, 0x0211, 0x0211, 0x0211, 0x0211, 0x0211, 0x0211,
    0x0211, 0x0211, 0x0211, 0x0211, 0x0211, 0x0211, 0x0211, 0x0211, 0x0211, 0x0211, 0x0211, 0x0211, 0x0211, 0x0211, 0x0211, 0x0211,
    0x0211, 0x0211, 0x0211, 0x0211, 0x0211, 0x0211, 0x0211, 0x0211, 0x0211, 0x0211, 0x0211, 0x0211, 0x0211, 0x0211, 0x0211, 0x0211,
    0x0211, 0x0212, 0x0211, 0x0211, 0x0212, 0x0211, 0x0211, 0x0211, 0x0211, 0x0211, 0x0211, 0x0211, 0x0211, 0x0211, 0x0211, 0x0211,
    0x0211, 0x0211, 0x0211, 0x0211, 0x0211, 0x0212, 0x0211, 0x0211, 0x0211, 0x0211, 0x0211, 0x0212, 0x0212, 0x0211, 0x0211, 0x0211,
    0x0211, 0x0211, 0x0211, 0x0211, 0x0211, 0x0211, 0x0211, 0x0211, 0x0211, 0x0212, 0x0211, 0x0212, 0x0212, 0x0212, 0x0212, 0x0212,
    0x0212, 0x0212, 0x0212, 0x0212, 0x0212, 0x0212, 0x0212, 0x0212, 0x0212, 0x0212, 0x0212, 0x0212, 0x0212, 0x0212, 0x0212, 0x0212,
    0x0212, 0x0212, 0x0212, 0x0212, 0x0212, 0x0212, 0x0212, 0x0212, 0x0212, 0x0211, 0x0211, 0x0212, 0x0212, 0x0212, 0x0212, 0x0212,
    0x0212, 0x0212, 0x0212, 0x0212, 0x0212, 0x0212, 0x0212, 0x0212, 0x0212, 0x0212, 0x0212, 0x0212, 0x0212, 0x0232, 0x0232, 0x0212,
    0x0211, 0x0211, 0x0211, 0x0211, 0x0212, 0x0212, 0x0212, 0x0212, 0x0212, 0x0212, 0x0212, 0x0212, 0x0212, 0x0212, 0x0212, 0x0212,
    0x0212, 0x0212, 0x0212, 0x0212, 0x01F1, 0x01D1, 0x01F2, 0x01F1, 0x01F1, 0x0A31, 0x1A92, 0x2AB1, 0x4352, 0x4B10, 0x5BB2, 0x5392,
    0x2A8F, 0x1230, 0x0A31, 0x0211, 0x0212, 0x0212, 0x0211, 0x0212, 0x0212, 0x0212, 0x0212, 0x0212, 0x0212, 0x0212, 0x0212, 0x0212,
    0x0212, 0x0212, 0x0212, 0x0212, 0x0212, 0x0212, 0x0212, 0x0212, 0x0212, 0x0212, 0x0212, 0x0212, 0x0212, 0x0212, 0x0212, 0x0212,
    0x0212, 0x0212, 0x0212, 0x0212, 0x0212, 0x0212, 0x0212, 0x0212, 0x0212, 0x0212, 0x0212, 0x0212, 0x0211, 0x0211, 0x0211, 0x0211,
    0x0211, 0x0211, 0x0211, 0x0212, 0x0211, 0x0211, 0x0211, 0x0211, 0x0211, 0x0211, 0x0211, 0x0211, 0x0211, 0x0211, 0x0211, 0x0211,
    0x0211, 0x0211, 0x0211, 0x0211, 0x0211, 0x0211, 0x0211, 0x0211, 0x0211, 0x0211, 0x0211, 0x0211, 0x0211, 0x0211, 0x0211, 0x0212,
    0x0212, 0x0212, 0x0212, 0x0212, 0x0212, 0x0212, 0x0212, 0x0212, 0x0212, 0x0212, 0x0212, 0x0212, 0x0212, 0x0212, 0x0212, 0x0212,
    0x0212, 0x0212, 0x0211, 0x0212, 0x0212, 0x0212, 0x0212, 0x0211, 0x0211, 0x0212, 0x0212, 0x0212, 0x0212, 0x0212, 0x0212, 0x0212,
    0x0212, 0x0212, 0x0212, 0x0212, 0x0212, 0x0212, 0x0212, 0x0212, 0x0212, 0x0212, 0x0212, 0x0212, 0x0212, 0x0212, 0x0212, 0x0212,
    0x0212, 0x0212, 0x0212, 0x0212, 0x0212, 0x0212, 0x0212, 0x0212, 0x0212, 0x0212, 0x0212, 0x0212, 0x0212, 0x0212, 0x0212, 0x0212,
    0x0212, 0x0212, 0x0212, 0x0212, 0x0212, 0x0212, 0x0212, 0x0212, 0x0211, 0x0211, 0x0211, 0x0211, 0x0211, 0x0211, 0x0211, 0x0211,
    0x0211, 0x0211, 0x0211, 0x0211, 0x0211, 0x0211, 0x0211, 0x0211, 0x0211, 0x0211, 0x0211, 0x0211, 0x0211, 0x0211, 0x0211, 0x0211,
    0x0211, 0x0211, 0x0212, 0x0211, 0x0211, 0x0211, 0x0211, 0x0211, 0x0211, 0x0211, 0x0211, 0x0211, 0x0211, 0x0211, 0x0212, 0x0211,
    0x0211, 0x0212, 0x0212, 0x0212, 0x0211, 0x0211, 0x0211, 0x0211, 0x0211, 0x0211, 0x0211, 0x0211, 0x0211, 0x0211, 0x0211, 0x0211,
    0x0211, 0x0211, 0x0211, 0x0211, 0x0211, 0x0211, 0x0211, 0x0212, 0x0211, 0x0212, 0x0211, 0x0211, 0x0212, 0x0211, 0x0211, 0x0211,
    0x0211, 0x0211, 0x0211, 0x0212, 0x0211, 0x0211, 0x0212, 0x0211, 0x0211, 0x0212, 0x0212, 0x0212, 0x0212, 0x0212, 0x0212, 0x0212,
    0x0212, 0x0212, 0x0212, 0x0212, 0x0212, 0x0211, 0x0211, 0x0212, 0x0212, 0x0212, 0x0212, 0x0212, 0x0212, 0x0212, 0x0212, 0x0212,
    0x0212, 0x0212, 0x0212, 0x0212, 0x0212, 0x0212, 0x0212, 0x0212, 0x0212, 0x0212, 0x0212, 0x0212, 0x0212, 0x0212, 0x0212, 0x0212,
    0x0211, 0x0212, 0x0212, 0x0212, 0x0212, 0x01F1, 0x01F1, 0x01B1, 0x01B0, 0x01D1, 0x01D0, 0x01D0, 0x01F1, 0x01F1, 0x01D1, 0x01F1,
    0x0212, 0x0212, 0x0212, 0x0211, 0x0211, 0x0212, 0x0212, 0x0212, 0x0212, 0x0212, 0x0212, 0x0212, 0x0212, 0x0211, 0x0211, 0x0211,
    0x0211, 0x0211, 0x01F1, 0x0A31, 0x22B2, 0x3B33, 0x1A70, 0x2AB0, 0x4B30, 0x9CD2, 0xC617, 0xE71B, 0xEEF8, 0xCDD1, 0xC5B1, 0xBD71,
    0x9C8D, 0x8C0D, 0x7C0E, 0x4B2F, 0x0A10, 0x01F1, 0x0212, 0x0212, 0x0212, 0x0212, 0x0212, 0x0212, 0x0212, 0x0212, 0x0212, 0x0212,
    0x0212, 0x0212, 0x0212, 0x0212, 0x0212, 0x0212, 0x0212, 0x0212, 0x0212, 0x0212, 0x0212, 0x0212, 0x0212, 0x0212, 0x0212, 0x0212,
    0x0212, 0x0212, 0x0212, 0x0211, 0x0212, 0x0212, 0x0212, 0x0212, 0x0212, 0x0212, 0x0212, 0x0212, 0x0212, 0x0212, 0x0211, 0x0211,
    0x0211, 0x0211, 0x0211, 0x0212, 0x0212, 0x0211, 0x0211, 0x0211, 0x01F1, 0x0211, 0x0211, 0x0211, 0x0211, 0x0211, 0x0211, 0x0211,
    0x0211, 0x0211, 0x0211, 0x0211, 0x0211, 0x0211, 0x01F1, 0x0211, 0x0211, 0x0212, 0x0212, 0x0211, 0x0212, 0x0211, 0x0211, 0x0212,
    0x0212, 0x0212, 0x0212, 0x0212, 0x0212, 0x0212, 0x0212, 0x0211, 0x0212, 0x0212, 0x0212, 0x0212, 0x0212, 0x0212, 0x0212, 0x0212,
    0x0212, 0x0212, 0x0212, 0x0212, 0x0212, 0x0212, 0x0212, 0x0211, 0x0211, 0x0211, 0x0212, 0x0212, 0x0212, 0x0212, 0x0212, 0x0212,
    0x0212, 0x0212, 0x0212, 0x0212, 0x0212, 0x0212, 0x0212, 0x0212, 0x0212, 0x0212, 0x0212, 0x0212, 0x0212, 0x0211, 0x0212, 0x0212,
    0x0212, 0x0212, 0x0212, 0x0212, 0x0212, 0x0212, 0x0212, 0x0212, 0x0212, 0x0212, 0x0212, 0x0212, 0x0212, 0x0212, 0x0212, 0x0212,
    0x0212, 0x0212, 0x0212, 0x0212, 0x0212, 0x0212, 0x0212, 0x0212, 0x0212, 0x0211, 0x0211, 0x0211, 0x0211, 0x0211, 0x0211, 0x0211,
    0x0211, 0x0211, 0x0211, 0x0211, 0x0211, 0x0211, 0x0211, 0x0211, 0x0211, 0x0211, 0x0211, 0x0211, 0x0211, 0x0211, 0x0211, 0x0211,
    0x0211, 0x0211, 0x0211, 0x0211, 0x01F1, 0x0211, 0x0211, 0x0211, 0x0211, 0x0211, 0x0211, 0x0212, 0x0212, 0x0211, 0x0212, 0x0212,
    0x0212, 0x0212, 0x0212, 0x0212, 0x0212, 0x0212, 0x0211, 0x0211, 0x0211, 0x0211, 0x0211, 0x0211, 0x0211, 0x0211, 0x0211, 0x0211,
    0x0211, 0x0211, 0x0211, 0x0211, 0x0212, 0x0212, 0x0212, 0x0212, 0x0211, 0x0212, 0x0212, 0x0212, 0x0212, 0x0211, 0x0211, 0x0211,
    0x0211, 0x0212, 0x0211, 0x0212, 0x0212, 0x0212, 0x0212, 0x0212, 0x0212, 0x0212, 0x0212, 0x0212, 0x0212, 0x0212, 0x0212, 0x0212,
    0x0212, 0x0212, 0x0212, 0x0212, 0x0212, 0x0212, 0x0212, 0x0212, 0x0212, 0x0212, 0x0212, 0x0212, 0x0212, 0x0212, 0x0212, 0x0212,
    0x0212, 0x0212, 0x0212, 0x0212, 0x0212, 0x0212, 0x0212, 0x0212, 0x0212, 0x0212, 0x0212, 0x0212, 0x0212, 0x0211, 0x0211, 0x0212,
    0x0232, 0x0232, 0x0211, 0x0211, 0x1251, 0x1A71, 0x3AF1, 0x63F3, 0x7C95, 0x5B70, 0x8494, 0x84B5, 0x84B5, 0x7C95, 0x4B92, 0x32F1,
    0x09F0, 0x0A31, 0x0211, 0x0212, 0x0212, 0x0212, 0x0212, 0x0212, 0x0212, 0x0212, 0x0212, 0x0212, 0x0212, 0x0212, 0x01F1, 0x0211,
    0x0A31, 0x1230, 0x5B71, 0x8C70, 0x9CB0, 0xBDF6, 0x9CD1, 0x9CD2, 0x944F, 0xAD32, 0xBDB4, 0xA4D0, 0xA4AF, 0x9C8F, 0x946F, 0xAD75,
    0xBDB5, 0xB551, 0x9C6C, 0x9C6D, 0x6B8D, 0x1A2E, 0x01CF, 0x01D0, 0x0212, 0x0212, 0x0212, 0x0212, 0x0212, 0x0212, 0x0212, 0x0212,
    0x0212, 0x0212, 0x0212, 0x0212, 0x0212, 0x0212, 0x0212, 0x0212, 0x0212, 0x0212, 0x0212, 0x0212, 0x0212, 0x0212, 0x0212, 0x0212,
    0x0212, 0x0212, 0x0212, 0x0212, 0x0212, 0x0212, 0x0212, 0x0212, 0x0212, 0x0212, 0x0212, 0x0212, 0x0212, 0x0212, 0x0212, 0x0211,
    0x0211, 0x0212, 0x0212, 0x0212, 0x0212, 0x0211, 0x0211, 0x0211, 0x0211, 0x0211, 0x0211, 0x0211, 0x0211, 0x0211, 0x0211, 0x0211,
    0x0211, 0x0211, 0x0211, 0x0212, 0x0212, 0x0212, 0x0212, 0x0212, 0x0212, 0x0212, 0x0212, 0x0212, 0x0212, 0x0212, 0x0212, 0x0212,
    0x0212, 0x0212, 0x0212, 0x0212, 0x0212, 0x0212, 0x0212, 0x0212, 0x0211, 0x0212, 0x0211, 0x0212, 0x0212, 0x0212, 0x0212, 0x0212,
    0x0212, 0x0212, 0x0212, 0x0212, 0x0212, 0x0212, 0x0212, 0x0212, 0x0212, 0x0212, 0x0212, 0x0212, 0x0212, 0x0212, 0x0212, 0x0212,
    0x0212, 0x0212, 0x0212, 0x0212, 0x0212, 0x0212, 0x0212, 0x0212, 0x0212, 0x0212, 0x0212, 0x0212, 0x0212, 0x0212, 0x0212, 0x0212,
    0x0212, 0x0212, 0x0212, 0x0212, 0x0212, 0x0212, 0x0212, 0x0212, 0x0212, 0x0212, 0x0212, 0x0212, 0x0212, 0x0212, 0x0212, 0x0212,
    0x0212, 0x0212, 0x0212, 0x0212, 0x0212, 0x0212, 0x0212, 0x0212, 0x0212, 0x0211, 0x0212, 0x0212, 0x0211, 0x0211, 0x0211, 0x0211,
    0x0211, 0x0211, 0x0211, 0x0211, 0x0212, 0x0211, 0x0211, 0x0211, 0x0211, 0x0211, 0x0211, 0x0211, 0x0211, 0x0211, 0x0211, 0x0211,
    0x0212, 0x01F1, 0x0212, 0x0212, 0x0212, 0x0211, 0x0211, 0x0211, 0x0211, 0x0212, 0x0212, 0x0211, 0x0211, 0x0211, 0x0212, 0x0212,
    0x0212, 0x0212, 0x0212, 0x0212, 0x0212, 0x0212, 0x0211, 0x0211, 0x0211, 0x0211, 0x0211, 0x0211, 0x0211, 0x0211, 0x0211, 0x0211,
    0x0211, 0x0211, 0x0211, 0x0212, 0x0211, 0x0211, 0x0211, 0x0212, 0x0212, 0x0212, 0x0212, 0x0211, 0x0211, 0x0212, 0x0212, 0x0211,
    0x0212, 0x0212, 0x0212, 0x0212, 0x0212, 0x0212, 0x0212, 0x0212, 0x0212, 0x0212, 0x0212, 0x0212, 0x0212, 0x0212, 0x0212, 0x0212,
    0x0212, 0x0212, 0x0212, 0x0212, 0x0212, 0x0212, 0x0212, 0x0212, 0x0212, 0x0212, 0x0212, 0x0212, 0x0212, 0x0212, 0x0212, 0x0212,
    0x0212, 0x0212, 0x0212, 0x0212, 0x0212, 0x0212, 0x0212, 0x0212, 0x0212, 0x0212, 0x0212, 0x0212, 0x0212, 0x0232, 0x0212, 0x01D1,
    0x01D0, 0x01D1, 0x1251, 0x6C54, 0xADB7, 0xBE17, 0xD699, 0xC5F6, 0xD677, 0xDE77, 0xC5B4, 0xEF3B, 0xDEFA, 0xC5D5, 0xC5F5, 0xA534,
    0xAD75, 0xAD32, 0x6BD0, 0x0A0F, 0x0A31, 0x0212, 0x0212, 0x01F2, 0x01F2, 0x01F2, 0x01F2, 0x01F2, 0x0212, 0x0A31, 0x1A91, 0x01D0,
    0x1A2F, 0x5B4F, 0x842F, 0xA4F1, 0xBE18, 0x9CF1, 0x944E, 0xBD94, 0xDEDA, 0xF79D, 0xDEDA, 0xB594, 0xDE96, 0xC570, 0xCDD2, 0xDE75,
    0xCDB1, 0xD5B0, 0xC54D, 0xB48A, 0xAC6A, 0xAC8B, 0x9C6C, 0x6BAE, 0x1230, 0x0212, 0x0212, 0x0212, 0x0212, 0x0212, 0x0212, 0x0212,
    0x0212, 0x0212, 0x0212, 0x0212, 0x0212, 0x0212, 0x0212, 0x0212, 0x0212, 0x0212, 0x0212, 0x0212, 0x0212, 0x0212, 0x0212, 0x0212,
    0x0212, 0x0212, 0x0212, 0x0212, 0x0212, 0x0212, 0x0212, 0x0212, 0x0212, 0x0212, 0x0212, 0x0212, 0x0211, 0x0212, 0x0211, 0x0211,
    0x0211, 0x0211, 0x0211, 0x0211, 0x0212, 0x0212, 0x0212, 0x0211, 0x0211, 0x0211, 0x0211, 0x0211, 0x0211, 0x0211, 0x0211, 0x0211,
    0x0211, 0x0212, 0x0211, 0x0212, 0x0212, 0x0212, 0x0212, 0x0212, 0x0211, 0x0212, 0x0212, 0x0212, 0x0212, 0x0211, 0x0211, 0x0212,
    0x0212, 0x0212, 0x0212, 0x0212, 0x0212, 0x0212, 0x0212, 0x0212, 0x0212, 0x0212, 0x0212, 0x0212, 0x0212, 0x0212, 0x0212, 0x0212,
    0x0212, 0x0212, 0x0212, 0x0212, 0x0212, 0x0212, 0x0212, 0x0211, 0x0211, 0x0212, 0x0212, 0x0212, 0x0212, 0x0212, 0x0212, 0x0212,
    0x0212, 0x0212, 0x0212, 0x0212, 0x0212, 0x0212, 0x0212, 0x0212, 0x0212, 0x0212, 0x0212, 0x0212, 0x0212, 0x0212, 0x0212, 0x0212,
    0x0212, 0x0212, 0x0212, 0x0212, 0x0212, 0x0212, 0x0212, 0x0212, 0x0212, 0x0212, 0x0212, 0x0212, 0x0212, 0x0212, 0x0212, 0x0212,
    0x0212, 0x0212, 0x0212, 0x0212, 0x0212, 0x0212, 0x0212, 0x0212, 0x0212, 0x0212, 0x0212, 0x0212, 0x0211, 0x0211, 0x0211, 0x0211,
    0x0211, 0x0211, 0x0212, 0x0212, 0x0212, 0x0212, 0x0211, 0x0212, 0x0211, 0x0211, 0x0211, 0x0211, 0x0211, 0x0211, 0x0211, 0x0212,
    0x0211, 0x0211, 0x0212, 0x0212, 0x0212, 0x0211, 0x0211, 0x0211, 0x0212, 0x0212, 0x0212, 0x0212, 0x0211, 0x0212, 0x0212, 0x0212,
    0x0211, 0x0212, 0x0211, 0x0212, 0x0212, 0x0212, 0x0212, 0x0212, 0x0211, 0x0211, 0x0211, 0x0211, 0x0211, 0x0211, 0x0211, 0x0211,
    0x0211, 0x0211, 0x0211, 0x0212, 0x0211, 0x0212, 0x0212, 0x0212, 0x0212, 0x0212, 0x0212, 0x0212, 0x0211, 0x0212, 0x0212, 0x0211,
    0x0212, 0x0212, 0x0211, 0x0212, 0x0212, 0x0212, 0x0212, 0x0212, 0x0212, 0x0212, 0x0212, 0x0212, 0x0212, 0x0212, 0x0212, 0x0212,
    0x0212, 0x0212, 0x0212, 0x0212, 0x0212, 0x0212, 0x0212, 0x0212, 0x0212, 0x0212, 0x0212, 0x0212, 0x0212, 0x0212, 0x0212, 0x0212,
    0x0212, 0x0212, 0x0212, 0x0212, 0x0212, 0x0212, 0x0212, 0x0212, 0x0212, 0x0212, 0x0212, 0x01F1, 0x01D1, 0x01D0, 0x018F, 0x4B73,
    0x84B6, 0x3AF1, 0x6C55, 0xC638, 0xE6FB, 0xEF7D, 0xFFDF, 0xE71C, 0xDEFB, 0xF79E, 0xE73C, 0xF79E, 0xDEDB, 0xCE58, 0xC5D5, 0xCE14,
    0xC591, 0xBD0D, 0xB4AC, 0xB50F, 0x5391, 0x01B1, 0x01F1, 0x1230, 0x1A2F, 0x3ACE, 0x4310, 0x2AB1, 0x1251, 0x4311, 0xB5B5, 0x9516,
    0x42F0, 0x5B6F, 0x8C4F, 0x9C6E, 0xD677, 0xDEB8, 0xDED9, 0xD658, 0xEF3C, 0xEF5C, 0xDEB8, 0xCDD3, 0xBD0E, 0xC54F, 0xC56F, 0xBD0E,
    0xA44B, 0x9C2B, 0xA46B, 0xAC8B, 0xB4CC, 0xA48C, 0x8C2C, 0x4B0E, 0x0A10, 0x0212, 0x0211, 0x0232, 0x0232, 0x0212, 0x0232, 0x0232,
    0x0212, 0x0212, 0x0212, 0x0212, 0x0212, 0x0212, 0x0212, 0x0212, 0x0212, 0x0212, 0x0212, 0x0212, 0x0212, 0x0212, 0x0212, 0x0212,
    0x0212, 0x0212, 0x0212, 0x0212, 0x0212, 0x0212, 0x0212, 0x0212, 0x0212, 0x0212, 0x0212, 0x0211, 0x0211, 0x0211, 0x0211, 0x0212,
    0x0211, 0x0211, 0x0211, 0x0211, 0x0212, 0x0212, 0x0212, 0x0212, 0x0211, 0x0211, 0x0211, 0x0211, 0x0211, 0x0211, 0x0211, 0x0211,
    0x0211, 0x0212, 0x0212, 0x0212, 0x0212, 0x0211, 0x0212, 0x0212, 0x0212, 0x0212, 0x0212, 0x0212, 0x0212, 0x0212, 0x0212, 0x0212,
    0x01F2, 0x0212, 0x0212, 0x0212, 0x0212, 0x0212, 0x0211, 0x0212, 0x0212, 0x0212, 0x0212, 0x0212, 0x0212, 0x0212, 0x0212, 0x0212,
    0x0212, 0x0212, 0x0212, 0x0212, 0x0212, 0x0212, 0x0212, 0x0212, 0x0212, 0x0212, 0x0212, 0x0212, 0x0212, 0x0212, 0x0212, 0x0212,
    0x0212, 0x0212, 0x0212, 0x0212, 0x0212, 0x0212, 0x0212, 0x0212, 0x0212, 0x0212, 0x0212, 0x0212, 0x0212, 0x0212, 0x0212, 0x0212,
    0x0212, 0x0212, 0x0212, 0x0212, 0x0212, 0x0212, 0x0212, 0x0212, 0x0212, 0x0212, 0x0212, 0x0212, 0x0212, 0x0212, 0x0212, 0x0212,
    0x0212, 0x0212, 0x0212, 0x0212, 0x0212, 0x0212, 0x0212, 0x0212, 0x0212, 0x0212, 0x0212, 0x0212, 0x0211, 0x0211, 0x0211, 0x0211,
    0x0211, 0x0211, 0x0212, 0x0212, 0x0212, 0x0212, 0x0212, 0x0212, 0x0212, 0x0212, 0x0212, 0x0212, 0x0212, 0x0211, 0x0212, 0x0212,
    0x0211, 0x0212, 0x0212, 0x0212, 0x0212, 0x0211, 0x0211, 0x0211, 0x0212, 0x0212, 0x0212, 0x0212, 0x0212, 0x0211, 0x0212, 0x0212,
    0x0212, 0x0212, 0x0212, 0x0212, 0x0211, 0x0212, 0x0212, 0x0212, 0x0211, 0x0211, 0x0212, 0x0211, 0x0211, 0x0211, 0x0211, 0x0212,
    0x0211, 0x0211, 0x0212, 0x0212, 0x0212, 0x0212, 0x0212, 0x0212, 0x0212, 0x0212, 0x0212, 0x0212, 0x0212, 0x0212, 0x0212, 0x0212,
    0x0212, 0x0212, 0x0212, 0x0212, 0x0211, 0x0212, 0x0212, 0x0212, 0x0212, 0x0212, 0x0212, 0x0212, 0x0212, 0x0212, 0x0212, 0x0212,
    0x0212, 0x0212, 0x0212, 0x0211, 0x01F2, 0x0212, 0x0212, 0x0212, 0x0212, 0x0212, 0x0212, 0x0212, 0x0212, 0x0212, 0x0212, 0x0212,
    0x0212, 0x0212, 0x0212, 0x0212, 0x0211, 0x0212, 0x0212, 0x0212, 0x0212, 0x0232, 0x0211, 0x1271, 0x4B93, 0x9578, 0x8CF6, 0xBDD7,
    0xCE16, 0xC617, 0xAD96, 0xA576, 0xB5B6, 0xCE79, 0xE73C, 0xDEFB, 0xF7BE, 0xEF7D, 0xDEFB, 0xBDF6, 0x9470, 0x942D, 0xAC8B, 0xB4AB,
    0xAC8B, 0xB4CC, 0xA4CE, 0x534F, 0x2A90, 0x3B11, 0x5370, 0xA4F1, 0xB50F, 0xBD0D, 0xB530, 0x6B8E, 0x8450, 0x42EF, 0x9CD2, 0xCDD2,
    0xB530, 0x7BEF, 0x42AD, 0x9491, 0xD656, 0xDEB9, 0xF7BE, 0xFFFF, 0xF79D, 0xEF3C, 0xE6FA, 0xCE15, 0xBD93, 0xCE15, 0x9D13, 0x7C51,
    0x6B8F, 0x638F, 0x73EF, 0x842F, 0x5B8F, 0x120F, 0x430F, 0x5370, 0x01F0, 0x1272, 0x0A31, 0x01F1, 0x01F0, 0x0A31, 0x01D0, 0x0190,
    0x0212, 0x0212, 0x0212, 0x0212, 0x0212, 0x0212, 0x0212, 0x0212, 0x0212, 0x0212, 0x0212, 0x0212, 0x0212, 0x0212, 0x0212, 0x0212,
    0x0212, 0x0212, 0x0212, 0x0212, 0x0212, 0x0211, 0x0212, 0x0212, 0x0212, 0x0212, 0x0212, 0x0212, 0x0211, 0x0211, 0x0211, 0x0211,
    0x0211, 0x0211, 0x0211, 0x0211, 0x0212, 0x0212, 0x0212, 0x0212, 0x0212, 0x0212, 0x0211, 0x0211, 0x0211, 0x0211, 0x0211, 0x0212,
    0x0212, 0x0212, 0x0212, 0x0212, 0x01F1, 0x0212, 0x0212, 0x0212, 0x0211, 0x0212, 0x0212, 0x0211, 0x0212, 0x0212, 0x0212, 0x0A11,
    0x1272, 0x01F1, 0x0212, 0x0211, 0x01F1, 0x0212, 0x0211, 0x0212, 0x0212, 0x0212, 0x0212, 0x0212, 0x0212, 0x0212, 0x0212, 0x0212,
    0x0212, 0x0212, 0x0212, 0x0212, 0x0212, 0x0212, 0x0212, 0x0211, 0x0212, 0x0212, 0x0212, 0x0212, 0x0212, 0x0212, 0x0212, 0x0212,
    0x0211, 0x0212, 0x0211, 0x0212, 0x0212, 0x0212, 0x0212, 0x0212, 0x0212, 0x0212, 0x0212, 0x0212, 0x0212, 0x0212, 0x0212, 0x0212,
    0x0212, 0x0212, 0x0212, 0x0212, 0x0212, 0x0212, 0x0212, 0x0212, 0x0212, 0x0212, 0x0212, 0x0212, 0x0212, 0x0212, 0x0212, 0x0212,
    0x0212, 0x0212, 0x0212, 0x0212, 0x0212, 0x0212, 0x0212, 0x0212, 0x0212, 0x0212, 0x0212, 0x0212, 0x0212, 0x0212, 0x0211, 0x0212,
    0x0212, 0x0211, 0x0212, 0x0212, 0x0212, 0x0212, 0x0211, 0x0212, 0x0212, 0x0212, 0x0212, 0x0212, 0x0212, 0x0212, 0x0212, 0x0212,
    0x01F2, 0x0212, 0x0212, 0x0212, 0x0212, 0x0211, 0x0211, 0x0211, 0x0211, 0x0211, 0x0212, 0x0212, 0x0212, 0x0212, 0x0212, 0x0212,
    0x0212, 0x0212, 0x0212, 0x0212, 0x0212, 0x0212, 0x0212, 0x0212, 0x0212, 0x0211, 0x0212, 0x0212, 0x0212, 0x0212, 0x0212, 0x0212,
    0x0212, 0x0212, 0x0212, 0x0211, 0x0211, 0x0212, 0x0212, 0x0212, 0x0212, 0x0212, 0x0212, 0x0212, 0x0212, 0x0212, 0x0212, 0x0212,
    0x0212, 0x0212, 0x0212, 0x0212, 0x0212, 0x0212, 0x0212, 0x0212, 0x0212, 0x0212, 0x0212, 0x0212, 0x0212, 0x0212, 0x0212, 0x0212,
    0x0212, 0x0212, 0x0212, 0x0212, 0x0212, 0x0212, 0x0212, 0x0212, 0x0212, 0x0212, 0x0212, 0x0212, 0x0212, 0x0212, 0x0212, 0x0212,
    0x0212, 0x0212, 0x0212, 0x0212, 0x0212, 0x0212, 0x0212, 0x0212, 0x0212, 0x01B0, 0x3B53, 0x9557, 0xAD96, 0xCE37, 0xDEDA, 0xEF3C,
    0xDEFB, 0xEF5D, 0xF7BE, 0xF7BE, 0xEF9E, 0xE71C, 0xC638, 0xB5D7, 0xD69A, 0xC5F7, 0xB573, 0xA48E, 0xA4AD, 0xA46B, 0xA46B, 0x944D,
    0x6B6C, 0x636E, 0x1A50, 0x01B1, 0x3B10, 0xCD6F, 0xACAC, 0x9C4D, 0xCDB1, 0xCDD1, 0xA4AE, 0xB550, 0xCDD1, 0xC5B1, 0xC5D3, 0xD655,
    0xACAB, 0xC56F, 0xC5B3, 0xD699, 0xFFFF, 0xFFFF, 0xFFDF, 0xFFFF, 0xFFFF, 0xFFFF, 0xFFFF, 0xEF5C, 0xDEB8, 0xBDB4, 0x94F4, 0xCEDB,
    0xC5F5, 0xCDF4, 0xC5D3, 0x9C6E, 0x7411, 0x5B91, 0xC5D2, 0xAD0F, 0x09ED, 0x2291, 0x1A50, 0x2250, 0xADFA, 0xDF3D, 0xBE5B, 0x74B7,
    0x1251, 0x0212, 0x0212, 0x0212, 0x0212, 0x0212, 0x0212, 0x0212, 0x0212, 0x0212, 0x0212, 0x0212, 0x0212, 0x0212, 0x0212, 0x0212,
    0x0212, 0x0212, 0x0212, 0x0212, 0x0212, 0x0212, 0x0212, 0x0212, 0x0212, 0x0212, 0x0211, 0x0211, 0x0211, 0x0211, 0x0211, 0x0211,
    0x0211, 0x0211, 0x0211, 0x0211, 0x0212, 0x0212, 0x0212, 0x0212, 0x0212, 0x0212, 0x0212, 0x0211, 0x0211, 0x0211, 0x0211, 0x0212,
    0x0211, 0x0212, 0x0212, 0x01F1, 0x01F1, 0x0211, 0x0212, 0x0212, 0x0212, 0x0212, 0x0212, 0x0212, 0x0212, 0x01F1, 0x01F0, 0x3B12,
    0x3B12, 0x01F1, 0x0212, 0x22B2, 0x3313, 0x01F1, 0x0212, 0x0212, 0x0212, 0x0212, 0x0212, 0x0212, 0x0212, 0x0212, 0x0212, 0x0212,
    0x0212, 0x0212, 0x0212, 0x0212, 0x0212, 0x0212, 0x0212, 0x0212, 0x0212, 0x0212, 0x0212, 0x0212, 0x01F2, 0x01D1, 0x0212, 0x0212,
    0x0212, 0x01F1, 0x0212, 0x0212, 0x0211, 0x0212, 0x0212, 0x0212, 0x0212, 0x0212, 0x0212, 0x0212, 0x0212, 0x0212, 0x0212, 0x0212,
    0x0212, 0x0212, 0x0212, 0x0212, 0x0212, 0x0212, 0x0212, 0x0212, 0x0212, 0x0212, 0x0212, 0x0212, 0x0212, 0x0212, 0x0212, 0x0212,
    0x0212, 0x0212, 0x0212, 0x0212, 0x0212, 0x0212, 0x0212, 0x0212, 0x0212, 0x0212, 0x0212, 0x0212, 0x0212, 0x0212, 0x0212, 0x0212,
    0x0212, 0x0212, 0x0212, 0x0212, 0x0212, 0x0212, 0x0212, 0x0212, 0x0212, 0x0212, 0x0212, 0x0212, 0x0211, 0x0212, 0x0212, 0x0212,
    0x0212, 0x0212, 0x0212, 0x0212, 0x0212, 0x0211, 0x0211, 0x0211, 0x0212, 0x0212, 0x0212, 0x0212, 0x0212, 0x0211, 0x0211, 0x0212,
    0x0212, 0x0212, 0x0212, 0x0212, 0x0212, 0x0212, 0x0212, 0x0212, 0x0212, 0x0211, 0x0212, 0x0212, 0x0212, 0x0211, 0x0211, 0x0212,
    0x0212, 0x01F2, 0x0212, 0x0212, 0x0212, 0x0212, 0x0212, 0x0212, 0x0212, 0x0212, 0x0212, 0x0212, 0x0212, 0x0212, 0x0212, 0x0212,
    0x0212, 0x0212, 0x0212, 0x0212, 0x0212, 0x0212, 0x0212, 0x0212, 0x0212, 0x0212, 0x0212, 0x0211, 0x0212, 0x0212, 0x0212, 0x0212,
    0x0212, 0x0212, 0x0212, 0x0212, 0x0212, 0x0212, 0x0212, 0x0212, 0x0212, 0x0212, 0x0212, 0x0212, 0x0212, 0x0212, 0x0212, 0x0212,
    0x0212, 0x0212, 0x0212, 0x0212, 0x0212, 0x0212, 0x0232, 0x01D1, 0x2AB1, 0x53B3, 0x09EF, 0x32F1, 0xAD75, 0xB575, 0xBE19, 0x9D36,
    0xAD96, 0xD6DB, 0xD6BA, 0xD6BA, 0xDEDA, 0xBDD6, 0x9CD2, 0xBD94, 0xAD11, 0xB511, 0xB551, 0xC592, 0xBD50, 0xAD10, 0x9C90, 0x9CB0,
    0x8450, 0x328F, 0x0A10, 0x1272, 0x3AF0, 0xD677, 0xF75B, 0xE6D9, 0xCDF4, 0xD634, 0xCDB2, 0xC5B1, 0xD634, 0xD5F2, 0xD614, 0xF77C,
    0xEF5B, 0xF77C, 0xFFFF, 0xFFFF, 0xFFDF, 0xFFDF, 0xFFFF, 0xFFFF, 0xFFFF, 0xFFFF, 0xFFDF, 0xFFFF, 0xFFFF, 0xFFDE, 0xFFFF, 0xF7BD,
    0xE6FA, 0xC5D5, 0xB552, 0xBDB4, 0xCE35, 0xCDB1, 0xACAD, 0x532D, 0x7C74, 0xCE78, 0xB5F8, 0xD6DC, 0xFFFF, 0xFFFF, 0xFFFF, 0xB63A,
    0x1271, 0x0212, 0x0212, 0x0212, 0x0212, 0x0212, 0x0212, 0x0212, 0x0212, 0x0212, 0x0212, 0x0212, 0x0212, 0x0212, 0x0212, 0x0212,
    0x0212, 0x0212, 0x0212, 0x0212, 0x0212, 0x0212, 0x0212, 0x0211, 0x0212, 0x0211, 0x0211, 0x0212, 0x0212, 0x0211, 0x0211, 0x0211,
    0x0211, 0x0211, 0x0211, 0x0211, 0x0211, 0x0212, 0x0212, 0x0212, 0x0212, 0x0212, 0x0212, 0x0211, 0x0212, 0x0212, 0x0212, 0x0212,
    0x0212, 0x0212, 0x0212, 0x0212, 0x0212, 0x01F2, 0x01F1, 0x01F1, 0x01F1, 0x01F1, 0x0212, 0x0212, 0x0A11, 0x2291, 0x3AF1, 0x4332,
    0x1230, 0x0A31, 0x01F0, 0x0A31, 0x01F0, 0x0A51, 0x0A32, 0x0212, 0x0212, 0x0212, 0x0212, 0x0212, 0x0212, 0x0212, 0x0212, 0x0212,
    0x0212, 0x0212, 0x01F1, 0x01F1, 0x0212, 0x0212, 0x0211, 0x0212, 0x0212, 0x0212, 0x0212, 0x0211, 0x1271, 0x2AF2, 0x0211, 0x01F1,
    0x01B0, 0x22B1, 0x01F0, 0x01D1, 0x0212, 0x0212, 0x0212, 0x0212, 0x0212, 0x0212, 0x0212, 0x0212, 0x0212, 0x0212, 0x0212, 0x0212,
    0x0212, 0x0212, 0x0212, 0x0212, 0x0212, 0x0212, 0x0212, 0x0212, 0x0212, 0x0212, 0x0212, 0x0212, 0x0212, 0x0212, 0x0212, 0x0212,
    0x0212, 0x0212, 0x0212, 0x0212, 0x0212, 0x0212, 0x0212, 0x0212, 0x0212, 0x0212, 0x0212, 0x0212, 0x0212, 0x0212, 0x0212, 0x0212,
    0x0212, 0x0212, 0x0212, 0x0212, 0x0212, 0x0212, 0x0212, 0x0212, 0x0212, 0x0212, 0x0212, 0x0212, 0x0212, 0x0212, 0x0212, 0x0212,
    0x0212, 0x0212, 0x0211, 0x0212, 0x0212, 0x0211, 0x0211, 0x0211, 0x0212, 0x0212, 0x0211, 0x0212, 0x0211, 0x0212, 0x0212, 0x0212,
    0x0212, 0x0212, 0x0212, 0x0212, 0x0212, 0x0212, 0x0212, 0x0212, 0x0212, 0x0212, 0x0212, 0x0212, 0x0212, 0x0212, 0x0212, 0x0212,
    0x0212, 0x0212, 0x0212, 0x0212, 0x0212, 0x0212, 0x0212, 0x0212, 0x0212, 0x0212, 0x0212, 0x0212, 0x0212, 0x0212, 0x0212, 0x0212,
    0x0212, 0x0212, 0x0212, 0x0212, 0x0212, 0x0212, 0x0212, 0x0212, 0x0212, 0x0212, 0x0212, 0x0212, 0x0212, 0x0212, 0x0212, 0x0212,
    0x0211, 0x0212, 0x0212, 0x0212, 0x0212, 0x0212, 0x0212, 0x0212, 0x0212, 0x0212, 0x0212, 0x0212, 0x0212, 0x0212, 0x0212, 0x0212,
    0x0212, 0x0212, 0x0212, 0x0212, 0x0212, 0x0212, 0x01D1, 0x3B32, 0x9D16, 0xD698, 0x7C52, 0x1210, 0x63D2, 0xBD94, 0xA534, 0x7C53,
    0xBE18, 0xCE38, 0xBDB5, 0xCE37, 0x9D14, 0x5B2D, 0x8C2E, 0x942D, 0xB553, 0xD698, 0xEF3B, 0xE71B, 0xCE58, 0xD678, 0xB573, 0x7410,
    0x1A2F, 0x2270, 0x9516, 0xAD54, 0xC659, 0xF79E, 0xF79E, 0xFFFF, 0xFFFF, 0xFFFF, 0xFFFF, 0xFFDE, 0xFFFF, 0xFFFF, 0xFFFF, 0xFFFF,
    0xFFFF, 0xFFFF, 0xFFFF, 0xFFDF, 0xFFFF, 0xFFFF, 0xFFFF, 0xFFFF, 0xFFFF, 0xFFFF, 0xFFFF, 0xFFDF, 0xFFDF, 0xFFFF, 0xFFDF, 0xFFFF,
    0xFFFF, 0xEF7D, 0xD677, 0xC591, 0xBD4F, 0xB530, 0x738C, 0x9D14, 0xEF19, 0xE6D9, 0xFFFF, 0xEF9E, 0xF7BE, 0xCEBB, 0x3B12, 0x01B0,
    0x0212, 0x0212, 0x0211, 0x0212, 0x0212, 0x0212, 0x0212, 0x0212, 0x0212, 0x0212, 0x0212, 0x0212, 0x0212, 0x0212, 0x0212, 0x0212,
    0x0212, 0x0212, 0x0212, 0x0212, 0x0212, 0x0212, 0x0212, 0x0212, 0x0212, 0x0212, 0x0211, 0x0212, 0x0212, 0x0211, 0x0212, 0x01F1,
    0x0212, 0x0212, 0x0212, 0x0212, 0x0211, 0x0212, 0x0212, 0x0212, 0x0212, 0x0212, 0x0212, 0x0212, 0x0212, 0x0212, 0x0212, 0x0212,
    0x0212, 0x0212, 0x0212, 0x0212, 0x01F1, 0x0A31, 0x1A92, 0x09EF, 0x5BF4, 0x2AD2, 0x01F1, 0x0211, 0x32F1, 0x7C74, 0x7C53, 0x4332,
    0x1230, 0x4311, 0x63F3, 0x1A70, 0x6435, 0xBE7B, 0x2AF2, 0x01F1, 0x0232, 0x0212, 0x0212, 0x0212, 0x0212, 0x0212, 0x0212, 0x0212,
    0x0212, 0x01F1, 0x1271, 0x2AD2, 0x01F1, 0x0212, 0x0211, 0x0212, 0x0212, 0x0212, 0x0212, 0x01F1, 0x1271, 0x3313, 0x01F0, 0x32F2,
    0xA598, 0xDEDB, 0x7C73, 0x1A70, 0x0211, 0x0212, 0x0212, 0x0212, 0x0212, 0x0212, 0x0212, 0x0212, 0x0212, 0x0212, 0x0212, 0x0212,
    0x0212, 0x0212, 0x0212, 0x0212, 0x0212, 0x0212, 0x0212, 0x0212, 0x0212, 0x0212, 0x0212, 0x0212, 0x0212, 0x0212, 0x0212, 0x0212,
    0x0212, 0x0212, 0x0212, 0x0212, 0x0212, 0x0212, 0x0212, 0x0212, 0x0212, 0x0212, 0x0212, 0x0212, 0x0212, 0x0212, 0x0212, 0x0212,
    0x0211, 0x0211, 0x0212, 0x0212, 0x0212, 0x0212, 0x0212, 0x0212, 0x0212, 0x0212, 0x0212, 0x0212, 0x0212, 0x0212, 0x0212, 0x0212,
    0x0212, 0x0212, 0x0211, 0x0211, 0x0211, 0x0211, 0x0212, 0x0211, 0x0212, 0x0212, 0x0212, 0x0211, 0x0212, 0x0212, 0x0212, 0x0212,
    0x0212, 0x0212, 0x0212, 0x0212, 0x0212, 0x0212, 0x0212, 0x0212, 0x0212, 0x0212, 0x0212, 0x0212, 0x0212, 0x0212, 0x0212, 0x0212,
    0x0212, 0x0211, 0x0212, 0x0212, 0x0212, 0x0212, 0x0212, 0x0212, 0x0212, 0x0212, 0x0212, 0x0212, 0x0212, 0x0212, 0x0212, 0x0212,
    0x0212, 0x0212, 0x0212, 0x0212, 0x0212, 0x0212, 0x0212, 0x0212, 0x0212, 0x0212, 0x0212, 0x0212, 0x0212, 0x0212, 0x0212, 0x0212,
    0x0212, 0x0212, 0x0212, 0x0212, 0x0212, 0x0212, 0x0212, 0x0212, 0x0212, 0x0212, 0x0212, 0x0212, 0x0212, 0x0212, 0x0212, 0x0212,
    0x0212, 0x0212, 0x0212, 0x01F1, 0x01F2, 0x01F1, 0x1A92, 0x7C73, 0xC5F6, 0xDEFA, 0xD677, 0x5B4E, 0x1A2F, 0x32F1, 0x2A90, 0x6C13,
    0x8CB4, 0x5350, 0x5370, 0x5B90, 0x530E, 0x73CE, 0xA512, 0xD699, 0xF7BE, 0xFFDF, 0xEF5D, 0xD699, 0xBDB4, 0xAD12, 0x430F, 0x01CF,
    0x5BD3, 0xCE37, 0xDE96, 0xBCEC, 0xC54F, 0xE6D9, 0xF7BE, 0xF7BE, 0xFFDF, 0xFFDF, 0xFFFF, 0xFFFF, 0xFFDF, 0xFFDF, 0xFFDF, 0xFFDF,
    0xFFDF, 0xFFDF, 0xFFFF, 0xFFFF, 0xFFFF, 0xFFFF, 0xFFFF, 0xFFFF, 0xFFFF, 0xFFFF, 0xFFDF, 0xFFFF, 0xFFFF, 0xFFFF, 0xFFDF, 0xFFFF,
    0xFFFF, 0xFFFF, 0xF7BE, 0xD677, 0x9C2D, 0x8BEB, 0xBD72, 0xDE55, 0xB50F, 0xB552, 0xB5D7, 0x84D5, 0x7475, 0x1230, 0x01D0, 0x0212,
    0x0212, 0x0212, 0x0212, 0x0212, 0x0212, 0x0212, 0x0212, 0x0211, 0x0212, 0x0212, 0x0212, 0x0212, 0x0212, 0x0212, 0x0212, 0x0212,
    0x0212, 0x0212, 0x0212, 0x0212, 0x0212, 0x0212, 0x0212, 0x0211, 0x0212, 0x0212, 0x0232, 0x01F1, 0x0210, 0x01CF, 0x018F, 0x0210,
    0x01D0, 0x0190, 0x01B0, 0x01F1, 0x0212, 0x0212, 0x0212, 0x0212, 0x01F1, 0x0211, 0x0212, 0x0212, 0x0212, 0x0212, 0x0212, 0x0212,
    0x0212, 0x0212, 0x0212, 0x01F1, 0x3312, 0x5BF3, 0x4B51, 0x7C74, 0xA598, 0x3B32, 0x0A11, 0x1A91, 0x3B12, 0x3B11, 0x53B2, 0x5BB3,
    0x32B0, 0xB61A, 0xADF9, 0x2AB1, 0x4B94, 0x2AF3, 0x01F1, 0x0212, 0x0212, 0x0212, 0x0212, 0x0212, 0x0212, 0x0212, 0x0212, 0x0212,
    0x0212, 0x0212, 0x0A11, 0x0A31, 0x01F1, 0x0212, 0x0211, 0x0212, 0x0212, 0x0211, 0x0211, 0x0212, 0x0211, 0x01F1, 0x01F0, 0x9557,
    0xFFFF, 0xFFDE, 0xFFBD, 0x4351, 0x01D1, 0x0212, 0x0212, 0x0212, 0x0212, 0x0212, 0x0212, 0x0212, 0x0212, 0x0212, 0x0212, 0x0212,
    0x0212, 0x0212, 0x0212, 0x0212, 0x0212, 0x0212, 0x0212, 0x0212, 0x0212, 0x0212, 0x0212, 0x0212, 0x0212, 0x0212, 0x0212, 0x0212,
    0x0212, 0x0212, 0x0212, 0x0212, 0x0212, 0x0212, 0x0212, 0x0212, 0x0212, 0x0212, 0x0212, 0x0212, 0x0212, 0x0212, 0x0211, 0x0211,
    0x0211, 0x0211, 0x0212, 0x0212, 0x0212, 0x0212, 0x0212, 0x0212, 0x0212, 0x0212, 0x0212, 0x0212, 0x0212, 0x0212, 0x0212, 0x0211,
    0x0212, 0x0212, 0x0211, 0x0211, 0x0211, 0x0211, 0x0211, 0x0211, 0x0212, 0x0212, 0x0211, 0x0212, 0x0212, 0x0212, 0x0212, 0x0212,
    0x0212, 0x0212, 0x0212, 0x0212, 0x0212, 0x0212, 0x0212, 0x0212, 0x0212, 0x0212, 0x0212, 0x0212, 0x0212, 0x0212, 0x0212, 0x0211,
    0x0212, 0x0212, 0x0212, 0x0212, 0x0212, 0x0212, 0x0212, 0x0212, 0x0212, 0x0212, 0x0212, 0x0211, 0x0212, 0x0212, 0x0212, 0x0212,
    0x0212, 0x0212, 0x0212, 0x0212, 0x0212, 0x0212, 0x0212, 0x0212, 0x0212, 0x0212, 0x0212, 0x0212, 0x0212, 0x0212, 0x0212, 0x0212,
    0x0212, 0x0212, 0x0212, 0x0212, 0x0212, 0x0212, 0x0212, 0x0212, 0x0212, 0x0212, 0x0212, 0x0212, 0x0212, 0x0212, 0x0212, 0x0212,
    0x0212, 0x0212, 0x01F1, 0x22B1, 0x1A71, 0x01D1, 0x32F2, 0x9D14, 0xBDB5, 0xDEDB, 0xEF5D, 0xCDF5, 0x840E, 0x5B8E, 0x3AF0, 0x430E,
    0x6BAE, 0x3AEF, 0x534F, 0xACF0, 0xCE15, 0xEF5C, 0xFFFF, 0xFFDF, 0xEF7E, 0xD6BA, 0xC658, 0xBDF6, 0x7C0F, 0x224E, 0x01D0, 0x2AD1,
    0xB594, 0xBD2F, 0xBCED, 0xBD0C, 0xB48A, 0xACAD, 0xEF5B, 0xFFFF, 0xFFDF, 0xFFFF, 0xFFFF, 0xFFFF, 0xFFFF, 0xFFFF, 0xFFDF, 0xFFFF,
    0xFFFF, 0xFFFF, 0xFFFF, 0xFFFF, 0xFFFF, 0xFFFF, 0xFFFF, 0xFFFF, 0xFFFF, 0xFFDF, 0xFFFF, 0xFFFF, 0xFFFF, 0xFFFF, 0xFFDF, 0xFFFF,
    0xFFFF, 0xFFDF, 0xFFFF, 0xFFDF, 0xD678, 0xB4EF, 0xBD2F, 0xC591, 0xBD70, 0x8C50, 0x94F4, 0x9D77, 0x3312, 0x01D0, 0x0231, 0x0211,
    0x0212, 0x0212, 0x0212, 0x0212, 0x0211, 0x0211, 0x0211, 0x0211, 0x0211, 0x0211, 0x0211, 0x0211, 0x0212, 0x0212, 0x0211, 0x0211,
    0x0212, 0x0212, 0x0212, 0x0212, 0x0212, 0x01D1, 0x01F2, 0x0212, 0x0212, 0x0A31, 0x01F0, 0x22B1, 0x84D5, 0xBE5B, 0x53B3, 0x5371,
    0x7454, 0x84D7, 0x53D4, 0x22B2, 0x0211, 0x0211, 0x0211, 0x0A31, 0x3B53, 0x1271, 0x01F1, 0x0211, 0x0211, 0x0212, 0x0212, 0x0212,
    0x0212, 0x0212, 0x0212, 0x0211, 0x01F1, 0x1A50, 0x63F3, 0x63D3, 0x2A90, 0x1A71, 0x1251, 0x4B93, 0x1A71, 0x2AD1, 0x84F6, 0x6413,
    0x4331, 0x2AB1, 0x1231, 0x01F1, 0x01B1, 0x01D1, 0x0212, 0x0212, 0x0212, 0x0212, 0x0212, 0x0212, 0x0212, 0x0212, 0x0212, 0x0212,
    0x0212, 0x0212, 0x01F1, 0x01F1, 0x01F1, 0x0211, 0x0212, 0x0211, 0x0212, 0x0212, 0x0212, 0x0212, 0x0212, 0x0211, 0x3AF0, 0xBDF7,
    0xC638, 0xBDF8, 0xB5D7, 0x6413, 0x01CF, 0x0A31, 0x0212, 0x0212, 0x0212, 0x0212, 0x0212, 0x0212, 0x0212, 0x0212, 0x0212, 0x0212,
    0x0212, 0x0212, 0x0212, 0x0212, 0x0212, 0x0212, 0x0211, 0x0211, 0x0212, 0x0212, 0x0212, 0x0212, 0x0212, 0x0212, 0x0212, 0x0212,
    0x0212, 0x0212, 0x0212, 0x0212, 0x0212, 0x0212, 0x0212, 0x0212, 0x0212, 0x0212, 0x0212, 0x0212, 0x0212, 0x0212, 0x0212, 0x0211,
    0x0211, 0x0212, 0x0211, 0x0211, 0x0212, 0x0212, 0x0212, 0x0212, 0x0212, 0x0212, 0x0212, 0x0212, 0x0212, 0x0212, 0x0212, 0x0211,
    0x0211, 0x0212, 0x0211, 0x0211, 0x0211, 0x0211, 0x0211, 0x0212, 0x0212, 0x0211, 0x0212, 0x0212, 0x0211, 0x0212, 0x0212, 0x0211,
    0x0212, 0x0212, 0x0212, 0x0212, 0x0212, 0x0212, 0x0212, 0x0212, 0x0212, 0x0212, 0x0212, 0x0212, 0x0212, 0x0212, 0x0212, 0x0211,
    0x0212, 0x0212, 0x0212, 0x0211, 0x0212, 0x0212, 0x0212, 0x0211, 0x0211, 0x0212, 0x0211, 0x0211, 0x0211, 0x0212, 0x0212, 0x0212,
    0x0212, 0x0212, 0x0212, 0x0212, 0x0212, 0x0212, 0x0212, 0x0212, 0x0212, 0x0212, 0x0212, 0x0212, 0x0212, 0x0212, 0x0212, 0x0212,
    0x0212, 0x0212, 0x0212, 0x0212, 0x0212, 0x0212, 0x0212, 0x0212, 0x0212, 0x0212, 0x0212, 0x0212, 0x0212, 0x0212, 0x0212, 0x01D2,
    0x01F2, 0x0212, 0x01F1, 0x3B11, 0x4352, 0x01B0, 0x4B73, 0xAD75, 0xB574, 0xDE99, 0xF77D, 0xEF7D, 0xCE37, 0xB4EF, 0x7C30, 0x534E,
    0xACED, 0x9C6B, 0x8C2D, 0x944D, 0xB573, 0xCE9A, 0xE71C, 0xEF5D, 0xD699, 0xBDB5, 0xA4F3, 0x9CF4, 0x4311, 0x01B0, 0x0231, 0x0A31,
    0x0A10, 0x224E, 0xCE36, 0xEF19, 0xE6D8, 0xEF3A, 0xFFDF, 0xFFFF, 0xFFDF, 0xFFFF, 0xFFDF, 0xFFFF, 0xFFFF, 0xFFFF, 0xFFFF, 0xFFFF,
    0xFFFF, 0xFFFF, 0xFFFF, 0xFFFF, 0xFFFF, 0xFFFF, 0xFFFF, 0xFFFF, 0xFFFF, 0xFFFF, 0xFFFF, 0xFFFF, 0xFFFF, 0xFFFF, 0xFFFF, 0xFFFF,
    0xFFFF, 0xFFFF, 0xFFDF, 0xFFDF, 0xFFFF, 0xEF3B, 0xB4EE, 0xBD0D, 0x9490, 0x7C52, 0x94F4, 0x2AB0, 0x01D1, 0x0232, 0x0212, 0x0211,
    0x0211, 0x0211, 0x0211, 0x0212, 0x0212, 0x0211, 0x0211, 0x0211, 0x0211, 0x0211, 0x0211, 0x0211, 0x0211, 0x0211, 0x0211, 0x0211,
    0x0211, 0x0212, 0x0212, 0x0212, 0x0211, 0x2AD1, 0x2A8F, 0x2A8F, 0x224E, 0x84B4, 0x9537, 0x5371, 0xBE7A, 0xC65A, 0xC679, 0xE73C,
    0xFFFF, 0xFFFF, 0xFFFF, 0x4B94, 0x01D0, 0x0212, 0x0211, 0x0211, 0x0A31, 0x0211, 0x0212, 0x0212, 0x0211, 0x0212, 0x0212, 0x0212,
    0x0212, 0x0212, 0x0212, 0x0212, 0x0212, 0x01F1, 0x01F1, 0x01D0, 0x1A72, 0x22B2, 0x0211, 0x01F1, 0x01F1, 0x0211, 0x01F0, 0x01D0,
    0x22B2, 0x0A31, 0x01F1, 0x0212, 0x0232, 0x0212, 0x0212, 0x0212, 0x0212, 0x0212, 0x0212, 0x0212, 0x0212, 0x0212, 0x0212, 0x0211,
    0x0211, 0x0211, 0x0211, 0x0211, 0x0211, 0x0211, 0x0211, 0x0211, 0x0212, 0x0212, 0x0212, 0x0212, 0x0211, 0x1230, 0x7C53, 0x8452,
    0x4B2F, 0xBE18, 0xDEFB, 0xCE78, 0xCE7A, 0x9D78, 0x01D0, 0x0212, 0x01F1, 0x0232, 0x0212, 0x0212, 0x0212, 0x0212, 0x0212, 0x0212,
    0x0212, 0x0212, 0x0212, 0x0212, 0x0212, 0x0212, 0x0212, 0x0212, 0x0212, 0x0212, 0x0212, 0x0212, 0x0212, 0x0212, 0x0212, 0x0212,
    0x0212, 0x0212, 0x0212, 0x0212, 0x0212, 0x0212, 0x0212, 0x0212, 0x0212, 0x0212, 0x0212, 0x0212, 0x0212, 0x0212, 0x0212, 0x0211,
    0x0211, 0x0211, 0x0211, 0x0211, 0x0211, 0x0212, 0x0212, 0x0212, 0x0212, 0x0212, 0x0211, 0x0212, 0x0212, 0x0212, 0x0211, 0x0211,
    0x0211, 0x0212, 0x0211, 0x0211, 0x0211, 0x0211, 0x0211, 0x0211, 0x0211, 0x0212, 0x0212, 0x0212, 0x0212, 0x0212, 0x0212, 0x0211,
    0x0212, 0x0212, 0x0212, 0x0212, 0x0212, 0x0212, 0x0212, 0x0212, 0x0212, 0x0212, 0x0212, 0x0212, 0x0212, 0x0212, 0x0212, 0x0212,
    0x0212, 0x0212, 0x0212, 0x0211, 0x0212, 0x0211, 0x0211, 0x0211, 0x0211, 0x0212, 0x0211, 0x0211, 0x0211, 0x0211, 0x0212, 0x0212,
    0x0212, 0x0212, 0x0212, 0x0212, 0x0212, 0x0212, 0x0212, 0x0212, 0x0212, 0x0212, 0x0212, 0x0212, 0x0212, 0x0212, 0x0212, 0x0212,
    0x0212, 0x0212, 0x0212, 0x0212, 0x0212, 0x0212, 0x0212, 0x0212, 0x0212, 0x0212, 0x0212, 0x0212, 0x0212, 0x0212, 0x0A31, 0x2AD1,
    0x1A71, 0x01D1, 0x0212, 0x01F1, 0x0211, 0x0232, 0x01F0, 0x63D1, 0x94B2, 0x94D2, 0x94B1, 0xCE58, 0xE75C, 0xCE57, 0x942C, 0x842E,
    0x6B8C, 0x9C6C, 0xA46B, 0x944D, 0xA512, 0xB5D6, 0xB5D7, 0xA535, 0x8C93, 0x7C73, 0x4B52, 0x01F0, 0x0211, 0x0211, 0x01D0, 0x01D0,
    0x0170, 0x32D2, 0xF7BF, 0xFFFF, 0xFFFF, 0xFFFF, 0xFFFF, 0xFFFF, 0xFFFF, 0xFFFF, 0xFFFF, 0xFFFF, 0xFFFF, 0xFFFF, 0xFFFF, 0xFFFF,
    0xFFFF, 0xFFFF, 0xFFFF, 0xFFFF, 0xFFFF, 0xFFFF, 0xFFFF, 0xFFFF, 0xFFFF, 0xFFFF, 0xFFFF, 0xFFFF, 0xFFFF, 0xFFFF, 0xFFFF, 0xFFFF,
    0xFFFF, 0xFFDF, 0xFFDF, 0xFFDF, 0xFFDF, 0xFFFF, 0xD636, 0xCDD4, 0xE6F9, 0x84B5, 0x01EF, 0x0232, 0x0232, 0x0212, 0x0212, 0x0211,
    0x0211, 0x0211, 0x0211, 0x0211, 0x0211, 0x0212, 0x0211, 0x0211, 0x0211, 0x0211, 0x0211, 0x0211, 0x0211, 0x0211, 0x0211, 0x0211,
    0x0211, 0x0211, 0x0212, 0x01F1, 0x2291, 0xBE59, 0xAD95, 0x840F, 0x73CE, 0x94F3, 0xEF7D, 0x8CF6, 0x120F, 0x3B11, 0x84F6, 0xC69B,
    0xEF7E, 0xCEDC, 0x3B32, 0x01B0, 0x0212, 0x01F2, 0x0211, 0x0212, 0x0212, 0x0212, 0x0212, 0x0212, 0x0212, 0x0212, 0x0212, 0x0212,
    0x0212, 0x0212, 0x0212, 0x0212, 0x0212, 0x0212, 0x0212, 0x0212, 0x01F1, 0x01F1, 0x0212, 0x0212, 0x0212, 0x0212, 0x0212, 0x0212,
    0x01F1, 0x0211, 0x0212, 0x0212, 0x0212, 0x0212, 0x0212, 0x0212, 0x0212, 0x0212, 0x0212, 0x0212, 0x0212, 0x0212, 0x0212, 0x01F1,
    0x1A91, 0x1251, 0x01F1, 0x01F1, 0x0211, 0x0211, 0x0211, 0x0212, 0x0212, 0x0211, 0x0211, 0x0212, 0x0211, 0x0210, 0x224F, 0x224F,
    0x63F2, 0xF77D, 0xFF9D, 0xD658, 0xFFFF, 0xA597, 0x01F0, 0x0A11, 0x22B1, 0x01B0, 0x0212, 0x0212, 0x0212, 0x0212, 0x0212, 0x0212,
    0x0212, 0x0212, 0x0212, 0x0212, 0x0212, 0x0212, 0x0212, 0x0212, 0x0212, 0x0212, 0x0212, 0x0212, 0x0212, 0x0212, 0x0212, 0x0212,
    0x0212, 0x0212, 0x0212, 0x0212, 0x0212, 0x0212, 0x0212, 0x0212, 0x0212, 0x0212, 0x0212, 0x0212, 0x0212, 0x0212, 0x0212, 0x0212,
    0x0211, 0x0211, 0x0211, 0x0211, 0x0211, 0x0212, 0x0211, 0x0212, 0x0212, 0x0211, 0x0211, 0x0211, 0x0211, 0x0211, 0x0211, 0x0211,
    0x0211, 0x0211, 0x0211, 0x0211, 0x0211, 0x0211, 0x0211, 0x0211, 0x0211, 0x0211, 0x0212, 0x0212, 0x0212, 0x0211, 0x0211, 0x0212,
    0x0212, 0x0212, 0x0212, 0x0212, 0x0212, 0x0212, 0x0212, 0x0212, 0x0212, 0x0212, 0x0212, 0x0212, 0x0212, 0x0212, 0x0212, 0x0212,
    0x0211, 0x0212, 0x0212, 0x0211, 0x0212, 0x0211, 0x0211, 0x0211, 0x0211, 0x0212, 0x0212, 0x0211, 0x0211, 0x0211, 0x0212, 0x0212,
    0x0212, 0x0212, 0x0212, 0x0212, 0x0212, 0x0212, 0x0212, 0x0212, 0x0212, 0x0212, 0x0212, 0x0212, 0x0212, 0x0212, 0x0212, 0x0212,
    0x0212, 0x0212, 0x0212, 0x0212, 0x0212, 0x0212, 0x0212, 0x0212, 0x01F2, 0x01D1, 0x01D1, 0x0212, 0x0212, 0x01F1, 0x32F1, 0x94D2,
    0xA4F1, 0x4B0F, 0x1A50, 0x0212, 0x0232, 0x0211, 0x01D0, 0x0A10, 0x2A6F, 0x5B4D, 0x840F, 0x8C70, 0xD6BA, 0xC615, 0xA4AC, 0x7BED,
    0x3AAD, 0x73CD, 0x940A, 0xACAD, 0xDE99, 0xC637, 0x8C92, 0x7C31, 0x6BD1, 0x1A71, 0x01D1, 0x0212, 0x01F1, 0x01F0, 0x430F, 0x844F,
    0x9491, 0xDF3C, 0xFFFF, 0xFFDF, 0xFFDF, 0xFFDF, 0xFFFF, 0xFFFF, 0xFFFF, 0xFFFF, 0xFFFF, 0xFFFF, 0xFFFF, 0xFFFF, 0xFFFF, 0xFFFF,
    0xFFFF, 0xFFFF, 0xFFFF, 0xFFFF, 0xFFFF, 0xFFFF, 0xFFFF, 0xFFFF, 0xFFFF, 0xFFFF, 0xFFFF, 0xFFFF, 0xFFFF, 0xFFFF, 0xFFFF, 0xFFFF,
    0xFFFF, 0xFFDF, 0xFFFF, 0xFFDF, 0xFFDF, 0xFFDF, 0xFFFF, 0xF77C, 0xD657, 0x5BB2, 0x01F0, 0x1272, 0x0211, 0x0212, 0x0212, 0x0211,
    0x0211, 0x0212, 0x0211, 0x0212, 0x0211, 0x0212, 0x0212, 0x0211, 0x0211, 0x0211, 0x0211, 0x0211, 0x0211, 0x0211, 0x0211, 0x0211,
    0x0211, 0x0211, 0x0211, 0x0212, 0x0A10, 0x63D1, 0xD6DA, 0xD6DA, 0x9CD0, 0x738C, 0xDEFA, 0xFFDE, 0x9537, 0x3312, 0x1231, 0x01F0,
    0x22B2, 0x01F0, 0x01D1, 0x0212, 0x0231, 0x1231, 0x0211, 0x0212, 0x0211, 0x0211, 0x0212, 0x0212, 0x0212, 0x0212, 0x0212, 0x0212,
    0x0212, 0x0212, 0x0212, 0x0212, 0x0212, 0x0212, 0x0212, 0x0211, 0x0212, 0x0212, 0x0211, 0x0212, 0x0212, 0x0212, 0x0211, 0x0211,
    0x0212, 0x0212, 0x0212, 0x0212, 0x0212, 0x0212, 0x0212, 0x0212, 0x0212, 0x0212, 0x0212, 0x0212, 0x0212, 0x0212, 0x0212, 0x0212,
    0x01F1, 0x0211, 0x0211, 0x0211, 0x0211, 0x0211, 0x0212, 0x0211, 0x0211, 0x0212, 0x0212, 0x0212, 0x0212, 0x0211, 0x0211, 0x0211,
    0x0A10, 0x6C34, 0x9D77, 0xCE59, 0xFFBE, 0x7C95, 0x018E, 0x9D57, 0xA535, 0x5392, 0x09F0, 0x0211, 0x0212, 0x0212, 0x0212, 0x0212,
    0x0212, 0x0212, 0x0212, 0x0212, 0x0212, 0x0212, 0x0212, 0x0212, 0x0212, 0x0212, 0x0212, 0x0212, 0x0212, 0x0212, 0x0212, 0x0212,
    0x0212, 0x0212, 0x0212, 0x0212, 0x0212, 0x0212, 0x0212, 0x0212, 0x0212, 0x0212, 0x0212, 0x0212, 0x0212, 0x0212, 0x0212, 0x0212,
    0x0211, 0x0211, 0x0211, 0x0211, 0x0212, 0x0212, 0x0212, 0x0212, 0x0212, 0x0212, 0x0212, 0x0211, 0x0211, 0x0211, 0x0211, 0x0211,
    0x0211, 0x0211, 0x0211, 0x0211, 0x0211, 0x0211, 0x0211, 0x0211, 0x0211, 0x0211, 0x0211, 0x0212, 0x0212, 0x0211, 0x0211, 0x0212,
    0x0212, 0x0212, 0x0212, 0x0212, 0x0212, 0x0212, 0x0212, 0x0212, 0x0212, 0x0212, 0x0212, 0x0212, 0x0212, 0x0212, 0x0212, 0x0212,
    0x0211, 0x0211, 0x0212, 0x0211, 0x0211, 0x0211, 0x0211, 0x0211, 0x0211, 0x0212, 0x0211, 0x0212, 0x0211, 0x0211, 0x0212, 0x0212,
    0x0212, 0x0212, 0x0212, 0x0212, 0x0212, 0x0212, 0x0212, 0x0212, 0x0212, 0x0212, 0x0212, 0x0212, 0x0212, 0x0212, 0x0212, 0x0212,
    0x0212, 0x0212, 0x0212, 0x0212, 0x0212, 0x0212, 0x0212, 0x0211, 0x1A70, 0x5BB1, 0x5B91, 0x0A10, 0x0211, 0x0211, 0x01F0, 0x32AE,
    0x9C6D, 0xBCED, 0xA4AF, 0x2270, 0x1250, 0x7C30, 0x42CE, 0x01CF, 0x1A4F, 0x8471, 0xD677, 0xDEDB, 0xBDF6, 0x842E, 0x532C, 0x7BED,
    0x7BED, 0x7BCD, 0x83EC, 0xCE16, 0xEF7D, 0xCE79, 0xD699, 0xD6BA, 0xB619, 0x22B2, 0x0212, 0x1A50, 0x534E, 0x8C4E, 0xC56F, 0xDE32,
    0xF75A, 0xFFFF, 0xFFDF, 0xFFFF, 0xFFFF, 0xFFFF, 0xFFFF, 0xFFFF, 0xFFFF, 0xFFFF, 0xFFFF, 0xFFFF, 0xFFFF, 0xFFFF, 0xFFFF, 0xFFFF,
    0xFFFF, 0xFFFF, 0xFFFF, 0xFFFF, 0xFFFF, 0xFFFF, 0xFFFF, 0xFFFF, 0xFFFF, 0xFFFF, 0xFFFF, 0xFFFF, 0xFFFF, 0xFFFF, 0xFFDF, 0xFFFF,
    0xFFFF, 0xFFFF, 0xFFFF, 0xFFDF, 0xFFDF, 0xFFDF, 0xF7BE, 0xF7BE, 0x8CF6, 0x1A30, 0x1231, 0x0231, 0x0212, 0x0212, 0x0211, 0x0211,
    0x0211, 0x0211, 0x0211, 0x0212, 0x0211, 0x0211, 0x0212, 0x0212, 0x0212, 0x0211, 0x0211, 0x0211, 0x0211, 0x0212, 0x0212, 0x0212,
    0x0212, 0x0211, 0x0212, 0x01F1, 0x1A70, 0x42CE, 0xC659, 0xCE99, 0x638D, 0x73AD, 0xCE58, 0xFFDF, 0xEF5D, 0xADD8, 0x4B51, 0x01D1,
    0x01F2, 0x0212, 0x0211, 0x1231, 0x1250, 0x1271, 0x0211, 0x0211, 0x0211, 0x0212, 0x0212, 0x0212, 0x0212, 0x0212, 0x0212, 0x0212,
    0x0212, 0x0212, 0x0212, 0x0212, 0x0212, 0x0212, 0x0212, 0x0211, 0x0212, 0x0212, 0x0212, 0x0212, 0x0211, 0x0211, 0x0211, 0x0211,
    0x0212, 0x0212, 0x0212, 0x0212, 0x0212, 0x0212, 0x0212, 0x0212, 0x0212, 0x0212, 0x0212, 0x0212, 0x0212, 0x0212, 0x0212, 0x0212,
    0x0212, 0x0212, 0x0211, 0x0211, 0x0212, 0x0211, 0x0212, 0x0211, 0x0212, 0x0212, 0x0211, 0x0211, 0x0212, 0x0212, 0x0212, 0x0232,
    0x0232, 0x01D1, 0x01D0, 0x1230, 0x4353, 0x1230, 0x5372, 0xF77C, 0xE6D9, 0xF75B, 0x9515, 0x09F0, 0x01F1, 0x0212, 0x0212, 0x0212,
    0x0212, 0x0212, 0x0212, 0x0212, 0x0212, 0x0212, 0x0212, 0x0212, 0x0212, 0x0212, 0x0212, 0x0212, 0x0212, 0x0212, 0x0212, 0x0212,
    0x0212, 0x0212, 0x0212, 0x0212, 0x0212, 0x0212, 0x0212, 0x0212, 0x0212, 0x0212, 0x0212, 0x0212, 0x0212, 0x0212, 0x0212, 0x0212,
    0x0212, 0x0211, 0x0212, 0x0212, 0x0212, 0x0212, 0x0212, 0x0212, 0x0212, 0x0211, 0x0211, 0x0211, 0x0211, 0x0212, 0x0211, 0x0212,
    0x0211, 0x0211, 0x0211, 0x0211, 0x0211, 0x0211, 0x0211, 0x0212, 0x0212, 0x0211, 0x0211, 0x0211, 0x0211, 0x01F1, 0x0211, 0x0212,
    0x0212, 0x0212, 0x0212, 0x0212, 0x0212, 0x0212, 0x0212, 0x0212, 0x0212, 0x0212, 0x0212, 0x0212, 0x0212, 0x0212, 0x0212, 0x0212,
    0x0212, 0x0211, 0x0211, 0x0211, 0x0211, 0x0211, 0x0211, 0x0211, 0x0212, 0x0212, 0x0212, 0x0212, 0x0212, 0x0212, 0x0212, 0x0212,
    0x0212, 0x0212, 0x0212, 0x0212, 0x0212, 0x0212, 0x0212, 0x0212, 0x0212, 0x0212, 0x0212, 0x0212, 0x0212, 0x0212, 0x0212, 0x0212,
    0x0212, 0x0212, 0x0212, 0x0212, 0x0212, 0x0212, 0x0211, 0x1250, 0x32AF, 0x638F, 0x6BCF, 0x1250, 0x01F1, 0x0211, 0x0211, 0x4352,
    0x6BF0, 0x636D, 0xA48D, 0x7C0F, 0x09EE, 0x7BEE, 0xACCC, 0x638E, 0x01F0, 0x1250, 0x7432, 0x94F4, 0x7C31, 0x4B2E, 0x6BCE, 0x840C,
    0x946D, 0xB50D, 0xA4AE, 0xDEDA, 0xEF7D, 0xDF1C, 0xDF1C, 0xD6BB, 0x7CB6, 0x0A31, 0x0A10, 0xB619, 0xFFDC, 0xEF18, 0xF77B, 0xFFFF,
    0xFFFF, 0xFFDF, 0xFFFF, 0xFFFF, 0xFFFF, 0xFFFF, 0xFFFF, 0xFFFF, 0xFFFF, 0xFFFF, 0xFFFF, 0xFFFF, 0xFFFF, 0xFFFF, 0xFFFF, 0xFFFF,
    0xFFFF, 0xFFFF, 0xFFFF, 0xFFFF, 0xFFFF, 0xFFFF, 0xFFFF, 0xFFFF, 0xFFFF, 0xFFFF, 0xFFFF, 0xFFFF, 0xFFFF, 0xFFDF, 0xFFDF, 0xFFDF,
    0xFFDF, 0xFFFF, 0xFFFF, 0xFFDF, 0xFFDF, 0xFFDF, 0xF79D, 0xE73D, 0x2AB0, 0x09F0, 0x0A51, 0x01F1, 0x0212, 0x0211, 0x0212, 0x0212,
    0x0211, 0x0211, 0x0212, 0x0212, 0x0212, 0x0212, 0x0212, 0x0211, 0x0212, 0x0212, 0x0211, 0x0212, 0x0211, 0x0212, 0x0212, 0x0212,
    0x0212, 0x0212, 0x0212, 0x0212, 0x0210, 0x224F, 0x5391, 0x6BF0, 0x328C, 0x4ACB, 0xB594, 0xE75C, 0x4B72, 0x222D, 0x9CF2, 0x430F,
    0x01F0, 0x0212, 0x0212, 0x0211, 0x0211, 0x0211, 0x0212, 0x0212, 0x0211, 0x0212, 0x0212, 0x0212, 0x0212, 0x0212, 0x0212, 0x0212,
    0x0212, 0x0212, 0x0212, 0x0212, 0x0211, 0x0212, 0x0212, 0x0211, 0x0212, 0x0212, 0x0212, 0x0212, 0x0212, 0x0212, 0x0212, 0x0212,
    0x0212, 0x0212, 0x0212, 0x0212, 0x0212, 0x0212, 0x0212, 0x0211, 0x0212, 0x0212, 0x0212, 0x0212, 0x0212, 0x0212, 0x0212, 0x0212,
    0x0212, 0x0211, 0x0211, 0x0212, 0x0212, 0x0212, 0x0212, 0x0212, 0x0212, 0x0212, 0x0211, 0x0212, 0x0212, 0x0212, 0x0212, 0x0212,
    0x0212, 0x0232, 0x0232, 0x0212, 0x01B0, 0x122F, 0xADB7, 0x9CF3, 0x8CB4, 0x7C52, 0x4331, 0x1230, 0x22B1, 0x0A31, 0x0212, 0x0212,
    0x0212, 0x0212, 0x0212, 0x0212, 0x0212, 0x0212, 0x0212, 0x0212, 0x0212, 0x0212, 0x0212, 0x0212, 0x0212, 0x0212, 0x0212, 0x0212,
    0x0212, 0x0212, 0x0212, 0x0212, 0x0212, 0x0212, 0x0212, 0x0212, 0x0212, 0x0212, 0x0212, 0x0212, 0x0212, 0x0212, 0x0212, 0x0212,
    0x0212, 0x0212, 0x0212, 0x0212, 0x0212, 0x0212, 0x0212, 0x0212, 0x0212, 0x0211, 0x0211, 0x0211, 0x0211, 0x0211, 0x0211, 0x0211,
    0x0211, 0x0211, 0x0211, 0x0211, 0x01F1, 0x0211, 0x0211, 0x0212, 0x0212, 0x0211, 0x0212, 0x0211, 0x0211, 0x0211, 0x0211, 0x0211,
    0x0212, 0x0212, 0x0212, 0x0212, 0x0212, 0x0212, 0x0212, 0x0212, 0x0212, 0x0212, 0x0212, 0x0211, 0x0212, 0x0212, 0x0212, 0x0212,
    0x0212, 0x0211, 0x0212, 0x0212, 0x0212, 0x0212, 0x0212, 0x0212, 0x0212, 0x0212, 0x0212, 0x0212, 0x0212, 0x0212, 0x0212, 0x0212,
    0x0212, 0x0212, 0x0212, 0x0212, 0x0212, 0x0212, 0x0212, 0x0212, 0x0212, 0x0212, 0x0212, 0x0212, 0x0212, 0x0212, 0x0212, 0x0212,
    0x0212, 0x0212, 0x0212, 0x01F2, 0x01F1, 0x01D0, 0x3B52, 0x3AEF, 0x6BAE, 0x946D, 0x532F, 0x01D0, 0x0211, 0x0231, 0x0A31, 0x01D1,
    0x01F1, 0x2290, 0x42CE, 0x7410, 0x0A0F, 0x226F, 0x7BED, 0x6BAD, 0x228F, 0x0A31, 0x0A30, 0x01EF, 0x01EF, 0x2AB0, 0x534F, 0x32AE,
    0x7C0E, 0xA4AC, 0x8C0C, 0xDED9, 0xFFDE, 0xE73C, 0x9D57, 0x5BB3, 0x1230, 0x01F1, 0x01F0, 0x3B12, 0x9D57, 0xCE79, 0xFFFF, 0xEF9E,
    0xE75D, 0xFFDF, 0xFFFF, 0xFFFF, 0xFFFF, 0xFFFF, 0xFFFF, 0xFFFF, 0xFFFF, 0xFFFF, 0xFFFF, 0xFFFF, 0xFFFF, 0xFFFF, 0xFFFF, 0xFFFF,
    0xFFFF, 0xFFFF, 0xFFFF, 0xFFFF, 0xFFDF, 0xFFFF, 0xFFFF, 0xFFFF, 0xFFFF, 0xFFFF, 0xFFDF, 0xFFFF, 0xFFFF, 0xFFDF, 0xFFDF, 0xFFDF,
    0xFFDF, 0xFFDF, 0xFFFF, 0xFFDF, 0xFFDF, 0xF7BE, 0xF7BE, 0xBDF7, 0x5B4E, 0x4311, 0x1230, 0x0A51, 0x0211, 0x0211, 0x0211, 0x0211,
    0x0211, 0x0212, 0x0212, 0x0212, 0x0212, 0x0212, 0x0212, 0x0211, 0x0212, 0x0212, 0x0212, 0x0212, 0x0212, 0x0212, 0x0212, 0x0212,
    0x0212, 0x0212, 0x0212, 0x0212, 0x0212, 0x0211, 0x01CF, 0x3AAD, 0x73CD, 0x83ED, 0xC5F6, 0xADD9, 0x01CF, 0x01D0, 0x6BEF, 0xCE13,
    0x63D0, 0x0A11, 0x0212, 0x0212, 0x0212, 0x0212, 0x0212, 0x0212, 0x0212, 0x0212, 0x0212, 0x0212, 0x0212, 0x0212, 0x0212, 0x0212,
    0x0212, 0x0212, 0x0212, 0x0212, 0x0212, 0x0212, 0x0212, 0x0212, 0x0212, 0x0212, 0x0212, 0x0212, 0x0212, 0x0212, 0x0212, 0x0212,
    0x0212, 0x0211, 0x0212, 0x0212, 0x0212, 0x0211, 0x0212, 0x0211, 0x0211, 0x0211, 0x0211, 0x0212, 0x0212, 0x0212, 0x0212, 0x0212,
    0x0212, 0x0212, 0x0212, 0x0212, 0x0212, 0x0212, 0x0212, 0x0212, 0x0212, 0x0212, 0x0212, 0x0212, 0x0212, 0x0212, 0x0212, 0x0212,
    0x0212, 0x0212, 0x0212, 0x0211, 0x01F1, 0x2291, 0x2AB1, 0x01AF, 0x0190, 0x018F, 0x01B0, 0x01F1, 0x0A31, 0x0231, 0x0212, 0x0212,
    0x0212, 0x0212, 0x0212, 0x0212, 0x0212, 0x0212, 0x0212, 0x0212, 0x0212, 0x0212, 0x0212, 0x0212, 0x0212, 0x0212, 0x0212, 0x0212,
    0x0212, 0x0212, 0x0212, 0x0212, 0x0212, 0x0212, 0x0212, 0x0212, 0x0212, 0x0212, 0x0212, 0x0212, 0x0212, 0x0212, 0x0212, 0x0212,
    0x0212, 0x0212, 0x0212, 0x0212, 0x0212, 0x0212, 0x0212, 0x0212, 0x0212, 0x0212, 0x0211, 0x0211, 0x0211, 0x0211, 0x0211, 0x0211,
    0x0211, 0x0211, 0x0211, 0x0211, 0x0212, 0x0212, 0x0212, 0x0212, 0x0212, 0x0212, 0x0212, 0x0212, 0x0211, 0x0211, 0x0211, 0x0211,
    0x0212, 0x0212, 0x0212, 0x0212, 0x0212, 0x0212, 0x0212, 0x0212, 0x0212, 0x0211, 0x0211, 0x0212, 0x0212, 0x0212, 0x0211, 0x0212,
    0x0212, 0x0212, 0x0212, 0x0212, 0x0212, 0x0212, 0x0212, 0x0212, 0x0212, 0x0212, 0x0212, 0x0212, 0x0212, 0x0212, 0x0212, 0x0212,
    0x0212, 0x0212, 0x0212, 0x0212, 0x0212, 0x0212, 0x0212, 0x0212, 0x0212, 0x0212, 0x0212, 0x0212, 0x0212, 0x0212, 0x0212, 0x0212,
    0x0212, 0x0212, 0x0211, 0x1A70, 0x3AF0, 0x4330, 0x01F0, 0x224F, 0x9C6E, 0x9C8E, 0x32AF, 0x01F1, 0x0232, 0x0211, 0x5392, 0x32F1,
    0x01F1, 0x1271, 0x0A10, 0x01F0, 0x0231, 0x0212, 0x1A70, 0x5B8E, 0x6BF0, 0x2290, 0x01F0, 0x5BB0, 0x2A8F, 0x120E, 0x8C4E, 0x7BCB,
    0x6B8D, 0x73CD, 0x9C6D, 0xA512, 0xDF1D, 0xDF3D, 0x4B73, 0x014E, 0x0211, 0x01F1, 0x01F1, 0x1230, 0x01AD, 0x328E, 0x534F, 0x5BB1,
    0x42CE, 0xD6FC, 0xFFFF, 0xFFDF, 0xFFFF, 0xFFFF, 0xFFFF, 0xFFFF, 0xFFFF, 0xFFDF, 0xFFFF, 0xFFFF, 0xFFFF, 0xFFFF, 0xFFFF, 0xFFFF,
    0xFFFF, 0xFFFF, 0xFFFF, 0xFFFF, 0xFFFF, 0xFFFF, 0xFFFF, 0xFFFF, 0xFFDF, 0xFFDF, 0xFFDF, 0xFFDF, 0xFFDF, 0xFFDF, 0xFFFF, 0xFFFF,
    0xFFFF, 0xFFFF, 0xFFDF, 0xFFDF, 0xFFFF, 0xF7BE, 0xFFFF, 0xC5F6, 0xACEF, 0x4B0F, 0x1230, 0x0A31, 0x0211, 0x0212, 0x0212, 0x0212,
    0x0212, 0x0212, 0x0212, 0x0212, 0x0212, 0x0212, 0x0212, 0x0212, 0x0212, 0x0212, 0x0212, 0x0212, 0x0212, 0x0212, 0x0212, 0x0211,
    0x0212, 0x0212, 0x0212, 0x0211, 0x0212, 0x0212, 0x01F1, 0x3AF0, 0x94F3, 0xA534, 0xD6BA, 0x5BD4, 0x01AF, 0x0A10, 0x42EE, 0x7C2F,
    0x7C92, 0x0A10, 0x0212, 0x0212, 0x0212, 0x0212, 0x0212, 0x0212, 0x0212, 0x0212, 0x0212, 0x0212, 0x0212, 0x0212, 0x0212, 0x0212,
    0x0212, 0x0212, 0x0212, 0x0212, 0x0212, 0x0212, 0x0212, 0x0212, 0x0212, 0x0212, 0x0212, 0x0212, 0x0212, 0x0212, 0x0212, 0x0212,
    0x0212, 0x0212, 0x0212, 0x0211, 0x0211, 0x0211, 0x0212, 0x0212, 0x01F1, 0x01F1, 0x0211, 0x0211, 0x0212, 0x0212, 0x0212, 0x0212,
    0x0212, 0x0212, 0x0212, 0x0212, 0x0212, 0x0212, 0x0212, 0x0212, 0x0212, 0x0212, 0x0212, 0x0A31, 0x0A51, 0x0211, 0x0212, 0x0211,
    0x0212, 0x01F1, 0x01F1, 0x01F1, 0x0211, 0x01F1, 0x01D1, 0x01D0, 0x4B0F, 0x7BEE, 0x7BCE, 0x2A8F, 0x0211, 0x0232, 0x0212, 0x0232,
    0x0212, 0x0212, 0x0212, 0x0212, 0x0212, 0x0212, 0x0212, 0x0212, 0x0212, 0x0212, 0x0212, 0x0212, 0x0212, 0x0212, 0x0212, 0x0212,
    0x0212, 0x0212, 0x0212, 0x0212, 0x0212, 0x0212, 0x0212, 0x0212, 0x0212, 0x0212, 0x0212, 0x0212, 0x0212, 0x0212, 0x0212, 0x0212,
    0x0212, 0x0212, 0x0212, 0x0212, 0x0212, 0x0212, 0x0212, 0x0212, 0x0212, 0x0212, 0x0211, 0x0212, 0x0211, 0x0211, 0x0211, 0x0211,
    0x0211, 0x0211, 0x0211, 0x0211, 0x0212, 0x0212, 0x0212, 0x0212, 0x0212, 0x0212, 0x0212, 0x0211, 0x0211, 0x0211, 0x0211, 0x0211,
    0x0211, 0x0212, 0x0212, 0x0212, 0x0212, 0x0212, 0x0212, 0x0212, 0x0212, 0x0212, 0x0212, 0x0212, 0x0211, 0x0212, 0x0212, 0x0212,
    0x0212, 0x0212, 0x0212, 0x0212, 0x0212, 0x0212, 0x0212, 0x0212, 0x0212, 0x0212, 0x0212, 0x0212, 0x0212, 0x0212, 0x0212, 0x0212,
    0x0212, 0x0212, 0x0212, 0x0212, 0x0212, 0x0212, 0x0212, 0x0212, 0x0212, 0x0212, 0x0212, 0x0212, 0x0212, 0x0212, 0x0212, 0x0212,
    0x01F2, 0x09EF, 0x6BAE, 0x9C6C, 0xAC8D, 0x638F, 0x01F0, 0x0A51, 0x0A10, 0x0A31, 0x01F1, 0x0211, 0x0232, 0x0212, 0x2291, 0x32F1,
    0x01D1, 0x0211, 0x01D1, 0x01F1, 0x01F2, 0x0212, 0x1A71, 0x2AB0, 0x0A0F, 0x01D1, 0x01D0, 0x3AEF, 0x32CF, 0x328E, 0x7BEE, 0xBD92,
    0xBD93, 0xB531, 0xB4EF, 0xA512, 0xADB7, 0x63F3, 0x122F, 0x0211, 0x0211, 0x01F1, 0x01F1, 0x01EF, 0x4B93, 0x9D78, 0xB5D8, 0xC617,
    0xB5B5, 0xEF7D, 0xFFFF, 0xFFDF, 0xFFDF, 0xFFDF, 0xFFDF, 0xFFDF, 0xFFDF, 0xFFDF, 0xFFDF, 0xFFFF, 0xFFFF, 0xFFFF, 0xFFDF, 0xFFFF,
    0xFFFF, 0xFFFF, 0xFFFF, 0xFFFF, 0xFFFF, 0xFFFF, 0xFFFF, 0xFFFF, 0xFFDF, 0xFFFF, 0xFFFF, 0xFFDF, 0xFFDF, 0xFFFF, 0xFFFF, 0xFFFF,
    0xFFFF, 0xFFDF, 0xFFDF, 0xFFFF, 0xF7BE, 0xD6B9, 0xEF5C, 0xEF5B, 0xB572, 0x94B1, 0x63F2, 0x01D0, 0x0232, 0x0211, 0x0212, 0x0212,
    0x0212, 0x0212, 0x0212, 0x0212, 0x0212, 0x0212, 0x0212, 0x0212, 0x0212, 0x0212, 0x0212, 0x0212, 0x0212, 0x0211, 0x0212, 0x0211,
    0x0212, 0x0212, 0x0212, 0x0212, 0x0212, 0x0212, 0x01F1, 0x2291, 0x8CF5, 0xCE78, 0xA598, 0x01AF, 0x0211, 0x0211, 0x01F0, 0x0A10,
    0x01F0, 0x01F2, 0x0212, 0x0212, 0x0212, 0x0212, 0x0212, 0x0212, 0x0212, 0x0212, 0x0212, 0x0212, 0x0212, 0x0212, 0x0212, 0x0212,
    0x0212, 0x0212, 0x0212, 0x0212, 0x0212, 0x0212, 0x0212, 0x0212, 0x0212, 0x0212, 0x0212, 0x0212, 0x0212, 0x0212, 0x0212, 0x0212,
    0x0212, 0x0212, 0x0232, 0x0232, 0x0212, 0x0212, 0x01D1, 0x01CF, 0x2270, 0x0A10, 0x01F1, 0x0212, 0x0211, 0x0212, 0x0212, 0x0212,
    0x0212, 0x0211, 0x0212, 0x0212, 0x0212, 0x0212, 0x0212, 0x0212, 0x0212, 0x0212, 0x01F1, 0x1271, 0x1A71, 0x0211, 0x0212, 0x0212,
    0x0211, 0x1250, 0x1A71, 0x01F1, 0x0211, 0x01F2, 0x01F0, 0x6B8E, 0xB4AC, 0xA42A, 0x8BEB, 0x5B4D, 0x2A8F, 0x01F1, 0x01D1, 0x01D1,
    0x01F1, 0x0212, 0x0212, 0x0212, 0x0212, 0x0212, 0x0212, 0x0212, 0x0212, 0x0212, 0x0212, 0x0212, 0x0212, 0x0212, 0x0212, 0x0212,
    0x0212, 0x0212, 0x0212, 0x0212, 0x0212, 0x0212, 0x0212, 0x0212, 0x0212, 0x0212, 0x0212, 0x0212, 0x0212, 0x0212, 0x0212, 0x0212,
    0x0212, 0x0211, 0x0212, 0x0231, 0x0211, 0x0212, 0x0212, 0x0212, 0x0212, 0x0212, 0x0211, 0x0212, 0x0211, 0x0211, 0x0211, 0x0211,
    0x0211, 0x0211, 0x0211, 0x0211, 0x0212, 0x0212, 0x0212, 0x0212, 0x0212, 0x0212, 0x0211, 0x0211, 0x0211, 0x0211, 0x0211, 0x0212,
    0x0211, 0x0212, 0x0212, 0x0212, 0x0212, 0x0212, 0x0212, 0x0212, 0x0212, 0x0212, 0x0212, 0x0212, 0x0212, 0x0212, 0x0212, 0x0212,
    0x0212, 0x0212, 0x0212, 0x0212, 0x0212, 0x0212, 0x0212, 0x0212, 0x0212, 0x0212, 0x0212, 0x0212, 0x0212, 0x0212, 0x0212, 0x0212,
    0x0212, 0x0212, 0x0212, 0x0212, 0x0212, 0x0212, 0x0212, 0x0212, 0x0212, 0x0212, 0x0212, 0x0212, 0x0212, 0x0212, 0x0212, 0x01F1,
    0x1A2F, 0x7BCD, 0x9C2B, 0x736A, 0x8C2D, 0x222D, 0x2270, 0x1A50, 0x01F2, 0x0212, 0x1A70, 0x63D0, 0x1250, 0x0212, 0x01F1, 0x1A70,
    0x226F, 0x01CF, 0x2AB0, 0x328F, 0x2AB0, 0x0A10, 0x63D1, 0xD613, 0xA4F0, 0x328E, 0x32F0, 0x228F, 0x5350, 0xACF0, 0xC593, 0xDE98,
    0xC5B3, 0xACF0, 0xA4CF, 0xC5D5, 0xFFBD, 0xDEFC, 0x6435, 0x01AF, 0x0211, 0x01F1, 0x0211, 0x01F1, 0x0A31, 0x4B72, 0xADB8, 0xDEFC,
    0xFFFF, 0xFFFF, 0xFFFF, 0xFFFF, 0xFFFF, 0xFFFF, 0xF7BE, 0xFFDF, 0xFFFF, 0xFFDF, 0xFFFF, 0xFFFF, 0xFFFF, 0xFFFF, 0xFFDF, 0xFFFF,
    0xFFFF, 0xFFFF, 0xFFFF, 0xFFFF, 0xFFFF, 0xFFDF, 0xFFFF, 0xFFFF, 0xFFFF, 0xFFFF, 0xFFFF, 0xFFDF, 0xFFFF, 0xFFFF, 0xFFFF, 0xFFFF,
    0xFFFF, 0xFFFF, 0xFFDF, 0xFFFF, 0xDEDA, 0xAD33, 0xDEB9, 0x8493, 0x2A6F, 0x3B10, 0x4B51, 0x01F1, 0x0212, 0x0212, 0x0212, 0x0212,
    0x0212, 0x0212, 0x0212, 0x0212, 0x0212, 0x0212, 0x0212, 0x0212, 0x0212, 0x0212, 0x0212, 0x0212, 0x0212, 0x0212, 0x0212, 0x0212,
    0x0212, 0x0212, 0x0212, 0x0212, 0x0212, 0x0212, 0x0212, 0x0211, 0x01AF, 0x6C34, 0x5BF4, 0x01B0, 0x0212, 0x01F1, 0x0212, 0x0212,
    0x0212, 0x0211, 0x0211, 0x0212, 0x0212, 0x0212, 0x0212, 0x0212, 0x0212, 0x0212, 0x0212, 0x0212, 0x0212, 0x0212, 0x0212, 0x0212,
    0x0212, 0x0212, 0x0212, 0x0212, 0x0212, 0x0212, 0x0212, 0x0212, 0x0212, 0x0212, 0x0212, 0x0212, 0x0212, 0x0212, 0x0212, 0x0212,
    0x0232, 0x0212, 0x01F1, 0x01B0, 0x0190, 0x016F, 0x2AB0, 0xC67B, 0xD6B8, 0x430F, 0x01D1, 0x0212, 0x0211, 0x0212, 0x0212, 0x0212,
    0x0212, 0x0212, 0x0212, 0x0212, 0x0212, 0x0212, 0x0212, 0x0212, 0x0212, 0x0212, 0x0212, 0x0211, 0x0211, 0x0212, 0x0232, 0x0212,
    0x01F1, 0x0210, 0x1231, 0x0211, 0x0210, 0x1230, 0x328E, 0xA48D, 0xA44B, 0xAC6C, 0xA42B, 0x9C4D, 0x5B2D, 0x42EF, 0x5B6F, 0x638F,
    0x42EF, 0x0A10, 0x01F2, 0x0212, 0x0212, 0x0212, 0x0212, 0x0212, 0x0212, 0x0212, 0x0212, 0x0212, 0x0212, 0x0212, 0x0212, 0x0212,
    0x0212, 0x0212, 0x0212, 0x0212, 0x0212, 0x0212, 0x0212, 0x0212, 0x0212, 0x01F2, 0x0212, 0x0212, 0x0212, 0x0212, 0x0212, 0x0212,
    0x0211, 0x0211, 0x01F1, 0x1A71, 0x0A31, 0x0211, 0x0212, 0x0212, 0x0211, 0x0211, 0x0212, 0x0211, 0x0211, 0x0211, 0x0211, 0x0211,
    0x0211, 0x0211, 0x0211, 0x0211, 0x0212, 0x0212, 0x0212, 0x0212, 0x0211, 0x0212, 0x0211, 0x0211, 0x0211, 0x0211, 0x0211, 0x0211,
    0x0211, 0x0211, 0x0212, 0x0212, 0x0212, 0x0212, 0x0212, 0x0212, 0x0212, 0x0212, 0x0212, 0x0212, 0x0212, 0x0212, 0x0212, 0x0212,
    0x0212, 0x0212, 0x0212, 0x0212, 0x0212, 0x0212, 0x0212, 0x0212, 0x0212, 0x0212, 0x0212, 0x0212, 0x0212, 0x0212, 0x0212, 0x0212,
    0x0212, 0x0212, 0x0212, 0x0212, 0x0212, 0x0212, 0x0212, 0x0212, 0x0212, 0x0212, 0x0212, 0x0212, 0x0212, 0x0212, 0x01F1, 0x2AAF,
    0x8C2E, 0x940A, 0x632B, 0x2A6D, 0x328E, 0x42AD, 0x8C2E, 0x6BD0, 0x2250, 0x01F1, 0x3AEF, 0xA48E, 0x42CE, 0x0211, 0x0211, 0x32AF,
    0x7C0E, 0x4AED, 0x6BCE, 0x8C0D, 0xBD2F, 0x4B0F, 0x01CF, 0x63B0, 0x6BAF, 0x73AE, 0xCDB1, 0x944E, 0x4B30, 0x2A90, 0x32D0, 0x3ACF,
    0x5350, 0x2A8E, 0x32CF, 0x3ACF, 0x9D98, 0x4B92, 0x01EF, 0x01F1, 0x01F1, 0x01F1, 0x0211, 0x0211, 0x01F1, 0x01D0, 0x6C35, 0xC67B,
    0xA5B8, 0xADD8, 0x9D78, 0x7C96, 0xA5B9, 0xDF3D, 0xFFFF, 0xFFFF, 0xFFDF, 0xFFFF, 0xFFDF, 0xFFDF, 0xFFDF, 0xFFFF, 0xFFFF, 0xFFFF,
    0xFFFF, 0xFFFF, 0xFFFF, 0xFFFF, 0xFFFF, 0xFFFF, 0xFFFF, 0xFFDF, 0xFFFF, 0xFFFF, 0xFFFF, 0xFFFF, 0xFFFF, 0xFFFF, 0xFFFF, 0xFFFF,
    0xFFFF, 0xFFFF, 0xFFFF, 0xF7BE, 0xCE58, 0xC616, 0xEF7D, 0x9D34, 0x4B2E, 0x1A50, 0x1A91, 0x01F1, 0x0212, 0x0212, 0x0212, 0x0212,
    0x0212, 0x0212, 0x0212, 0x0212, 0x0212, 0x0212, 0x0212, 0x0212, 0x0212, 0x0212, 0x0212, 0x0212, 0x0212, 0x0212, 0x0212, 0x0212,
    0x0212, 0x0212, 0x0212, 0x0212, 0x0212, 0x0212, 0x0211, 0x0212, 0x0212, 0x01F1, 0x0211, 0x0212, 0x0211, 0x0211, 0x0211, 0x0211,
    0x0211, 0x0211, 0x0211, 0x0212, 0x0212, 0x0212, 0x0212, 0x0212, 0x0212, 0x0212, 0x0212, 0x0212, 0x0212, 0x0212, 0x0212, 0x0212,
    0x0212, 0x0212, 0x0212, 0x0212, 0x0212, 0x0212, 0x0212, 0x0212, 0x0212, 0x0212, 0x0212, 0x0212, 0x0212, 0x0212, 0x0212, 0x0212,
    0x01D1, 0x01F0, 0x4353, 0x7475, 0x8CF7, 0xB5F9, 0xEF7D, 0xCE99, 0x6BD1, 0x120F, 0x01F1, 0x0211, 0x0211, 0x0212, 0x0212, 0x0212,
    0x0212, 0x0212, 0x0212, 0x0212, 0x0212, 0x0231, 0x0211, 0x0212, 0x0212, 0x0212, 0x0211, 0x0212, 0x0212, 0x0212, 0x01F1, 0x1230,
    0x3B10, 0x4B0F, 0x32CF, 0x1A4F, 0x4B0E, 0x636B, 0x93EA, 0x8BA8, 0x8BA7, 0x9BE9, 0xA44B, 0xAC8D, 0xA48E, 0xBCEF, 0xB46C, 0xAC6B,
    0xA44C, 0x634D, 0x122F, 0x0211, 0x0212, 0x0212, 0x0212, 0x0212, 0x0212, 0x0212, 0x0212, 0x0212, 0x0212, 0x0212, 0x0212, 0x0212,
    0x0212, 0x0212, 0x0212, 0x0212, 0x0212, 0x0212, 0x0212, 0x0212, 0x01F1, 0x1A50, 0x1A70, 0x01D1, 0x1231, 0x0210, 0x01D1, 0x01F1,
    0x0211, 0x0211, 0x0211, 0x0211, 0x0211, 0x0211, 0x0211, 0x0231, 0x0211, 0x0212, 0x0212, 0x0211, 0x0211, 0x0211, 0x0211, 0x0211,
    0x0211, 0x0211, 0x0211, 0x0211, 0x0212, 0x0212, 0x0212, 0x0212, 0x0212, 0x0212, 0x0211, 0x0211, 0x0211, 0x0211, 0x0211, 0x0211,
    0x0211, 0x0211, 0x0212, 0x0212, 0x0212, 0x0212, 0x0212, 0x0212, 0x0212, 0x0212, 0x0212, 0x0212, 0x0212, 0x0212, 0x0212, 0x0211,
    0x0212, 0x0212, 0x0212, 0x0212, 0x0212, 0x0212, 0x0212, 0x0212, 0x0212, 0x0212, 0x0212, 0x0212, 0x0212, 0x0212, 0x0212, 0x0212,
    0x0212, 0x0212, 0x0212, 0x0212, 0x0212, 0x0212, 0x0212, 0x0212, 0x0212, 0x0212, 0x0212, 0x0212, 0x0212, 0x0212, 0x01F1, 0x1230,
    0x2A6F, 0x2A6E, 0x2A6D, 0x42EE, 0x2A4D, 0x7BCC, 0x9C2A, 0xD58F, 0xBD10, 0x32D0, 0x01CF, 0x83ED, 0x8BEB, 0x738C, 0x430F, 0x018E,
    0x532E, 0x7C0D, 0x9C8F, 0x8BEC, 0xB4CC, 0x5B4E, 0x01D0, 0x120F, 0x0A0F, 0x01AE, 0xA511, 0xACCE, 0x4AEE, 0x01B1, 0x01D2, 0x01B1,
    0x01D0, 0x1A71, 0x2AF2, 0x2291, 0x01AE, 0x1250, 0x01F1, 0x0211, 0x01F1, 0x0211, 0x0211, 0x0211, 0x0212, 0x0212, 0x01D0, 0x1251,
    0x0A30, 0x0A31, 0x01F1, 0x01D0, 0x01D0, 0x1A51, 0x84F7, 0xEF7E, 0xFFDF, 0xFFFF, 0xFFFF, 0xFFFF, 0xFFFF, 0xFFFF, 0xFFDF, 0xFFFF,
    0xFFFF, 0xFFFF, 0xFFFF, 0xFFFF, 0xFFDF, 0xFFFF, 0xFFFF, 0xFFFF, 0xFFFF, 0xFFFF, 0xFFFF, 0xFFFF, 0xFFFF, 0xFFFF, 0xFFFF, 0xFFFF,
    0xFFFF, 0xFFDF, 0xFFDF, 0xFFDF, 0xF79E, 0xF7BE, 0xF79D, 0xBD93, 0xACEF, 0x4B2F, 0x01D0, 0x0212, 0x0212, 0x0212, 0x0212, 0x0212,
    0x0212, 0x0212, 0x0212, 0x0212, 0x0212, 0x0212, 0x0212, 0x0212, 0x0212, 0x0212, 0x0212, 0x0212, 0x0212, 0x0212, 0x0212, 0x0212,
    0x0212, 0x0212, 0x0212, 0x0212, 0x0212, 0x0212, 0x0212, 0x0212, 0x0212, 0x0212, 0x0212, 0x0212, 0x0211, 0x0212, 0x0211, 0x0212,
    0x0212, 0x0212, 0x0212, 0x0212, 0x0212, 0x0212, 0x0212, 0x0212, 0x0212, 0x0212, 0x0212, 0x0212, 0x0212, 0x0212, 0x0212, 0x0212,
    0x0212, 0x0212, 0x0212, 0x0212, 0x0212, 0x0212, 0x0212, 0x0212, 0x0212, 0x0212, 0x0212, 0x0212, 0x0212, 0x0212, 0x01F2, 0x01F0,
    0x6C35, 0xC67A, 0xFFFF, 0xFFFF, 0xDEFC, 0x9D78, 0x4B52, 0x09EF, 0x01B0, 0x01F1, 0x0211, 0x01F1, 0x0211, 0x0212, 0x0212, 0x0212,
    0x0212, 0x0212, 0x0212, 0x0212, 0x0212, 0x0A31, 0x0A31, 0x0212, 0x0212, 0x0212, 0x0212, 0x01F1, 0x01F0, 0x1A2F, 0x32AF, 0x8410,
    0xACAE, 0xAC8D, 0x8C2E, 0x9C6E, 0x9C2A, 0x8BA8, 0x93A8, 0x9BC8, 0xAC6B, 0xBCCD, 0xB4CE, 0xBD0F, 0xBD0F, 0xAC6C, 0xA42A, 0x9BE9,
    0x9BC9, 0x93EA, 0x42CD, 0x01F1, 0x0212, 0x0212, 0x0212, 0x0212, 0x0212, 0x0212, 0x0212, 0x0212, 0x0212, 0x0212, 0x0212, 0x0212,
    0x0212, 0x0212, 0x0212, 0x0212, 0x0212, 0x0212, 0x0A31, 0x0A51, 0x226E, 0x942C, 0x944C, 0x4ACC, 0x73AC, 0x5B2C, 0x3ACE, 0x226F,
    0x0210, 0x01F1, 0x01D1, 0x01F2, 0x01F2, 0x0212, 0x0211, 0x0211, 0x0212, 0x0212, 0x0211, 0x0211, 0x0211, 0x0211, 0x0211, 0x0211,
    0x0211, 0x0211, 0x0211, 0x0211, 0x0212, 0x0212, 0x0212, 0x0212, 0x0211, 0x0212, 0x0211, 0x0211, 0x0211, 0x0211, 0x0211, 0x0212,
    0x0211, 0x0211, 0x0212, 0x0212, 0x0212, 0x0212, 0x0212, 0x0212, 0x0212, 0x0212, 0x0212, 0x0212, 0x0212, 0x0212, 0x0212, 0x0211,
    0x0212, 0x0212, 0x0212, 0x0212, 0x0212, 0x0212, 0x0212, 0x0212, 0x0212, 0x0212, 0x0212, 0x0212, 0x0212, 0x0212, 0x0212, 0x0212,
    0x0212, 0x0212, 0x0212, 0x0212, 0x0212, 0x0212, 0x0212, 0x0212, 0x0212, 0x0212, 0x0212, 0x0212, 0x0212, 0x0211, 0x0211, 0x01F2,
    0x01F2, 0x01F1, 0x0A31, 0x1230, 0x532F, 0x940B, 0x940A, 0x8BCB, 0x9C0B, 0x942D, 0x840E, 0x9C4C, 0xAC6A, 0xB4AB, 0x634E, 0x3B10,
    0x1A4F, 0x2AD0, 0x328E, 0x9C6E, 0xBD2F, 0x32AE, 0x224F, 0xAD11, 0x8471, 0x09AE, 0x8C50, 0xC52D, 0xB4CE, 0x8C2E, 0x7C0F, 0x638F,
    0xB619, 0xEF9E, 0xF7BE, 0xE75E, 0x9517, 0x1210, 0x01F1, 0x0212, 0x0212, 0x0211, 0x0211, 0x0211, 0x0211, 0x0212, 0x0212, 0x01F1,
    0x0212, 0x0212, 0x0232, 0x0232, 0x0232, 0x0211, 0x012E, 0x7C96, 0xFFFF, 0xFFDE, 0xFFFF, 0xFFFF, 0xFFFF, 0xFFFF, 0xFFFF, 0xFFFF,
    0xFFFF, 0xFFFF, 0xFFFF, 0xFFFF, 0xFFDF, 0xFFFF, 0xFFFF, 0xFFFF, 0xFFDF, 0xFFFF, 0xFFFF, 0xFFFF, 0xFFFF, 0xFFFF, 0xFFFF, 0xFFDF,
    0xFFDF, 0xFFDF, 0xFFDF, 0xFFDF, 0xFFDF, 0xFFFF, 0xEF3C, 0x94B1, 0x842E, 0x6BAE, 0x228F, 0x0A31, 0x01F2, 0x0212, 0x0212, 0x0212,
    0x0212, 0x0212, 0x0212, 0x0212, 0x0212, 0x0212, 0x0212, 0x0212, 0x0212, 0x0212, 0x0212, 0x0212, 0x0212, 0x0212, 0x0212, 0x0212,
    0x0212, 0x0212, 0x0212, 0x0212, 0x0212, 0x0212, 0x0212, 0x0212, 0x0212, 0x0211, 0x0211, 0x0212, 0x0212, 0x0212, 0x0211, 0x0211,
    0x0212, 0x0212, 0x0212, 0x0212, 0x0212, 0x0212, 0x0212, 0x0212, 0x0212, 0x0212, 0x0212, 0x0212, 0x0212, 0x0212, 0x0212, 0x0212,
    0x0212, 0x0212, 0x0212, 0x0212, 0x0212, 0x0212, 0x0212, 0x0212, 0x0212, 0x0212, 0x0212, 0x0212, 0x0212, 0x0A11, 0x1A4F, 0x9536,
    0xFFFF, 0xFFFF, 0xC65A, 0x4B73, 0x09F0, 0x01B0, 0x01D1, 0x0212, 0x0211, 0x01F1, 0x0211, 0x0211, 0x0212, 0x0211, 0x0212, 0x0212,
    0x0212, 0x0212, 0x0212, 0x0212, 0x0211, 0x1A71, 0x0211, 0x0212, 0x0212, 0x0212, 0x01F0, 0x2A6E, 0x7B8C, 0x9C2C, 0xB4AD, 0xC50F,
    0xBCCE, 0xB48B, 0xAC4A, 0xA428, 0x93C7, 0x9BE9, 0xA409, 0xA40A, 0xAC4B, 0xA40A, 0xA40A, 0x93C9, 0x9C0A, 0x9BE9, 0x8BA8, 0x93C9,
    0x93C8, 0x940A, 0x3AAD, 0x01F1, 0x0212, 0x0212, 0x0212, 0x0212, 0x0212, 0x0212, 0x0212, 0x0212, 0x0212, 0x0212, 0x0212, 0x0212,
    0x0212, 0x0212, 0x0212, 0x0212, 0x0212, 0x0212, 0x1251, 0x1A50, 0x534D, 0xA469, 0x9C08, 0xAC69, 0xA429, 0x7349, 0x942A, 0x8C0C,
    0x09EE, 0x32AE, 0x4B0D, 0x2A6D, 0x124F, 0x0211, 0x0212, 0x0212, 0x0212, 0x0211, 0x0211, 0x0211, 0x0211, 0x0211, 0x0211, 0x0211,
    0x0211, 0x0211, 0x0212, 0x0212, 0x0212, 0x0212, 0x0212, 0x0212, 0x0212, 0x0212, 0x0211, 0x0211, 0x0211, 0x0211, 0x0211, 0x0211,
    0x0211, 0x0211, 0x0212, 0x0212, 0x0212, 0x0212, 0x0212, 0x0212, 0x0212, 0x0212, 0x0212, 0x0212, 0x0212, 0x0212, 0x0212, 0x0212,
    0x0212, 0x0211, 0x0211, 0x0212, 0x0212, 0x0212, 0x0212, 0x0212, 0x0212, 0x0212, 0x0212, 0x0212, 0x0212, 0x0212, 0x0212, 0x0212,
    0x0212, 0x0212, 0x0212, 0x0212, 0x0212, 0x0212, 0x0212, 0x0212, 0x0212, 0x0212, 0x0212, 0x0212, 0x0212, 0x0212, 0x01F2, 0x01F2,
    0x01F1, 0x0212, 0x0212, 0x0212, 0x1271, 0x3AEF, 0x3ACE, 0x42CC, 0x7BAB, 0x93EA, 0x83CB, 0x530C, 0x532D, 0x534F, 0x1A4F, 0x32F1,
    0x1251, 0x01F2, 0x0211, 0x4B0F, 0x534F, 0x0A10, 0x4310, 0xCDB0, 0xD5F2, 0x32AF, 0x8C71, 0xCD4E, 0xC56F, 0xCD4E, 0xD58F, 0xEE95,
    0xF77B, 0xC616, 0xF77D, 0xFFFF, 0xA598, 0x0A10, 0x0212, 0x0212, 0x0212, 0x0212, 0x0211, 0x0211, 0x0211, 0x0211, 0x0212, 0x0212,
    0x0212, 0x0212, 0x0212, 0x0211, 0x0211, 0x0211, 0x01F1, 0x1A30, 0xAE1A, 0xFFFF, 0xFFDF, 0xFFFF, 0xFFFF, 0xFFDF, 0xFFFF, 0xFFFF,
    0xFFFF, 0xFFFF, 0xFFFF, 0xFFFF, 0xFFFF, 0xFFFF, 0xFFFF, 0xFFFF, 0xFFFF, 0xFFFF, 0xFFFF, 0xFFFF, 0xFFFF, 0xFFFF, 0xFFFF, 0xFFDF,
    0xFFDF, 0xFFDF, 0xFFDF, 0xFFDF, 0xFFFF, 0xFFFF, 0xE73C, 0xA4F1, 0x5B4D, 0x328D, 0x3AD0, 0x1251, 0x01F2, 0x0212, 0x0212, 0x0212,
    0x0212, 0x0212, 0x0212, 0x0212, 0x0212, 0x0212, 0x0212, 0x0212, 0x0212, 0x0212, 0x0212, 0x0212, 0x0212, 0x0212, 0x0212, 0x0212,
    0x0212, 0x0212, 0x0212, 0x0212, 0x0212, 0x0212, 0x0212, 0x0211, 0x0211, 0x0211, 0x0211, 0x0211, 0x0212, 0x0212, 0x0211, 0x0211,
    0x0212, 0x0212, 0x0212, 0x0212, 0x0212, 0x0212, 0x0212, 0x0212, 0x0212, 0x0212, 0x0212, 0x0212, 0x0212, 0x0212, 0x0212, 0x0212,
    0x0212, 0x0212, 0x0212, 0x0212, 0x0212, 0x0212, 0x0212, 0x0212, 0x0212, 0x0212, 0x0212, 0x0212, 0x0212, 0x1A2E, 0xAD75, 0xFFFF,
    0xDEDA, 0x84B4, 0x1A50, 0x01B1, 0x0212, 0x0232, 0x0232, 0x0212, 0x0211, 0x0211, 0x0211, 0x0211, 0x0212, 0x0212, 0x0212, 0x0212,
    0x0212, 0x0212, 0x0212, 0x0212, 0x0232, 0x0A31, 0x0232, 0x0212, 0x0A30, 0x2A6E, 0x634C, 0x93EA, 0x9BC8, 0xA3E8, 0xA3E9, 0xA3E9,
    0xA3E8, 0xAC09, 0xAC4A, 0xB48C, 0xB46B, 0xAC4B, 0x93EA, 0x9C09, 0x9BC9, 0x736B, 0x7BAA, 0x93E9, 0x93E9, 0x9BE9, 0x93E9, 0x93C8,
    0x8BC9, 0x52EC, 0x01CF, 0x0212, 0x0212, 0x0212, 0x0212, 0x0212, 0x0212, 0x0212, 0x0212, 0x0212, 0x0212, 0x0212, 0x0212, 0x0212,
    0x0212, 0x0212, 0x0212, 0x0212, 0x0212, 0x0212, 0x0212, 0x01F1, 0x226F, 0x7BCC, 0x83CA, 0x738B, 0x738B, 0x6B4C, 0x530C, 0x2A6E,
    0x01D0, 0x1A2F, 0x636C, 0x83CA, 0x73AC, 0x226F, 0x01F1, 0x0212, 0x0212, 0x0212, 0x0211, 0x0211, 0x0212, 0x0211, 0x0211, 0x0211,
    0x0211, 0x0211, 0x0212, 0x0212, 0x0212, 0x0212, 0x0212, 0x0212, 0x0212, 0x0212, 0x0211, 0x0212, 0x0211, 0x0211, 0x0211, 0x0211,
    0x0212, 0x0211, 0x0211, 0x0212, 0x0212, 0x0212, 0x0212, 0x0212, 0x0212, 0x0212, 0x0212, 0x0212, 0x0212, 0x0212, 0x0212, 0x0212,
    0x0212, 0x0212, 0x0212, 0x0212, 0x0212, 0x0212, 0x0212, 0x0212, 0x0211, 0x0212, 0x0212, 0x0212, 0x0212, 0x0212, 0x0212, 0x0212,
    0x0212, 0x0212, 0x0212, 0x0212, 0x0212, 0x0212, 0x0212, 0x0212, 0x0212, 0x0212, 0x0212, 0x0212, 0x0212, 0x0211, 0x1A50, 0x2A8F,
    0x430F, 0x1A4F, 0x01F1, 0x0211, 0x01F1, 0x01F2, 0x01F0, 0x4B30, 0x7BCE, 0x42CD, 0x0A0F, 0x01D1, 0x01F1, 0x01F1, 0x0212, 0x01F1,
    0x0212, 0x0232, 0x0212, 0x01D1, 0x01D1, 0x0212, 0x0211, 0x1A50, 0x2AB0, 0x01F0, 0x1250, 0x4B30, 0x4330, 0x5B8F, 0x8430, 0x7412,
    0x6BF2, 0x3AAE, 0x5B92, 0x7496, 0x2AD2, 0x01F1, 0x0232, 0x0212, 0x0212, 0x0212, 0x0211, 0x0211, 0x0211, 0x0211, 0x0211, 0x0211,
    0x0211, 0x0211, 0x0211, 0x0211, 0x0211, 0x0211, 0x0212, 0x01D0, 0x122E, 0xD6FC, 0xFFFF, 0xFFDF, 0xFFFF, 0xFFFF, 0xFFDF, 0xFFFF,
    0xFFFF, 0xFFFF, 0xFFFF, 0xFFFF, 0xFFFF, 0xFFDF, 0xFFFF, 0xFFFF, 0xFFFF, 0xFFFF, 0xFFFF, 0xFFFF, 0xFFFF, 0xFFFF, 0xFFFF, 0xFFDF,
    0xFFFF, 0xFFDF, 0xFFDF, 0xFFDF, 0xEF5D, 0xE73C, 0xCE57, 0x946E, 0x8C0C, 0x4B0E, 0x01D0, 0x01F1, 0x0212, 0x0212, 0x0212, 0x0212,
    0x0212, 0x0212, 0x0212, 0x0212, 0x0212, 0x0212, 0x0212, 0x0212, 0x0212, 0x0212, 0x0212, 0x0212, 0x0212, 0x0212, 0x0212, 0x0212,
    0x0212, 0x0212, 0x0212, 0x0212, 0x0212, 0x0212, 0x0212, 0x0212, 0x0211, 0x0211, 0x0212, 0x0211, 0x0A31, 0x0211, 0x0212, 0x0212,
    0x0212, 0x0212, 0x0212, 0x0212, 0x0212, 0x0212, 0x0212, 0x0212, 0x0212, 0x0212, 0x0212, 0x0212, 0x0212, 0x0212, 0x0212, 0x0212,
    0x0212, 0x0212, 0x0212, 0x0212, 0x0212, 0x0212, 0x0212, 0x0212, 0x0212, 0x0212, 0x0212, 0x0212, 0x01D0, 0x4B2F, 0xD678, 0xC637,
    0x6390, 0x01AF, 0x01F1, 0x0212, 0x0212, 0x0212, 0x0212, 0x0212, 0x0212, 0x0212, 0x0212, 0x0211, 0x0212, 0x0212, 0x0212, 0x0211,
    0x0212, 0x0212, 0x0211, 0x0A31, 0x0232, 0x0232, 0x0232, 0x0A31, 0x228F, 0x738B, 0xA409, 0x9387, 0x9BC8, 0xA3E9, 0xAC0A, 0xB46B,
    0xB48C, 0xBCCD, 0xBCCD, 0xBCED, 0xA409, 0x940A, 0x5B2C, 0x6B6C, 0x7B8A, 0x7B8A, 0x8BCA, 0x8BC9, 0x8BCA, 0x9BC8, 0x9C09, 0x6B4B,
    0x3A8C, 0x42EE, 0x1250, 0x0212, 0x0212, 0x0212, 0x0212, 0x0212, 0x0212, 0x0212, 0x0212, 0x0212, 0x0212, 0x0212, 0x0212, 0x0212,
    0x0212, 0x0212, 0x0212, 0x0212, 0x0212, 0x0212, 0x0211, 0x0212, 0x01F1, 0x0A10, 0x1A4F, 0x01EF, 0x01D0, 0x01F0, 0x01F1, 0x01F1,
    0x0211, 0x01F1, 0x01F1, 0x122F, 0x0A30, 0x0211, 0x0212, 0x0211, 0x0211, 0x0211, 0x0211, 0x0211, 0x0212, 0x0212, 0x0211, 0x0212,
    0x0212, 0x0212, 0x0211, 0x0212, 0x0212, 0x0212, 0x0212, 0x0212, 0x0212, 0x0212, 0x0212, 0x0212, 0x0212, 0x0212, 0x0211, 0x0212,
    0x0211, 0x0212, 0x0212, 0x0212, 0x0212, 0x0212, 0x0212, 0x0212, 0x0212, 0x0212, 0x0212, 0x0212, 0x0212, 0x0212, 0x0212, 0x0212,
    0x0212, 0x0212, 0x0212, 0x0212, 0x0212, 0x0212, 0x0212, 0x0212, 0x0212, 0x0212, 0x0212, 0x0212, 0x0212, 0x0212, 0x0212, 0x0212,
    0x0212, 0x0212, 0x0212, 0x0212, 0x0212, 0x0212, 0x0212, 0x0212, 0x0212, 0x0212, 0x0212, 0x0212, 0x0212, 0x01F1, 0x5B6E, 0xAC8C,
    0xAC6A, 0x9C4C, 0x738D, 0x7BCD, 0x5B4F, 0x0A0F, 0x0211, 0x01F1, 0x01D0, 0x01D1, 0x0211, 0x0211, 0x0231, 0x0231, 0x01D0, 0x0211,
    0x0232, 0x0212, 0x01F1, 0x0A10, 0x1A4F, 0x1A50, 0x01F1, 0x1230, 0x4B50, 0x4B50, 0x228F, 0x1A71, 0x01F1, 0x01D0, 0x016E, 0x016E,
    0x01B0, 0x01B0, 0x016F, 0x0190, 0x01B1, 0x01D1, 0x01D1, 0x0212, 0x0212, 0x0211, 0x0211, 0x0211, 0x0211, 0x0211, 0x0211, 0x0211,
    0x0211, 0x0211, 0x0211, 0x0211, 0x0211, 0x0211, 0x0212, 0x0232, 0x0A0F, 0xADD8, 0xFFFF, 0xFFDF, 0xFFFF, 0xFFFF, 0xFFFF, 0xFFFF,
    0xFFDF, 0xFFFF, 0xFFFF, 0xFFFF, 0xFFFF, 0xFFDF, 0xFFFF, 0xFFFF, 0xFFFF, 0xFFFF, 0xFFFF, 0xFFFF, 0xFFFF, 0xFFFF, 0xFFFF, 0xFFFF,
    0xFFDF, 0xFFDF, 0xF7BE, 0xDEFB, 0xB5B6, 0xB552, 0xA46D, 0x73AC, 0x636E, 0x1A2F, 0x0211, 0x0212, 0x0212, 0x0212, 0x0212, 0x0212,
    0x0212, 0x0212, 0x0212, 0x0212, 0x0212, 0x0212, 0x0212, 0x0212, 0x0212, 0x0212, 0x0212, 0x0212, 0x0212, 0x0212, 0x0212, 0x0212,
    0x0212, 0x0212, 0x0212, 0x0212, 0x0212, 0x0212, 0x0212, 0x0212, 0x0212, 0x0212, 0x0212, 0x0211, 0x0A31, 0x0211, 0x0212, 0x0212,
    0x0212, 0x0212, 0x0212, 0x0212, 0x0212, 0x0212, 0x0212, 0x0212, 0x0212, 0x0212, 0x0212, 0x0212, 0x0212, 0x0212, 0x0212, 0x0212,
    0x0212, 0x0212, 0x0212, 0x0212, 0x0212, 0x0212, 0x0212, 0x0212, 0x0212, 0x0212, 0x0212, 0x0211, 0x32AF, 0xAD33, 0xCE36, 0x73CF,
    0x09EF, 0x0211, 0x0211, 0x0211, 0x0212, 0x0212, 0x0212, 0x0212, 0x0212, 0x0212, 0x0212, 0x0212, 0x0212, 0x0212, 0x0212, 0x0212,
    0x0211, 0x0212, 0x0212, 0x0212, 0x0212, 0x0211, 0x0A51, 0x0211, 0x09EF, 0x4B0C, 0x8BE9, 0x93A8, 0xA3E9, 0xA3E9, 0xA409, 0xAC6C,
    0xB4CE, 0xAC4B, 0x9BE9, 0x93C8, 0x93E9, 0x83C9, 0x840B, 0x83CB, 0xA46B, 0xA44A, 0x9BE9, 0x93EA, 0x93EA, 0x9409, 0x52EB, 0x2A6E,
    0x224E, 0x534E, 0x1250, 0x01F2, 0x01F2, 0x01F2, 0x01F2, 0x0212, 0x0212, 0x0211, 0x0212, 0x01F1, 0x01F1, 0x01F2, 0x0212, 0x0212,
    0x0212, 0x0212, 0x0212, 0x0212, 0x0212, 0x0212, 0x0A31, 0x1250, 0x0211, 0x0212, 0x01D1, 0x228F, 0x328E, 0x0A10, 0x01F1, 0x0211,
    0x0211, 0x0211, 0x0212, 0x0212, 0x0212, 0x0212, 0x0212, 0x0211, 0x0211, 0x0211, 0x0212, 0x0212, 0x0212, 0x0212, 0x0212, 0x0212,
    0x0212, 0x0212, 0x0212, 0x0212, 0x0212, 0x0212, 0x0212, 0x0212, 0x0212, 0x0212, 0x0212, 0x0212, 0x0212, 0x0212, 0x0212, 0x0212,
    0x0211, 0x0212, 0x0212, 0x0212, 0x0212, 0x0212, 0x0212, 0x0212, 0x0212, 0x0212, 0x0212, 0x0212, 0x0212, 0x0212, 0x0212, 0x0212,
    0x0212, 0x0212, 0x0212, 0x0212, 0x0212, 0x0212, 0x0212, 0x0211, 0x0212, 0x0212, 0x0212, 0x0212, 0x0212, 0x0212, 0x0212, 0x0212,
    0x0212, 0x0212, 0x0212, 0x0212, 0x0212, 0x0212, 0x0212, 0x0212, 0x0212, 0x0212, 0x0212, 0x0212, 0x0212, 0x01F1, 0x4AED, 0xA44A,
    0x9C08, 0xA429, 0xAC6A, 0xAC49, 0xBCCB, 0x73CE, 0x01CF, 0x0211, 0x0211, 0x0211, 0x0211, 0x0231, 0x0210, 0x32B0, 0x8CD3, 0x32F1,
    0x01F1, 0x01F1, 0x4B50, 0x7BCC, 0x940B, 0x6B8D, 0x11EE, 0x6BAE, 0xD58E, 0xD56F, 0xCD90, 0x6BD1, 0x01B0, 0x2290, 0x8CD3, 0x9CF3,
    0x2A8F, 0x2AB0, 0x6C54, 0x4352, 0x4B72, 0x5BB2, 0x4B93, 0x0211, 0x0212, 0x0211, 0x0211, 0x0211, 0x0211, 0x0211, 0x0211, 0x0211,
    0x0211, 0x0212, 0x0212, 0x0211, 0x0211, 0x0212, 0x0212, 0x0212, 0x01F0, 0x5371, 0xFFFF, 0xFFFF, 0xFFDF, 0xFFFF, 0xFFFF, 0xFFFF,
    0xFFDF, 0xFFFF, 0xFFFF, 0xFFFF, 0xFFDF, 0xFFFF, 0xFFDF, 0xFFDF, 0xFFFF, 0xFFFF, 0xFFFF, 0xFFFF, 0xFFFF, 0xFFFF, 0xFFFF, 0xFFFF,
    0xFFDF, 0xE73C, 0xCE79, 0xB595, 0x9CF3, 0x6BCF, 0x7BAB, 0x8C0C, 0x42EE, 0x01D1, 0x0212, 0x0211, 0x0211, 0x0212, 0x0212, 0x0212,
    0x0212, 0x0212, 0x0212, 0x0212, 0x0212, 0x0212, 0x0212, 0x0212, 0x0212, 0x0212, 0x0212, 0x0212, 0x0212, 0x0212, 0x0212, 0x0212,
    0x0212, 0x0212, 0x0212, 0x0212, 0x0212, 0x0212, 0x0212, 0x0212, 0x0212, 0x0212, 0x0212, 0x0212, 0x0212, 0x0212, 0x0212, 0x0212,
    0x0212, 0x0212, 0x0212, 0x0212, 0x0211, 0x0212, 0x0212, 0x0212, 0x0212, 0x0212, 0x0212, 0x0212, 0x0212, 0x0212, 0x0212, 0x0212,
    0x0212, 0x0212, 0x0212, 0x0212, 0x0212, 0x0212, 0x0212, 0x0212, 0x0212, 0x0212, 0x0212, 0x01CF, 0x636E, 0xAD31, 0x8C2E, 0x226F,
    0x01F2, 0x0211, 0x0211, 0x0211, 0x0211, 0x0212, 0x0212, 0x0212, 0x0212, 0x0212, 0x0A31, 0x1271, 0x0212, 0x0212, 0x01F2, 0x0211,
    0x0211, 0x0211, 0x0211, 0x01F1, 0x228F, 0x4B0D, 0x5B4D, 0x6B8D, 0x7BEC, 0x73A9, 0x8BE8, 0xA429, 0x9BE9, 0x93C8, 0x9BE9, 0x93C8,
    0x9BE9, 0x9BE8, 0x93E8, 0x9C09, 0xA42A, 0xA44A, 0xA44B, 0xA42A, 0xAC4A, 0x9C09, 0x9C09, 0x93E9, 0x6B2A, 0x2A6C, 0x222D, 0x6B6C,
    0x7BCB, 0x636C, 0x430E, 0x3AEF, 0x534E, 0x42EE, 0x2A8F, 0x0210, 0x01F2, 0x0212, 0x01F1, 0x224E, 0x4B0B, 0x2A6D, 0x0A0F, 0x0A30,
    0x01F1, 0x0212, 0x0212, 0x0212, 0x0212, 0x0212, 0x0211, 0x0211, 0x0211, 0x0211, 0x0211, 0x224E, 0x7BCB, 0x83EB, 0x226F, 0x0212,
    0x0232, 0x0231, 0x0212, 0x0211, 0x0212, 0x0212, 0x0212, 0x0211, 0x0211, 0x0211, 0x0212, 0x0212, 0x0212, 0x0212, 0x0212, 0x0212,
    0x0212, 0x0212, 0x0212, 0x0212, 0x0212, 0x0212, 0x0212, 0x0212, 0x0212, 0x0212, 0x0212, 0x0212, 0x0212, 0x0212, 0x0212, 0x0212,
    0x0211, 0x0212, 0x0212, 0x0212, 0x0212, 0x0212, 0x0212, 0x0211, 0x0211, 0x0211, 0x0211, 0x0212, 0x0212, 0x0212, 0x0212, 0x0212,
    0x0212, 0x0212, 0x0212, 0x0212, 0x0212, 0x0212, 0x0212, 0x0212, 0x0212, 0x0212, 0x0212, 0x0212, 0x0212, 0x0212, 0x0212, 0x0212,
    0x0212, 0x0212, 0x0212, 0x0212, 0x0212, 0x0212, 0x0212, 0x0211, 0x0212, 0x0212, 0x0212, 0x0212, 0x0212, 0x0A10, 0x7BCC, 0x9C08,
    0x9408, 0x93E8, 0x9C28, 0x9C09, 0x83AB, 0x7BAC, 0x73CE, 0x2A8E, 0x0A10, 0x01F0, 0x0A31, 0x01AF, 0x5370, 0x9C6E, 0xBD71, 0x3B11,
    0x01F1, 0x22B1, 0x2A6D, 0x944D, 0xA46A, 0x532C, 0x2A8E, 0x946E, 0xC4EB, 0xDD8E, 0x9C8F, 0x09CE, 0x09EF, 0xBD93, 0xEE72, 0x636D,
    0x52EB, 0xA4AE, 0xC591, 0x942D, 0x8C51, 0xDEB8, 0xEEFA, 0x7454, 0x01D0, 0x0212, 0x0211, 0x0211, 0x0211, 0x0211, 0x0211, 0x0211,
    0x0211, 0x0212, 0x0212, 0x0212, 0x0212, 0x0212, 0x0212, 0x0212, 0x0231, 0x226D, 0xBE38, 0xFFFF, 0xFFDF, 0xFFFF, 0xFFFF, 0xFFFF,
    0xFFFF, 0xFFFF, 0xFFFF, 0xFFFF, 0xFFFF, 0xFFDF, 0xFFDF, 0xFFDF, 0xFFDF, 0xFFFF, 0xFFDF, 0xFFFF, 0xFFFF, 0xFFFF, 0xFFFF, 0xFFDF,
    0xFFDF, 0xE71C, 0xAD54, 0x8CB2, 0x5B4E, 0x5B2D, 0x4AED, 0x2A8E, 0x0A10, 0x0211, 0x0211, 0x0211, 0x0211, 0x0211, 0x0212, 0x0212,
    0x0212, 0x0212, 0x0212, 0x0212, 0x0212, 0x0212, 0x0212, 0x0212, 0x0212, 0x0212, 0x0212, 0x0212, 0x0212, 0x0212, 0x0212, 0x0212,
    0x0212, 0x0212, 0x0212, 0x0212, 0x0212, 0x0212, 0x0212, 0x0212, 0x0212, 0x0212, 0x0212, 0x0212, 0x0212, 0x0212, 0x0212, 0x0212,
    0x0212, 0x0212, 0x0212, 0x0212, 0x0212, 0x0212, 0x0212, 0x0212, 0x0212, 0x0212, 0x0212, 0x0212, 0x0212, 0x0212, 0x0212, 0x0212,
    0x0212, 0x0212, 0x0212, 0x0212, 0x0212, 0x0212, 0x0212, 0x0212, 0x0212, 0x0212, 0x01F1, 0x3AAD, 0x9C8F, 0x9C4D, 0x326D, 0x01F1,
    0x0212, 0x0211, 0x0212, 0x0212, 0x0212, 0x0212, 0x0212, 0x0212, 0x0232, 0x01F1, 0x32AE, 0x534E, 0x0210, 0x0212, 0x1270, 0x0A30,
    0x0211, 0x01F1, 0x0A31, 0x09EF, 0x6B6C, 0xA448, 0x9C08, 0xAC68, 0xA468, 0x9427, 0x9428, 0x9428, 0x8C07, 0x9407, 0x9408, 0x9408,
    0x9408, 0x8BC7, 0x9C09, 0xAC2A, 0xA42A, 0xAC4A, 0x9C29, 0xA46B, 0xA44A, 0x9C08, 0x9C09, 0x6B49, 0x5AEB, 0x5B2B, 0x83CA, 0x8BC8,
    0x93E8, 0x9408, 0x7BA9, 0x9C69, 0xA448, 0xA449, 0x942A, 0x4AEC, 0x1A4E, 0x122F, 0x01CF, 0x3AAB, 0x7B86, 0x6B67, 0x5B28, 0x634A,
    0x2A8D, 0x0211, 0x0212, 0x0212, 0x0212, 0x0212, 0x0212, 0x0211, 0x0211, 0x0211, 0x0211, 0x1230, 0x1A4E, 0x32AE, 0x1A70, 0x01F2,
    0x0212, 0x0232, 0x0232, 0x0232, 0x0212, 0x0212, 0x0211, 0x0211, 0x0211, 0x0212, 0x0212, 0x0212, 0x0212, 0x0212, 0x0212, 0x0212,
    0x0212, 0x0212, 0x0212, 0x0212, 0x0212, 0x0212, 0x0212, 0x0212, 0x0212, 0x0212, 0x0212, 0x0212, 0x0212, 0x0212, 0x0212, 0x0212,
    0x0211, 0x0212, 0x0212, 0x0212, 0x0212, 0x0211, 0x0211, 0x0211, 0x0211, 0x0212, 0x0212, 0x0212, 0x0212, 0x0212, 0x0212, 0x0212,
    0x0212, 0x0212, 0x0212, 0x0212, 0x0212, 0x0212, 0x0212, 0x0212, 0x0212, 0x0212, 0x0212, 0x0212, 0x0212, 0x0212, 0x0212, 0x0212,
    0x0212, 0x0212, 0x0212, 0x0212, 0x0212, 0x0212, 0x0212, 0x0212, 0x0212, 0x0212, 0x0212, 0x0212, 0x01F2, 0x226E, 0x8C0A, 0x8BE7,
    0x8C07, 0xA448, 0x8C0A, 0x5B0C, 0x8C0C, 0xA44A, 0x9C2A, 0x7B8B, 0x9C6D, 0x4ACC, 0x6BAF, 0x4B2E, 0x6BAE, 0xDDAE, 0x840E, 0x01F0,
    0x0211, 0x8451, 0x7BEE, 0x940B, 0x9C09, 0x7BAA, 0x328D, 0x634C, 0x940B, 0x636E, 0x226F, 0x018F, 0x5370, 0xEE72, 0xB4EE, 0x2A4C,
    0x8C2D, 0xA42A, 0xA42A, 0xA46D, 0x4AED, 0x3ACF, 0x6370, 0x84B5, 0x1A50, 0x01D1, 0x0212, 0x0211, 0x0211, 0x0211, 0x0212, 0x0211,
    0x0212, 0x0212, 0x0212, 0x0212, 0x0212, 0x0212, 0x0212, 0x0212, 0x0212, 0x1A4E, 0x6BAD, 0xDEFA, 0xFFFF, 0xFFDF, 0xFFFF, 0xFFFF,
    0xFFDF, 0xFFDF, 0xFFFF, 0xFFFF, 0xFFDF, 0xFFDF, 0xFFDF, 0xFFDF, 0xFFDF, 0xFFFF, 0xFFFF, 0xFFFF, 0xFFFF, 0xFFDF, 0xFFDF, 0xFFDF,
    0xFFFF, 0xFFFF, 0xD699, 0xA534, 0x6BD0, 0x73CE, 0x842E, 0x226F, 0x01F1, 0x0212, 0x0211, 0x0211, 0x0211, 0x0212, 0x0212, 0x0212,
    0x0212, 0x0212, 0x0212, 0x0212, 0x0212, 0x0212, 0x0212, 0x0212, 0x0212, 0x0212, 0x0212, 0x0212, 0x0211, 0x0212, 0x0212, 0x0212,
    0x0212, 0x0212, 0x0212, 0x0212, 0x0212, 0x0212, 0x0212, 0x0212, 0x0212, 0x0212, 0x0212, 0x0212, 0x0212, 0x0212, 0x0212, 0x0212,
    0x0212, 0x0212, 0x0212, 0x0212, 0x0212, 0x0211, 0x0212, 0x0212, 0x0212, 0x0212, 0x0212, 0x0212, 0x0212, 0x0212, 0x0212, 0x0212,
    0x0212, 0x0212, 0x0212, 0x0212, 0x0212, 0x0212, 0x0212, 0x0212, 0x0212, 0x0212, 0x122F, 0x8BEC, 0xAC8C, 0x634C, 0x01EF, 0x0212,
    0x0211, 0x0212, 0x0212, 0x0212, 0x0212, 0x0212, 0x0212, 0x0212, 0x01F2, 0x2A8F, 0x8C0C, 0x8BEA, 0x6B8D, 0x0A30, 0x1A70, 0x226F,
    0x01F0, 0x122F, 0x226F, 0x11EE, 0x4AEC, 0xAC89, 0x93C7, 0x8BC7, 0x9427, 0x9427, 0x8C27, 0x9448, 0x9448, 0x8C27, 0x8BE7, 0x9C48,
    0x9C28, 0x9408, 0xA429, 0xA429, 0x9BE8, 0x9C29, 0x9408, 0x9C28, 0x9C28, 0x83C7, 0x7B87, 0x7B67, 0x8BC7, 0x93E7, 0x83A6, 0x83A7,
    0x8BE7, 0x8BE8, 0x83E7, 0x8C07, 0x8BE7, 0x8BE7, 0x8BC7, 0x9408, 0x8BE8, 0x7368, 0x6B6A, 0x7389, 0x7366, 0x6B46, 0x5B06, 0x5B06,
    0x52EA, 0x0A30, 0x0212, 0x0212, 0x0212, 0x0211, 0x0211, 0x0211, 0x0211, 0x0211, 0x0211, 0x1A2E, 0x430E, 0x42EE, 0x32CF, 0x2290,
    0x1250, 0x0211, 0x0212, 0x01F2, 0x0212, 0x0212, 0x0211, 0x0212, 0x0211, 0x0212, 0x0212, 0x0212, 0x0212, 0x0212, 0x0212, 0x0212,
    0x0212, 0x0212, 0x0212, 0x0212, 0x0212, 0x0212, 0x0212, 0x0212, 0x0212, 0x0212, 0x0212, 0x0212, 0x0212, 0x0212, 0x0212, 0x0212,
    0x01F2, 0x0212, 0x0212, 0x0212, 0x0212, 0x0211, 0x0211, 0x0211, 0x0212, 0x0211, 0x0212, 0x0212, 0x0212, 0x0212, 0x0212, 0x0212,
    0x0212, 0x0212, 0x0212, 0x0212, 0x0212, 0x0212, 0x0212, 0x0212, 0x0212, 0x0212, 0x0212, 0x0212, 0x0212, 0x0212, 0x0212, 0x0212,
    0x0212, 0x0212, 0x0211, 0x0212, 0x0212, 0x0212, 0x0212, 0x0212, 0x0212, 0x0212, 0x0212, 0x0212, 0x01F1, 0x534E, 0x9C49, 0x8BE7,
    0x9C28, 0xACAD, 0x32AE, 0x532D, 0xB4AB, 0xAC4A, 0xA44A, 0xAC6A, 0xA409, 0x9C0A, 0xBCCC, 0xA48D, 0x530C, 0xBCED, 0xA4AD, 0x122F,
    0x01F1, 0x122F, 0x638E, 0xACCD, 0xA429, 0xB4AB, 0x4AED, 0x3AAD, 0x73AD, 0x01CF, 0x01F1, 0x01AF, 0x8C91, 0xE630, 0xC590, 0x3ACC,
    0x7BED, 0xACAC, 0xBD0D, 0x9C4C, 0x636E, 0x4B0D, 0x7C10, 0xCE9A, 0x8CB4, 0x224F, 0x01B0, 0x01F1, 0x0211, 0x0211, 0x0211, 0x0211,
    0x0211, 0x0211, 0x0212, 0x0212, 0x0212, 0x0212, 0x0212, 0x0212, 0x0212, 0x226F, 0x738B, 0x946F, 0xEF5D, 0xFFDF, 0xFFDE, 0xFFDF,
    0xFFDF, 0xFFDF, 0xFFFF, 0xFFFF, 0xFFDF, 0xFFDF, 0xFFDF, 0xFFDF, 0xFFDF, 0xFFFF, 0xFFFF, 0xFFFF, 0xFFDF, 0xFFDF, 0xFFDF, 0xFFDF,
    0xF7BE, 0xDEDA, 0xD6BA, 0xC617, 0xA512, 0x634D, 0x5B6E, 0x1A50, 0x01F1, 0x0211, 0x0211, 0x0212, 0x0211, 0x0211, 0x0212, 0x0212,
    0x0212, 0x0212, 0x0212, 0x0212, 0x0212, 0x0212, 0x0212, 0x0212, 0x0212, 0x0212, 0x0212, 0x0212, 0x0212, 0x0212, 0x0212, 0x0212,
    0x0212, 0x0212, 0x0212, 0x0212, 0x0212, 0x0212, 0x0212, 0x0212, 0x0212, 0x0212, 0x0212, 0x0212, 0x0212, 0x0212, 0x0212, 0x0212,
    0x0212, 0x0212, 0x0212, 0x0212, 0x0212, 0x0211, 0x0211, 0x0212, 0x0212, 0x0212, 0x0212, 0x0212, 0x0212, 0x0212, 0x0212, 0x0212,
    0x0212, 0x0212, 0x0212, 0x0212, 0x0212, 0x0212, 0x0212, 0x0212, 0x0212, 0x0211, 0x4B0E, 0x9C4C, 0xA44B, 0x4ACD, 0x01D1, 0x0211,
    0x0211, 0x0211, 0x0212, 0x0212, 0x0211, 0x0212, 0x0212, 0x0232, 0x01D1, 0x636D, 0xB4A9, 0xA428, 0x944A, 0x122F, 0x1250, 0x4B4E,
    0x09EE, 0x4B0C, 0x634A, 0x42CC, 0x1A0D, 0x42AC, 0x8BE9, 0x93E7, 0x9427, 0x9C47, 0x9447, 0x8C07, 0x8C27, 0x8C27, 0x9448, 0x9427,
    0x9C28, 0x9C28, 0x93E8, 0x93E7, 0x93E7, 0x83C9, 0x9408, 0x8C07, 0x7BC6, 0x7BE6, 0x83C6, 0x8BE7, 0x9407, 0x9C08, 0x9408, 0x83C7,
    0x9408, 0x9C08, 0x8C07, 0x8C07, 0x9407, 0x8BE7, 0x83C6, 0x83A6, 0x8BE7, 0x8BA6, 0x8BC6, 0x8BE7, 0x8C08, 0x9409, 0x6B27, 0x83A9,
    0x530A, 0x1230, 0x0212, 0x0212, 0x01F1, 0x0212, 0x0212, 0x01F2, 0x0212, 0x01F1, 0x226E, 0x73A9, 0x9407, 0x9C48, 0x9428, 0x83E9,
    0x6BAB, 0x530B, 0x532C, 0x3ACD, 0x1230, 0x0211, 0x0211, 0x0211, 0x0211, 0x0211, 0x0211, 0x0211, 0x0212, 0x0212, 0x0212, 0x0212,
    0x0212, 0x0212, 0x0212, 0x0212, 0x0212, 0x0212, 0x0212, 0x0212, 0x0212, 0x0212, 0x0212, 0x0212, 0x0212, 0x0212, 0x0212, 0x0212,
    0x1A6F, 0x0A10, 0x01F1, 0x0212, 0x0211, 0x0212, 0x0211, 0x0212, 0x0212, 0x0211, 0x0212, 0x0212, 0x0212, 0x0212, 0x0212, 0x0212,
    0x0212, 0x0212, 0x0212, 0x01F2, 0x0212, 0x0212, 0x0212, 0x0212, 0x0212, 0x0212, 0x0212, 0x0212, 0x0212, 0x0212, 0x0212, 0x0212,
    0x0212, 0x0212, 0x0212, 0x0212, 0x0212, 0x0212, 0x0212, 0x0212, 0x0212, 0x0212, 0x0212, 0x0212, 0x0212, 0x1250, 0x534C, 0x9C29,
    0xA449, 0x6B8E, 0x09EE, 0x6BAE, 0x8BEB, 0x83CA, 0x93EA, 0x93E9, 0xAC6B, 0xC4ED, 0xC4EC, 0xA44A, 0x8C0B, 0xA46B, 0xA46A, 0x4B0E,
    0x01D1, 0x0212, 0x01D0, 0x42EE, 0xA48C, 0x7BED, 0x1A2E, 0x5B4E, 0x636E, 0x01F0, 0x0232, 0x01F0, 0x9CF2, 0xE5EF, 0xCD4D, 0x7BED,
    0x7BCC, 0xBCCC, 0xD5AF, 0xCD4E, 0xACAD, 0xACCE, 0x9C8E, 0xA4D1, 0xA4F2, 0x7C31, 0x2A90, 0x2291, 0x01F0, 0x0212, 0x0212, 0x0211,
    0x0212, 0x0212, 0x0212, 0x0212, 0x0212, 0x0212, 0x0212, 0x0212, 0x01F1, 0x224F, 0x94B1, 0x636E, 0x7C51, 0xDEDA, 0xFFDF, 0xFFDF,
    0xFFFF, 0xFFFF, 0xFFFF, 0xFFFF, 0xFFFF, 0xFFDF, 0xFFFF, 0xFFFF, 0xFFDF, 0xFFFF, 0xFFFF, 0xFFFF, 0xFFDF, 0xFFDF, 0xFFDF, 0xFFDF,
    0xEF5C, 0xA533, 0x7C0F, 0xB5B5, 0xB530, 0xACAC, 0x6B8D, 0x1250, 0x0212, 0x0211, 0x0212, 0x0212, 0x0212, 0x0211, 0x0212, 0x0212,
    0x0212, 0x0212, 0x0212, 0x0211, 0x0212, 0x0212, 0x0212, 0x0212, 0x0212, 0x0212, 0x0212, 0x0212, 0x0212, 0x0212, 0x0212, 0x0212,
    0x0212, 0x0212, 0x0212, 0x0212, 0x0212, 0x0212, 0x0212, 0x0212, 0x0212, 0x0212, 0x0212, 0x0212, 0x0212, 0x0212, 0x0212, 0x0212,
    0x0212, 0x0212, 0x0212, 0x0212, 0x01F1, 0x0212, 0x0211, 0x0211, 0x0212, 0x0212, 0x0212, 0x0212, 0x0212, 0x0212, 0x0212, 0x0212,
    0x0212, 0x0212, 0x0212, 0x0212, 0x0212, 0x0212, 0x0212, 0x0212, 0x0212, 0x1A4F, 0x840C, 0x93E9, 0xA42A, 0x634D, 0x01AF, 0x0211,
    0x0211, 0x0211, 0x0212, 0x0212, 0x0212, 0x0212, 0x0212, 0x01F1, 0x1A2E, 0x8C2B, 0xA448, 0x9C49, 0x5B4C, 0x2A8E, 0x842C, 0x4AEB,
    0x532C, 0x6B48, 0x7B86, 0x9407, 0x6B8B, 0x3AAC, 0x530A, 0x9428, 0x9447, 0x8C27, 0x8C27, 0x8C07, 0x9407, 0x9428, 0x9C68, 0x9C48,
    0x9448, 0x8C07, 0x8BE7, 0x8C07, 0x83C6, 0x7BE6, 0x7BC6, 0x6B85, 0x6B85, 0x83E6, 0x9408, 0xAC69, 0xAC49, 0xA408, 0xA408, 0x8BA7,
    0x83A7, 0x93E8, 0x93E8, 0x7BC6, 0x8C06, 0x8C07, 0x83E6, 0x8BE7, 0x8BE7, 0x8BE7, 0x7BE6, 0x7BC5, 0x83E6, 0x9429, 0x9409, 0x9408,
    0x73AC, 0x0210, 0x0212, 0x122F, 0x32CE, 0x01CF, 0x120F, 0x1A6E, 0x124F, 0x124F, 0x2A6D, 0x83E9, 0x8C06, 0x83C6, 0x8C07, 0x8C08,
    0x73A8, 0x8C07, 0x8BE7, 0x7BA8, 0x3AAC, 0x01D0, 0x0211, 0x0211, 0x0211, 0x0212, 0x0212, 0x0212, 0x0212, 0x0212, 0x0212, 0x0212,
    0x0212, 0x0212, 0x0212, 0x0212, 0x0212, 0x0212, 0x0212, 0x0212, 0x0212, 0x0212, 0x0212, 0x0212, 0x0212, 0x0212, 0x01F1, 0x0211,
    0x944C, 0x73EE, 0x0A10, 0x0211, 0x0211, 0x0212, 0x0212, 0x0212, 0x0212, 0x0212, 0x0212, 0x0212, 0x0212, 0x0212, 0x0212, 0x0212,
    0x0212, 0x01F2, 0x01F0, 0x2A8E, 0x122F, 0x01F1, 0x01F1, 0x0212, 0x0212, 0x0212, 0x0232, 0x0212, 0x0212, 0x0212, 0x0212, 0x0211,
    0x0212, 0x0211, 0x0212, 0x0212, 0x0212, 0x0212, 0x0212, 0x0212, 0x0212, 0x0212, 0x0212, 0x0212, 0x0212, 0x0212, 0x0210, 0x534E,
    0x328E, 0x0A0F, 0x01F0, 0x1A2E, 0x634B, 0x83AA, 0xB4AB, 0xC50C, 0xCD2D, 0xC4ED, 0xBCAB, 0xAC6A, 0x9C49, 0x9429, 0x9409, 0x636C,
    0x01B0, 0x0232, 0x0232, 0x0210, 0x3B10, 0x01EF, 0x3B10, 0xA48D, 0xA44B, 0x430F, 0x01F1, 0x0211, 0x4B30, 0x8C4E, 0x9C4C, 0xA4AD,
    0x736B, 0xB4AC, 0xB4AB, 0xAC6B, 0xA44B, 0xAC8C, 0xA44B, 0x9C4C, 0x944D, 0x9C90, 0xA534, 0x9D36, 0x2AB0, 0x01B0, 0x0212, 0x0232,
    0x0212, 0x0212, 0x0212, 0x0212, 0x0212, 0x0212, 0x0212, 0x0211, 0x0211, 0x01F0, 0x2270, 0x120F, 0x328E, 0x8C93, 0xFFFF, 0xFFDF,
    0xFFFF, 0xFFFF, 0xFFFF, 0xFFFF, 0xFFFF, 0xFFDF, 0xFFFF, 0xFFDF, 0xFFDF, 0xFFFF, 0xFFDF, 0xFFDF, 0xFFFF, 0xFFDF, 0xFFDF, 0xFFDF,
    0xF79E, 0xD6BA, 0xB5B6, 0x8471, 0x42AD, 0x8C2D, 0xB4EC, 0x536F, 0x01F1, 0x0212, 0x0212, 0x0211, 0x0211, 0x0211, 0x0212, 0x0212,
    0x0212, 0x0212, 0x0211, 0x1272, 0x0211, 0x0212, 0x0212, 0x0212, 0x0212, 0x0212, 0x0212, 0x0212, 0x0211, 0x0212, 0x0212, 0x0212,
    0x0212, 0x0212, 0x0212, 0x0212, 0x0212, 0x0212, 0x0212, 0x0212, 0x0212, 0x0212, 0x0212, 0x0212, 0x0212, 0x0212, 0x0212, 0x0211,
    0x0211, 0x0A10, 0x0A30, 0x0210, 0x1A70, 0x01D0, 0x01F2, 0x0212, 0x0211, 0x0212, 0x0212, 0x0212, 0x0212, 0x0212, 0x0212, 0x0212,
    0x0212, 0x0212, 0x0212, 0x0212, 0x0212, 0x0212, 0x0212, 0x0212, 0x0212, 0x0211, 0x228F, 0x532B, 0x9C4A, 0xA46B, 0x3AAD, 0x01D0,
    0x0211, 0x0211, 0x0211, 0x0211, 0x0212, 0x0212, 0x0211, 0x224E, 0x83EA, 0xAC68, 0xA428, 0xA469, 0x530C, 0x4B0D, 0x9C6A, 0x6349,
    0x52CA, 0x5B29, 0x6B67, 0x7BA6, 0x9407, 0x7389, 0x42C9, 0x9428, 0x8C26, 0x8C26, 0x9426, 0x8C27, 0x8C07, 0x9448, 0x8C47, 0x8406,
    0x73E5, 0x7BE5, 0x73C5, 0x6B84, 0x6384, 0x6364, 0x6384, 0x6B85, 0x7BA6, 0x9C09, 0xA409, 0xA409, 0xA408, 0xA408, 0x9BE8, 0x9C08,
    0x8BE7, 0x7BA5, 0x83E6, 0x73C5, 0x7C05, 0x7C06, 0x7BE6, 0x83E6, 0x8406, 0x7BE6, 0x8C07, 0xAC8A, 0xA44A, 0x9408, 0x9428, 0x9428,
    0x9C4B, 0x42CD, 0x01AF, 0x3ACC, 0x8C28, 0x6B68, 0x6387, 0x7BE7, 0x7BC9, 0x738A, 0x8409, 0x8C07, 0x83E6, 0x83E6, 0x7BA6, 0x7BA6,
    0x83E7, 0x7386, 0x7BA6, 0x7386, 0x6B67, 0x530A, 0x122E, 0x01D0, 0x01F0, 0x0A2F, 0x124F, 0x0A30, 0x01F1, 0x0212, 0x0212, 0x0212,
    0x0212, 0x0212, 0x0212, 0x0212, 0x0212, 0x0211, 0x0212, 0x0212, 0x0211, 0x0211, 0x0212, 0x0212, 0x0212, 0x0212, 0x1A4F, 0x73ED,
    0x224E, 0x226F, 0x0211, 0x0211, 0x0212, 0x0212, 0x0212, 0x0212, 0x0212, 0x0212, 0x0212, 0x0212, 0x0212, 0x0212, 0x0212, 0x01F1,
    0x1A4F, 0x3ACC, 0x532A, 0x7387, 0x6349, 0x4AEC, 0x3ACE, 0x1230, 0x0211, 0x0211, 0x01F1, 0x01F2, 0x0212, 0x0212, 0x0212, 0x0211,
    0x0212, 0x0211, 0x0211, 0x0211, 0x0212, 0x0212, 0x0212, 0x0212, 0x0212, 0x0212, 0x0232, 0x0231, 0x0212, 0x0232, 0x0231, 0x0211,
    0x01F1, 0x0211, 0x01F1, 0x122F, 0x636D, 0x7BCD, 0x73AE, 0x6B8E, 0x8C0E, 0xBD0E, 0xBCAB, 0xA449, 0x9409, 0x9C2A, 0x9408, 0x8C0B,
    0x328E, 0x01EF, 0x0211, 0x0231, 0x0212, 0x0212, 0x4B50, 0xB4CD, 0x9BE9, 0x736C, 0x0A30, 0x0212, 0x2290, 0x8C6E, 0x940A, 0xAC6A,
    0xAC6B, 0x9BE9, 0x93A9, 0x8389, 0x7329, 0x7B69, 0x93EA, 0xA46C, 0xB530, 0xB531, 0x946F, 0x9490, 0x8452, 0x5391, 0x2291, 0x01F1,
    0x0232, 0x0212, 0x0212, 0x0212, 0x0212, 0x0212, 0x0212, 0x0211, 0x0211, 0x01F1, 0x09EF, 0x4B0E, 0x42EE, 0x4B0E, 0xEF7D, 0xFFFF,
    0xFFDF, 0xFFFF, 0xFFFF, 0xFFFF, 0xFFFF, 0xFFFF, 0xFFDF, 0xFFDF, 0xFFDF, 0xFFDF, 0xFFDF, 0xFFDF, 0xFFDF, 0xFFDF, 0xFFDF, 0xFFDF,
    0xF79E, 0xB5B6, 0x7C30, 0x8C91, 0x1A2E, 0x2A2B, 0x9C4C, 0x5BB0, 0x01F1, 0x0212, 0x0212, 0x0211, 0x0211, 0x0211, 0x0212, 0x0212,
    0x0211, 0x0212, 0x0211, 0x0A51, 0x0211, 0x0212, 0x0212, 0x0212, 0x0212, 0x0212, 0x0212, 0x0212, 0x0212, 0x0212, 0x0212, 0x0212,
    0x0212, 0x0212, 0x0212, 0x0212, 0x0212, 0x0212, 0x0212, 0x0212, 0x0212, 0x0212, 0x0212, 0x0212, 0x01F2, 0x0212, 0x01F1, 0x124E,
    0x32AC, 0x532C, 0x430C, 0x532C, 0x6BAC, 0x534D, 0x2AAF, 0x0211, 0x0231, 0x0212, 0x0212, 0x0212, 0x0212, 0x0212, 0x0212, 0x0212,
    0x0212, 0x0212, 0x0212, 0x0212, 0x0212, 0x0212, 0x0212, 0x0212, 0x0212, 0x0212, 0x0212, 0x1250, 0x4B0E, 0x636D, 0x5B6E, 0x122F,
    0x01F0, 0x01F1, 0x0211, 0x0212, 0x0211, 0x0232, 0x01F1, 0x328D, 0x83E8, 0x9427, 0x9427, 0x9C27, 0x7BCA, 0x222D, 0x6B8B, 0x9407,
    0x7B87, 0x7BA8, 0x7BA7, 0x83C6, 0x83E6, 0x6B89, 0x4ACA, 0x8C08, 0x8C26, 0x8C06, 0x8C26, 0x7C06, 0x8426, 0x8C26, 0x8426, 0x7C06,
    0x7C06, 0x73A5, 0x6B85, 0x6B85, 0x6B85, 0x7385, 0x83C6, 0x93E8, 0x9C09, 0x93C8, 0x93C8, 0x9BC8, 0xB46A, 0xA429, 0x9C08, 0x9C08,
    0x8BE6, 0x73E4, 0x6BE4, 0x6BE4, 0x73E5, 0x6BC5, 0x73C5, 0x73C5, 0x7C05, 0x73E5, 0x7BC6, 0x93E8, 0x93E8, 0x8C08, 0x6B85, 0x8C07,
    0x9C09, 0x8BE9, 0x634A, 0x7BC9, 0x83E6, 0x7BC5, 0x73C5, 0x7BE5, 0x8406, 0x8406, 0x8405, 0x8406, 0x7BE5, 0x7BE6, 0x7BC5, 0x73C5,
    0x73C5, 0x7385, 0x6B65, 0x7BA6, 0x83C6, 0x7BC6, 0x6B68, 0x532A, 0x73AA, 0x8409, 0x83E9, 0x7BEA, 0x5B6C, 0x1A4F, 0x0231, 0x0231,
    0x0212, 0x0212, 0x0212, 0x0211, 0x0212, 0x0212, 0x0212, 0x0212, 0x0212, 0x0212, 0x0212, 0x0212, 0x0212, 0x0211, 0x1A70, 0x32AE,
    0x01F2, 0x01F2, 0x0212, 0x0212, 0x0212, 0x0212, 0x0212, 0x0212, 0x0212, 0x0212, 0x0212, 0x0212, 0x0212, 0x0211, 0x122F, 0x42EB,
    0x6BA8, 0x7BC6, 0x73C5, 0x73C6, 0x7BE7, 0x7BE7, 0x7BE8, 0x6B89, 0x638A, 0x6BCB, 0x430C, 0x2AAE, 0x124F, 0x122F, 0x122F, 0x01D0,
    0x01F1, 0x01F1, 0x0212, 0x0212, 0x0212, 0x0212, 0x0212, 0x0211, 0x1250, 0x1A90, 0x122F, 0x432E, 0x0A30, 0x0231, 0x0A31, 0x01F1,
    0x01D0, 0x01F1, 0x0231, 0x01F0, 0x226F, 0x638E, 0x6BAE, 0x6B8D, 0x6B6D, 0xA48D, 0xAC8A, 0x9408, 0x942A, 0x9409, 0x9408, 0x9C29,
    0x9C4A, 0x738C, 0x226E, 0x0231, 0x0252, 0x01D1, 0x4B30, 0xBCCD, 0xA3E9, 0x940B, 0x32AF, 0x0211, 0x0231, 0x2AAF, 0x638D, 0x840C,
    0x8C0C, 0x83CB, 0x8BCB, 0x736B, 0x7B8B, 0x634C, 0x5B0C, 0x9C4C, 0xA46D, 0xBD51, 0xC5B4, 0xA4D0, 0xA512, 0xA534, 0x73CF, 0x32CF,
    0x0211, 0x0232, 0x0212, 0x0212, 0x0212, 0x0212, 0x0211, 0x0211, 0x0211, 0x01F1, 0x2A6D, 0x6B8C, 0x6BF0, 0x63AE, 0xC658, 0xFFFF,
    0xFFDF, 0xFFFF, 0xFFFF, 0xFFFF, 0xFFFF, 0xFFFF, 0xFFDF, 0xFFFF, 0xFFFF, 0xFFDF, 0xFFFF, 0xFFDF, 0xFFDF, 0xFFDF, 0xFFDF, 0xFFDF,
    0xE73C, 0x94B2, 0x73AE, 0x94D4, 0x7C96, 0x6C34, 0x4B50, 0x1230, 0x0212, 0x0212, 0x0212, 0x0211, 0x0211, 0x0211, 0x0212, 0x0212,
    0x0211, 0x0212, 0x0211, 0x0211, 0x0212, 0x0211, 0x0212, 0x0212, 0x0212, 0x0212, 0x0212, 0x0212, 0x0212, 0x0212, 0x0212, 0x0212,
    0x0212, 0x0212, 0x0212, 0x0212, 0x0212, 0x0212, 0x0212, 0x0212, 0x0212, 0x0212, 0x0212, 0x0211, 0x1A6E, 0x124D, 0x228D, 0x42CA,
    0x73AA, 0x7B89, 0x7BC9, 0x83E8, 0x7387, 0x7BC9, 0x42EC, 0x01F0, 0x01F2, 0x0212, 0x0212, 0x0212, 0x0212, 0x0212, 0x0212, 0x0212,
    0x0212, 0x0212, 0x0212, 0x0212, 0x0212, 0x0212, 0x0212, 0x01F2, 0x0212, 0x0232, 0x0232, 0x0212, 0x0212, 0x0211, 0x0211, 0x0210,
    0x430F, 0x32AE, 0x01CF, 0x01F1, 0x01F1, 0x0212, 0x0211, 0x328D, 0x83E8, 0x9407, 0x8C07, 0x83C6, 0x73AA, 0x222C, 0x7BAA, 0x8BE7,
    0x83A6, 0x8BE7, 0x83C6, 0x83E6, 0x8C26, 0x6B87, 0x5308, 0x8C48, 0x9426, 0x8406, 0x73A6, 0x83C6, 0x9C29, 0xAC6A, 0xA449, 0xA449,
    0xA449, 0x8BE7, 0x83C7, 0x7BC7, 0x8BC7, 0xA42A, 0xAC4A, 0x9C09, 0x83A7, 0x8386, 0x8BA7, 0xA409, 0xA408, 0x9BE8, 0x93C8, 0x93C8,
    0x9407, 0x73C4, 0x6BE4, 0x6BC4, 0x6BA4, 0x6BA5, 0x6BA5, 0x73A5, 0x7BC5, 0x7BE6, 0x7BC6, 0x83E6, 0x83E6, 0x6364, 0x6BA5, 0x8C08,
    0x93C8, 0x93E7, 0x9426, 0x8406, 0x73A5, 0x8407, 0x9447, 0x8406, 0x8C26, 0x8C26, 0x8C26, 0x8C06, 0x83E6, 0x83C5, 0x83E6, 0x7BE6,
    0x73C6, 0x6365, 0x7B86, 0x9407, 0x93E7, 0x9407, 0x9427, 0x8C06, 0x9426, 0x8C06, 0x83E6, 0x83C7, 0x8BE8, 0x4B2E, 0x01F1, 0x0212,
    0x01F2, 0x01F2, 0x01F2, 0x01F2, 0x01F1, 0x0A10, 0x0211, 0x1251, 0x0A30, 0x0210, 0x01F1, 0x01F1, 0x01F1, 0x01F2, 0x0212, 0x0212,
    0x0212, 0x0212, 0x0212, 0x0212, 0x0212, 0x0212, 0x0212, 0x0212, 0x0212, 0x0212, 0x0212, 0x0212, 0x0212, 0x0A0F, 0x6BCA, 0x8426,
    0x7C26, 0x7C26, 0x7C26, 0x7C46, 0x8446, 0x8427, 0x8427, 0x7C26, 0x9487, 0x9467, 0x9447, 0x9448, 0x8C09, 0x83A8, 0x7BC9, 0x530B,
    0x2A8D, 0x228F, 0x01F0, 0x0212, 0x0231, 0x1A8F, 0x1A8E, 0x2AED, 0x4B6A, 0x4B4A, 0x4B29, 0x8429, 0x3AEC, 0x2A6E, 0x32AE, 0x2A4D,
    0x5B4E, 0x1A4E, 0x01D0, 0x01D1, 0x3B10, 0xBD2F, 0xCD2C, 0xB48A, 0xA449, 0x9C09, 0x9409, 0x7BA8, 0x83A8, 0x83C9, 0x8BE9, 0x8C09,
    0x7BAA, 0x638B, 0x32CF, 0x01F1, 0x0A50, 0x5390, 0x2A8E, 0x6BAE, 0x942C, 0x942C, 0x32AE, 0x1270, 0x0211, 0x01F2, 0x0231, 0x122F,
    0x530C, 0x52EB, 0x4ACD, 0x2A4D, 0x328E, 0x3AEF, 0x224E, 0x5B4D, 0x8BEB, 0xA46C, 0xD635, 0xBD73, 0x9CB0, 0xA513, 0x94B2, 0x6BD0,
    0x0A30, 0x0232, 0x0212, 0x0212, 0x0212, 0x0212, 0x0211, 0x0211, 0x0212, 0x01F1, 0x328E, 0xAD53, 0x5BD3, 0x2A4C, 0xBDF7, 0xFFFF,
    0xFFDF, 0xFFFF, 0xFFFF, 0xFFFF, 0xFFFF, 0xFFFF, 0xFFFF, 0xFFDF, 0xFFDF, 0xFFDF, 0xFFDF, 0xFFDF, 0xFFDF, 0xFFDF, 0xFFDF, 0xF7DE,
    0xF7BE, 0xEF5C, 0xDEDA, 0xEF7D, 0xE73C, 0x9516, 0x2AD1, 0x01F1, 0x0212, 0x0211, 0x0212, 0x0212, 0x01F1, 0x0211, 0x0212, 0x0212,
    0x0211, 0x0211, 0x0211, 0x0212, 0x0211, 0x0211, 0x0212, 0x0212, 0x0212, 0x0212, 0x0212, 0x0211, 0x0211, 0x0212, 0x0212, 0x0212,
    0x0212, 0x0212, 0x0212, 0x0212, 0x0212, 0x0212, 0x0212, 0x0212, 0x0212, 0x0211, 0x122F, 0x2A6A, 0x5327, 0x4B08, 0x73A9, 0x83E9,
    0x83C8, 0x7B66, 0x7B66, 0x6B24, 0x6344, 0x6325, 0x4AE8, 0x430B, 0x32CC, 0x122F, 0x0211, 0x01F1, 0x0212, 0x0212, 0x0211, 0x0211,
    0x0211, 0x0212, 0x0212, 0x0212, 0x0212, 0x0212, 0x0211, 0x228F, 0x1250, 0x0232, 0x0232, 0x0212, 0x0212, 0x0232, 0x0232, 0x0212,
    0x0A10, 0x42EE, 0x638B, 0x5B4B, 0x42CC, 0x122F, 0x01D0, 0x226E, 0x6B89, 0x8C07, 0x7BA6, 0x7B86, 0x6349, 0x2A4C, 0x8C08, 0x93E6,
    0x8BE6, 0x8BE7, 0x8BC6, 0x8C07, 0x8C06, 0x8427, 0x73C7, 0x73C6, 0x63A4, 0x73C5, 0x6325, 0x7BA8, 0x7347, 0x7B67, 0x93A8, 0x9BE9,
    0x8367, 0x8387, 0x8BE7, 0x83C7, 0x9408, 0xA429, 0xAC6B, 0x93C7, 0x7B86, 0x7B86, 0x8BC7, 0x9BE8, 0x93C8, 0x9BE8, 0x93C7, 0x8386,
    0x83C6, 0x73C5, 0x63A4, 0x63A4, 0x63A4, 0x6BA4, 0x6BA5, 0x7385, 0x73A5, 0x73C5, 0x73A5, 0x73A5, 0x6364, 0x6364, 0x7BC6, 0x83A8,
    0x8368, 0x93E7, 0x8C06, 0x7BE5, 0x7BC6, 0x8C28, 0x7385, 0x9447, 0x9C67, 0xA468, 0xA468, 0x9C27, 0x9407, 0x9407, 0x8BE6, 0x7BC6,
    0x73C5, 0x6324, 0x83A7, 0x9C28, 0x9408, 0x8C07, 0x83E6, 0x7BE6, 0x8406, 0x83E7, 0x83E6, 0x83C7, 0x83E8, 0x638B, 0x226E, 0x228E,
    0x32AD, 0x32AD, 0x1A4E, 0x120F, 0x32AE, 0x534E, 0x09EF, 0x5B4C, 0x8C0A, 0x73AB, 0x636B, 0x6BAC, 0x5B4D, 0x2A8F, 0x0211, 0x0212,
    0x01F1, 0x01F2, 0x0212, 0x0212, 0x0212, 0x0212, 0x0212, 0x0212, 0x0212, 0x0212, 0x0212, 0x01F1, 0x01D0, 0x32CC, 0x8C47, 0x8C46,
    0x9467, 0x9466, 0x9466, 0x8CA6, 0x8C86, 0x8486, 0x8486, 0x8486, 0x8C66, 0x9446, 0x8C07, 0x8387, 0x8BA9, 0x7B48, 0x7B28, 0x7B47,
    0x7B87, 0x8BE9, 0x5B4C, 0x1A4E, 0x3AEB, 0x6BE8, 0x63A7, 0x5387, 0x5367, 0x6BA6, 0x73C5, 0x73C5, 0x7BC8, 0x7388, 0x7BA9, 0x83A9,
    0xAC6A, 0xA46C, 0x7BCE, 0x3AEF, 0x0A0F, 0x2A8E, 0x3ACD, 0x5B2C, 0xA44A, 0x9C29, 0x93E8, 0x9409, 0x7389, 0x4AEC, 0x5B4C, 0x8C2A,
    0x942A, 0x638D, 0x1250, 0x1250, 0x534E, 0xB4CD, 0x7BCC, 0x1A2E, 0x3ACD, 0x8BEB, 0x8C0B, 0x6B8E, 0x32AF, 0x1A70, 0x01F1, 0x01F0,
    0x7BAE, 0x9C0B, 0x83AC, 0x222D, 0x01AF, 0x1A4F, 0x2AB0, 0x2A6F, 0x73AE, 0x8BEB, 0x93CA, 0x9C2C, 0x9C6D, 0xB532, 0x94B2, 0x4B30,
    0x1271, 0x0212, 0x0212, 0x0212, 0x0212, 0x0212, 0x0212, 0x0211, 0x0212, 0x0212, 0x01F1, 0x2290, 0x1251, 0x120D, 0xA533, 0xFFFF,
    0xFFDF, 0xFFFF, 0xFFFF, 0xFFFF, 0xFFFF, 0xFFDF, 0xFFDF, 0xFFDF, 0xFFDF, 0xFFDF, 0xFFDF, 0xFFDF, 0xFFDF, 0xF7BE, 0xF7BE, 0xEF7D,
    0xEF7D, 0xEF7D, 0xFFDE, 0xDEFB, 0x5B91, 0x016E, 0x01D0, 0x0211, 0x0211, 0x0211, 0x0211, 0x0211, 0x0212, 0x0212, 0x0211, 0x0212,
    0x0211, 0x0211, 0x0211, 0x0212, 0x0212, 0x0211, 0x0211, 0x0211, 0x0211, 0x0211, 0x0211, 0x0211, 0x0211, 0x0212, 0x0212, 0x0212,
    0x0212, 0x0212, 0x0212, 0x0212, 0x0212, 0x0212, 0x0212, 0x0212, 0x0A30, 0x226C, 0x3288, 0x5306, 0x6B46, 0x83C8, 0x93E8, 0x83A6,
    0x8386, 0x7345, 0x6323, 0x5B23, 0x3A84, 0x42C3, 0x5B23, 0x6343, 0x6365, 0x5327, 0x5B6A, 0x4B0C, 0x122F, 0x01D1, 0x0212, 0x0211,
    0x0211, 0x0211, 0x0211, 0x01F1, 0x01F2, 0x01F2, 0x224E, 0x844B, 0x32EE, 0x01F2, 0x0211, 0x124F, 0x0A50, 0x0211, 0x0211, 0x0A30,
    0x228F, 0x120E, 0x6B8A, 0x8C06, 0x8BE6, 0x7388, 0x4AEB, 0x1A2E, 0x120D, 0x5B49, 0x7365, 0x7365, 0x6349, 0x19EC, 0x42CC, 0x4ACA,
    0x5B2A, 0x7BC8, 0x93E7, 0x93E7, 0x83E6, 0x83E6, 0x8C07, 0x7BE6, 0x5383, 0x5343, 0x83C7, 0x7387, 0x52C5, 0x5AA5, 0x7B27, 0x9388,
    0x9388, 0x9368, 0x9388, 0x9BC8, 0xA409, 0x8BC7, 0x9C08, 0x9407, 0x7BA5, 0x73A4, 0x7384, 0x6B65, 0x7BA5, 0x7BA5, 0x7BA6, 0x7BC6,
    0x83C6, 0x7BC6, 0x73A5, 0x6BA4, 0x6384, 0x73A5, 0x7BC5, 0x73A5, 0x6B84, 0x6B84, 0x6383, 0x5343, 0x5323, 0x6385, 0x73A6, 0x7B67,
    0x8368, 0x9407, 0x9C67, 0x8C06, 0x8C27, 0x5B64, 0x6384, 0x7BE5, 0x8406, 0x83C6, 0x8C07, 0x83C6, 0x7BA5, 0x83E6, 0x7BC5, 0x73C5,
    0x6384, 0x6384, 0x7385, 0x7365, 0x6B65, 0x6365, 0x6385, 0x6B85, 0x73A6, 0x7BA6, 0x73A6, 0x6BA5, 0x73A6, 0x7BA6, 0x6B67, 0x7BC7,
    0x83E7, 0x8BE7, 0x8BE8, 0x8BE9, 0x8BE8, 0x5B0A, 0x0A0E, 0x3AAB, 0x83C6, 0x8BC6, 0x9C07, 0x9C07, 0xAC48, 0xAC4A, 0x83CC, 0x3ACD,
    0x638B, 0x226E, 0x01D1, 0x0212, 0x0212, 0x0212, 0x0212, 0x0212, 0x0212, 0x0212, 0x01F1, 0x4B2D, 0x73EA, 0x8407, 0x8C06, 0x8BE7,
    0x8BC7, 0x9427, 0x9446, 0x9466, 0x9466, 0x9486, 0x9C87, 0x9467, 0x9C68, 0x93E7, 0x8389, 0x7308, 0x7308, 0x6AE7, 0x7306, 0x7326,
    0x7B66, 0x83A7, 0x93E8, 0x83C8, 0x63A6, 0x5BA5, 0x5385, 0x5365, 0x6BA5, 0x6B64, 0x6364, 0x5B44, 0x6324, 0x7B86, 0x8BC7, 0x8BC8,
    0x93C8, 0xB46A, 0xAC6A, 0xA46A, 0x83EB, 0x73AC, 0x5B4D, 0x224D, 0x638C, 0x634B, 0x4B0C, 0x42CC, 0x42EC, 0x534D, 0x3ACD, 0x228F,
    0x22AF, 0x22B0, 0x1AB1, 0x1A70, 0x2A8D, 0x73AB, 0x6B8B, 0x120E, 0x32AD, 0x83CA, 0xA44A, 0x73AD, 0x83EE, 0x8C2F, 0x09EF, 0x01CF,
    0x738D, 0x9BEB, 0x83AB, 0x42CE, 0x01CF, 0x2291, 0x0211, 0x1A71, 0x2A8F, 0x5B4E, 0x8BCB, 0x93EB, 0x9C0C, 0xACAF, 0x9CB1, 0x3AAE,
    0x01D0, 0x0212, 0x0212, 0x0211, 0x0211, 0x0212, 0x0211, 0x0211, 0x0212, 0x0212, 0x0232, 0x0212, 0x1A6F, 0x4B0C, 0xDEFA, 0xFFFF,
    0xFFDF, 0xFFFF, 0xFFFF, 0xFFFF, 0xFFFF, 0xFFFF, 0xFFDF, 0xFFDF, 0xFFDF, 0xFFDF, 0xFFDF, 0xFFDF, 0xFFDF, 0xD6DB, 0xD6BB, 0xE75C,
    0xD6BA, 0xAD97, 0x7474, 0x4332, 0x01F1, 0x0212, 0x0211, 0x01F1, 0x01F1, 0x0211, 0x0212, 0x0211, 0x0212, 0x0212, 0x0212, 0x0211,
    0x0211, 0x0211, 0x0211, 0x0211, 0x0211, 0x0211, 0x0211, 0x0211, 0x0211, 0x0211, 0x0211, 0x0211, 0x0212, 0x0212, 0x0212, 0x0212,
    0x0211, 0x0212, 0x0212, 0x0212, 0x0212, 0x0212, 0x0212, 0x0210, 0x226B, 0x3AA8, 0x42A6, 0x6306, 0x7366, 0x83A7, 0x7BA6, 0x6B64,
    0x7384, 0x6B64, 0x5B43, 0x5323, 0x42C3, 0x4B03, 0x3AC2, 0x42E3, 0x5323, 0x5B44, 0x6B64, 0x7BC6, 0x6B89, 0x32AC, 0x01EF, 0x01F1,
    0x0211, 0x01F1, 0x124F, 0x32AC, 0x226E, 0x01F1, 0x0A30, 0x122E, 0x01CF, 0x226E, 0x42CA, 0x5B49, 0x32AB, 0x430B, 0x532A, 0x6BA9,
    0x73C9, 0x5329, 0x73C7, 0x7BE5, 0x7BC5, 0x7BA5, 0x83C6, 0x7BC8, 0x328C, 0x42A9, 0x83C6, 0x7B86, 0x7B87, 0x2A4B, 0x224C, 0x73A9,
    0x5B0A, 0x42AB, 0x8C07, 0x8BE6, 0x83E6, 0x7BC5, 0x8C06, 0x8C06, 0x6BC4, 0x5B83, 0x73A6, 0x7387, 0x52C5, 0x4A64, 0x7326, 0x8347,
    0x8326, 0x7B06, 0x8327, 0x9388, 0x9BE8, 0x93E7, 0x83C6, 0x83E6, 0x73C4, 0x6383, 0x6384, 0x5B63, 0x5B63, 0x6B84, 0x6B84, 0x73A5,
    0x73A5, 0x7BC5, 0x6BA5, 0x6B84, 0x7BC5, 0x7BC5, 0x7385, 0x6B64, 0x6384, 0x6384, 0x5B63, 0x4B42, 0x5B64, 0x73C5, 0x6B65, 0x7347,
    0x8BA8, 0x9C27, 0xA488, 0x9427, 0x6BA5, 0x5B63, 0x5B63, 0x6363, 0x8406, 0x8BE7, 0x8BA8, 0x8BC7, 0x7BC5, 0x73C5, 0x6BC5, 0x5363,
    0x5344, 0x6384, 0x6BA5, 0x6B65, 0x5B05, 0x6345, 0x5B64, 0x5304, 0x6345, 0x6B45, 0x6365, 0x5304, 0x5B45, 0x5B25, 0x52E4, 0x6B65,
    0x6B85, 0x73A6, 0x7B86, 0x83C6, 0x8BC6, 0x9428, 0x6B68, 0x7388, 0x8BE7, 0x8BE7, 0x9C28, 0xA429, 0xA429, 0xA3C8, 0x9BA7, 0x93A8,
    0x9C68, 0x8C2A, 0x42CD, 0x0A10, 0x0211, 0x0212, 0x0211, 0x0212, 0x0212, 0x0212, 0x01F1, 0x3B0D, 0x8C48, 0x8C05, 0x6B64, 0x6B45,
    0x7B66, 0x83C6, 0x8BE6, 0x9407, 0x9407, 0x8BE8, 0x8BC7, 0x8367, 0x7B68, 0x7327, 0x7326, 0x7306, 0x6B05, 0x6B24, 0x7344, 0x7365,
    0x7385, 0x73A5, 0x8BE6, 0x9C49, 0x73C6, 0x5B84, 0x5B64, 0x6364, 0x5B24, 0x6324, 0x6304, 0x5AE3, 0x6304, 0x6304, 0x7B86, 0x83A7,
    0x93E8, 0x9C29, 0x93E8, 0x8BC8, 0x93E8, 0x8BC8, 0x634C, 0x0A0F, 0x01CF, 0x01CF, 0x0A0F, 0x0A0F, 0x4B4D, 0x6B89, 0x7BC9, 0x430C,
    0x0A30, 0x0231, 0x0231, 0x01F0, 0x2A8E, 0x636B, 0x4AEC, 0x2A4D, 0x7BCC, 0x9C0A, 0x93C9, 0x940C, 0x9C2C, 0x7BAD, 0x1A2E, 0x42CD,
    0x93EC, 0x93AA, 0x7B6C, 0x09EF, 0x0231, 0x1272, 0x0212, 0x4330, 0x740F, 0x42EF, 0x5B4E, 0x940C, 0x9C0B, 0x9C0B, 0xB4CF, 0x9CD0,
    0x5B4E, 0x120E, 0x01F1, 0x0211, 0x0211, 0x0211, 0x0212, 0x0212, 0x0212, 0x0232, 0x0212, 0x1A70, 0x534B, 0x6369, 0xDEFA, 0xFFFF,
    0xFFDF, 0xFFFF, 0xFFFF, 0xFFFF, 0xFFFF, 0xFFFF, 0xFFFF, 0xFFFF, 0xFFFF, 0xFFDF, 0xFFDF, 0xFFDE, 0xEF7D, 0xE77D, 0x7C95, 0x5392,
    0x32D0, 0x0A10, 0x01B0, 0x01F1, 0x0212, 0x0212, 0x0211, 0x0211, 0x0211, 0x0211, 0x0211, 0x0211, 0x0211, 0x0211, 0x0212, 0x0211,
    0x0211, 0x0211, 0x0211, 0x0211, 0x0211, 0x0211, 0x0211, 0x0211, 0x0212, 0x0211, 0x0211, 0x0211, 0x0211, 0x0211, 0x0211, 0x0212,
    0x0212, 0x0212, 0x0212, 0x0212, 0x0212, 0x0212, 0x0212, 0x0A31, 0x122D, 0x3268, 0x6327, 0x7BA8, 0x7366, 0x6B44, 0x6343, 0x5B43,
    0x5B43, 0x5342, 0x5322, 0x4AE3, 0x4AC3, 0x5303, 0x4AE3, 0x4B05, 0x5324, 0x5324, 0x4B04, 0x6345, 0x7B86, 0x83A7, 0x6B69, 0x2A6D,
    0x01F1, 0x0212, 0x0A2F, 0x63A8, 0x63A9, 0x0A0F, 0x01F1, 0x120E, 0x4AE9, 0x73C7, 0x7BE6, 0x5B84, 0x73C6, 0x7BE6, 0x83E5, 0x83E5,
    0x7BE6, 0x7BE6, 0x7BC5, 0x7BE5, 0x7BE5, 0x7BC5, 0x83C6, 0x83C6, 0x6B86, 0x73A6, 0x7BA6, 0x6B45, 0x7B86, 0x2A4B, 0x2A4C, 0x9407,
    0x83A7, 0x4AC9, 0x83E7, 0x8BE6, 0x8BE6, 0x8C26, 0x8C06, 0x8C06, 0x73E5, 0x4B43, 0x2A62, 0x4AC4, 0x6B46, 0x7366, 0x5AC5, 0x7346,
    0x7B46, 0x7B46, 0x93C8, 0x8366, 0x7B45, 0x7B65, 0x7385, 0x6344, 0x6384, 0x73C5, 0x6BA4, 0x6BA5, 0x73C5, 0x73C5, 0x73A5, 0x7BC6,
    0x83E6, 0x7BC5, 0x73A5, 0x7BC5, 0x73A5, 0x6B64, 0x6B85, 0x6B84, 0x6384, 0x6384, 0x5B83, 0x4B42, 0x5B63, 0x6BA5, 0x7386, 0x7B48,
    0x8BA7, 0x9C47, 0x8406, 0x83E6, 0x6BA4, 0x5B63, 0x5B83, 0x6BA4, 0x7BC5, 0x9408, 0x8BC8, 0x7BA6, 0x73A5, 0x8406, 0x6BE5, 0x5BA4,
    0x63A4, 0x6BA5, 0x73A5, 0x7BC6, 0x7385, 0x6BA5, 0x63A5, 0x5B84, 0x6365, 0x6B65, 0x6385, 0x5B84, 0x63E6, 0x63A5, 0x5384, 0x63A5,
    0x6BA5, 0x6BA6, 0x73A6, 0x7BC6, 0x8BE7, 0x9407, 0xA447, 0xA447, 0xA448, 0xAC89, 0x9BC8, 0x9BE8, 0x9BE9, 0xA3E9, 0x9BC9, 0x8B47,
    0x83E7, 0x9428, 0x9C69, 0x6BAC, 0x09EF, 0x01F1, 0x01F1, 0x0212, 0x0212, 0x0212, 0x0212, 0x01F1, 0x1A6E, 0x73E8, 0x73A4, 0x7BC6,
    0x7386, 0x6B45, 0x7366, 0x7B86, 0x7B47, 0x6B06, 0x62C5, 0x5A84, 0x5AA4, 0x6B05, 0x62E4, 0x6324, 0x6344, 0x6323, 0x6B84, 0x6B84,
    0x6B84, 0x6BA4, 0x6384, 0x7BC5, 0x7BE6, 0x5B63, 0x5B43, 0x5323, 0x5B44, 0x5B03, 0x52C3, 0x5AE4, 0x5AC5, 0x52A4, 0x5AE5, 0x7366,
    0x8BC6, 0x9C07, 0x93E7, 0x93E7, 0x83C7, 0x7366, 0x6348, 0x5B2A, 0x5B2A, 0x6B6A, 0x7BCB, 0x532C, 0x3AAB, 0x83C8, 0x8BA6, 0x83A7,
    0x83C9, 0x6B8B, 0x6BAD, 0x6B8B, 0x6B8A, 0x6B88, 0x634B, 0x634C, 0xA44B, 0x93EA, 0x9C0B, 0x9BEB, 0x9C0B, 0x83CD, 0x2A4D, 0x7B8C,
    0x9BEB, 0x93AA, 0x93CB, 0x42EF, 0x0212, 0x0232, 0x01F0, 0x8CB0, 0xA4EF, 0x2290, 0x1A50, 0x6B8D, 0x9C0A, 0x93EA, 0x9C2B, 0xC5B3,
    0xCE57, 0x8430, 0x328F, 0x01B0, 0x01F1, 0x0211, 0x0211, 0x0212, 0x0212, 0x0232, 0x01F1, 0x42EC, 0x73A9, 0x5B07, 0xA530, 0xFFFF,
    0xFFDF, 0xFFFF, 0xFFFF, 0xFFFF, 0xFFFF, 0xFFDF, 0xFFDF, 0xFFDF, 0xFFDF, 0xFFFF, 0xFFFF, 0xF7BE, 0xFFFF, 0x9558, 0x01AF, 0x01B0,
    0x01D1, 0x01F1, 0x0212, 0x0212, 0x0212, 0x0212, 0x0212, 0x0211, 0x0211, 0x0211, 0x0211, 0x0211, 0x0212, 0x0212, 0x0212, 0x0212,
    0x0212, 0x0211, 0x0211, 0x0211, 0x0211, 0x0212, 0x0211, 0x0211, 0x0211, 0x0211, 0x0211, 0x0211, 0x0211, 0x0211, 0x0211, 0x0212,
    0x0212, 0x0212, 0x0212, 0x0212, 0x0212, 0x0212, 0x0212, 0x0210, 0x226A, 0x6327, 0x83A9, 0x7B88, 0x6B44, 0x5B23, 0x5322, 0x4B22,
    0x4B22, 0x4B22, 0x5342, 0x5323, 0x5303, 0x5323, 0x5303, 0x4AE4, 0x3AA5, 0x42C4, 0x4AE3, 0x52E4, 0x6324, 0x7B85, 0x83A5, 0x7BE7,
    0x2A8D, 0x01F2, 0x124F, 0x5B69, 0x1A4D, 0x01D1, 0x226C, 0x6BA6, 0x6BA4, 0x5B83, 0x5383, 0x6BE5, 0x73E5, 0x73A4, 0x73C5, 0x7BE5,
    0x7BE5, 0x73C5, 0x73E4, 0x7404, 0x7BE5, 0x7BC6, 0x7B86, 0x6B65, 0x73A5, 0x73A5, 0x7364, 0x7B85, 0x52E8, 0x01AD, 0x4ACB, 0x93E7,
    0x83E7, 0x4B05, 0x6B86, 0x7BE6, 0x7BE5, 0x7C05, 0x7BC5, 0x8406, 0x6BE4, 0x4322, 0x42E3, 0x7386, 0x7BA7, 0x6325, 0x6325, 0x6B45,
    0x7B66, 0x7345, 0x8BA7, 0x8386, 0x7B66, 0x7345, 0x6B64, 0x6383, 0x5B83, 0x6BA4, 0x73C5, 0x73C5, 0x73C4, 0x73C5, 0x73C5, 0x7BC5,
    0x6BA4, 0x73C5, 0x8C07, 0x7BC6, 0x73A5, 0x7385, 0x6B84, 0x5B63, 0x5B83, 0x5BA3, 0x5383, 0x5363, 0x63A4, 0x7BE6, 0x7366, 0x7306,
    0x8BC7, 0x8C26, 0x7BE5, 0x7BE5, 0x6BA4, 0x6384, 0x6384, 0x5303, 0x6365, 0x83A7, 0x8BC8, 0x6B85, 0x63A4, 0x7BE6, 0x8406, 0x7405,
    0x63C4, 0x63C4, 0x7C05, 0x7BE5, 0x7C06, 0x6BA5, 0x5BA4, 0x5BA4, 0x5BA4, 0x5B64, 0x63C5, 0x63C4, 0x63A4, 0x7406, 0x63C5, 0x5BA4,
    0x6BA5, 0x7BE6, 0x7BE6, 0x83C6, 0x83A7, 0x93E8, 0x93E8, 0xAC69, 0xAC8A, 0x9C08, 0x8BC7, 0x93E8, 0x9BE8, 0xA409, 0x8B67, 0x7B06,
    0x93E8, 0x9408, 0x9C28, 0x8C09, 0x32AD, 0x32AE, 0x2AAE, 0x01F0, 0x0212, 0x0232, 0x0232, 0x0232, 0x01F2, 0x228E, 0x4B29, 0x6BA7,
    0x5B24, 0x5323, 0x4B03, 0x52C3, 0x4282, 0x52C3, 0x52C3, 0x4AA2, 0x52E3, 0x6324, 0x4AE2, 0x5B43, 0x5B63, 0x5343, 0x5323, 0x5323,
    0x7BC6, 0x73A5, 0x6383, 0x73C4, 0x7C06, 0x5342, 0x5B63, 0x5343, 0x5324, 0x5303, 0x52C3, 0x5AE3, 0x52A4, 0x52C4, 0x5AC4, 0x6B25,
    0x7386, 0x6328, 0x6328, 0x8386, 0x7B66, 0x7B66, 0x83A6, 0x83A5, 0x8386, 0x93C8, 0x93C8, 0x9409, 0x5B0A, 0x7388, 0x8BC7, 0x83A6,
    0x8BC7, 0x9408, 0x9408, 0x8BC7, 0x7B86, 0x83C7, 0x7387, 0x7BAA, 0x940B, 0x93EA, 0x9BEB, 0x9BEB, 0x93CB, 0x8B8A, 0x838B, 0x93CB,
    0x8BAA, 0x93AA, 0x8BCC, 0x32CF, 0x0212, 0x0232, 0x0212, 0x2291, 0x1A70, 0x01F1, 0x01EF, 0x738C, 0x736B, 0x83AB, 0x93EA, 0x940C,
    0xCDF5, 0xC5D6, 0x6B6D, 0x4B0E, 0x2A8F, 0x0211, 0x0212, 0x0212, 0x0212, 0x0212, 0x0211, 0x3ACC, 0x6B47, 0x6305, 0xA4EF, 0xFFFF,
    0xFFDF, 0xFFFF, 0xFFFF, 0xFFFF, 0xFFFF, 0xFFDF, 0xFFDF, 0xFFDF, 0xFFDF, 0xFFDF, 0xE73C, 0xFFFF, 0xBE5B, 0x1230, 0x01F1, 0x0212,
    0x0212, 0x01F1, 0x01F1, 0x0212, 0x0212, 0x0212, 0x01F2, 0x01F2, 0x0212, 0x0212, 0x0212, 0x0212, 0x01F1, 0x0212, 0x0212, 0x0212,
    0x0211, 0x0211, 0x0211, 0x01F1, 0x0211, 0x0211, 0x0211, 0x0211, 0x0211, 0x0211, 0x0211, 0x0211, 0x0211, 0x0211, 0x0211, 0x0212,
    0x0212, 0x0212, 0x0212, 0x0212, 0x0212, 0x0212, 0x01F1, 0x2A8C, 0x6B68, 0x8388, 0x83C9, 0x52E4, 0x4AE3, 0x4302, 0x4302, 0x4322,
    0x3B02, 0x4301, 0x4B22, 0x4301, 0x4B02, 0x4B02, 0x42E3, 0x3283, 0x2A44, 0x3286, 0x4AC4, 0x5302, 0x52E2, 0x5B22, 0x6B63, 0x7BC5,
    0x2A8D, 0x01D1, 0x0A0F, 0x4B28, 0x4B08, 0x226B, 0x4B27, 0x5B62, 0x5BA3, 0x4B82, 0x5362, 0x5B63, 0x5363, 0x5383, 0x5BA3, 0x63A4,
    0x6BC4, 0x6BC4, 0x6BE4, 0x6BE4, 0x73E5, 0x8C09, 0x6B26, 0x6364, 0x5B43, 0x6325, 0x5B06, 0x52E8, 0x1A0C, 0x224C, 0x7B87, 0x8385,
    0x83A6, 0x6364, 0x73C5, 0x63A4, 0x5363, 0x5B63, 0x63A3, 0x63A3, 0x53A3, 0x3B42, 0x4B83, 0x4B23, 0x5343, 0x5B44, 0x6B84, 0x6B64,
    0x6324, 0x6B65, 0x7345, 0x7B66, 0x8BC7, 0x83C7, 0x6B64, 0x6BA4, 0x73E5, 0x73C5, 0x6BA4, 0x73C5, 0x7BC5, 0x7BC6, 0x7BC5, 0x73A5,
    0x73A4, 0x73A5, 0x7BC5, 0x73A4, 0x6B84, 0x6364, 0x6384, 0x5B83, 0x5382, 0x5BA3, 0x63C4, 0x4B62, 0x5B84, 0x73C5, 0x6B85, 0x7346,
    0x8BE7, 0x8C26, 0x7BE5, 0x5B83, 0x63A4, 0x6BA4, 0x6364, 0x5B44, 0x6B65, 0x7BA6, 0x8BC8, 0x7B67, 0x6364, 0x6B85, 0x93E8, 0x8C07,
    0x7405, 0x63E4, 0x63C3, 0x63C4, 0x63A4, 0x5363, 0x5B64, 0x63A4, 0x6BA4, 0x6BA4, 0x63C4, 0x63C4, 0x63A5, 0x6384, 0x63A4, 0x63C4,
    0x63C4, 0x63C4, 0x6BC5, 0x7BC6, 0x8BE8, 0x8BC7, 0x93E8, 0x93C8, 0x93E8, 0x8BE7, 0x8C06, 0x8C07, 0x93E8, 0x93C7, 0x8B66, 0x8BA7,
    0x736A, 0x9C09, 0x9C28, 0x8BE8, 0x6B8B, 0x83E9, 0x9C6A, 0x5B4C, 0x0A30, 0x0212, 0x01F2, 0x1230, 0x430E, 0x226E, 0x124F, 0x4B2A,
    0x5B67, 0x6BA5, 0x73C5, 0x6385, 0x42E3, 0x4B23, 0x4B43, 0x5B43, 0x6364, 0x4B03, 0x5343, 0x4B42, 0x4B42, 0x4B02, 0x4B23, 0x4B23,
    0x73A6, 0x7BC6, 0x6BA4, 0x6BA4, 0x8C27, 0x5342, 0x5343, 0x5B63, 0x5B43, 0x5B03, 0x52C3, 0x5AC3, 0x6304, 0x6304, 0x52E7, 0x42A9,
    0x2A4C, 0x1A2D, 0x4ACA, 0x4AA7, 0x5AE6, 0x6B05, 0x7B66, 0x6326, 0x7368, 0x8BE9, 0x8BC8, 0x8BC8, 0x7B88, 0x7B88, 0x8BA7, 0x8387,
    0x7B88, 0x7B88, 0x7B87, 0x83A9, 0x8BC9, 0x8BE8, 0x83C8, 0x9C2B, 0x9BEB, 0x9BEA, 0x93CA, 0x93CB, 0x93CB, 0x8B8A, 0x838B, 0x5AEC,
    0x6B4C, 0x634D, 0x32AF, 0x0211, 0x0232, 0x0212, 0x0212, 0x0212, 0x0212, 0x0A10, 0x636B, 0x9C6A, 0x428B, 0x4AAB, 0x7B6A, 0x52C9,
    0x632B, 0x942E, 0xA4D1, 0xAD11, 0x42EE, 0x0211, 0x0212, 0x0212, 0x0212, 0x0212, 0x01F1, 0x32AD, 0x944E, 0x9CAE, 0xA4EF, 0xF7BD,
    0xFFDF, 0xFFFF, 0xFFFF, 0xFFFF, 0xFFDF, 0xFFDF, 0xFFDF, 0xFFFF, 0xFFBE, 0xAD96, 0xC638, 0x8D16, 0x22B2, 0x01F1, 0x0212, 0x0211,
    0x0211, 0x0211, 0x0211, 0x0211, 0x0212, 0x0A10, 0x32CF, 0x2290, 0x01F1, 0x0A10, 0x0A10, 0x122E, 0x3ACD, 0x1A4E, 0x01F1, 0x0212,
    0x0211, 0x0211, 0x0211, 0x0211, 0x01F1, 0x0211, 0x0211, 0x0211, 0x0211, 0x0211, 0x0211, 0x0211, 0x0211, 0x0211, 0x0211, 0x0212,
    0x0212, 0x0211, 0x0212, 0x0212, 0x0212, 0x0211, 0x122C, 0x5307, 0x7347, 0x7B87, 0x5B04, 0x4B03, 0x42E2, 0x42E2, 0x42E1, 0x4301,
    0x3AE1, 0x4301, 0x42E2, 0x42E2, 0x42C2, 0x42E2, 0x3A83, 0x3264, 0x3A83, 0x2A47, 0x1A0C, 0x2A6A, 0x3AA7, 0x4B05, 0x5326, 0x2A8B,
    0x122C, 0x3289, 0x2269, 0x42E6, 0x6363, 0x5B43, 0x5342, 0x4B42, 0x4322, 0x4321, 0x5342, 0x5343, 0x4342, 0x4322, 0x4342, 0x4B42,
    0x4B42, 0x4B62, 0x4B81, 0x6383, 0x83C8, 0x6325, 0x4B02, 0x4302, 0x5323, 0x6345, 0x52E6, 0x42C8, 0x3288, 0x73A6, 0x7B64, 0x7365,
    0x7B85, 0x6344, 0x6B84, 0x73C5, 0x6383, 0x5363, 0x63C3, 0x5382, 0x4B82, 0x4362, 0x3B22, 0x4B83, 0x63A4, 0x6BA4, 0x6384, 0x6364,
    0x6B64, 0x6344, 0x6B64, 0x6B65, 0x7385, 0x7385, 0x7BC5, 0x73A5, 0x73C5, 0x73A5, 0x73C5, 0x83E6, 0x8C07, 0x8BC7, 0x9428, 0x83C6,
    0x83E6, 0x7BA5, 0x73A4, 0x6BA4, 0x73C5, 0x63A3, 0x63C3, 0x5BC3, 0x53A2, 0x63C4, 0x73E5, 0x5383, 0x5383, 0x6BC4, 0x6344, 0x6B25,
    0x93E7, 0x9426, 0x8406, 0x6383, 0x63A4, 0x6BA5, 0x7BC5, 0x73A5, 0x73A5, 0x83C6, 0x8BC7, 0x8387, 0x7366, 0x6BA5, 0x7385, 0x8387,
    0x83A7, 0x8406, 0x73E5, 0x63A4, 0x5B84, 0x5B64, 0x5B64, 0x73C6, 0x73A6, 0x7BC6, 0x63A4, 0x5384, 0x63A5, 0x6344, 0x73C6, 0x7BC6,
    0x7BE6, 0x7BE6, 0x7BC6, 0x7BC6, 0x83E7, 0x8C07, 0x8BC7, 0x8BC7, 0x8C07, 0x73E5, 0x7BE5, 0x8C07, 0x8C07, 0x8BE6, 0x9427, 0x9428,
    0x2A4C, 0x83CB, 0x9C09, 0x9C49, 0x93E8, 0x8BE8, 0x83C8, 0x7BCC, 0x1230, 0x0A31, 0x3AED, 0x7BEA, 0x8407, 0x73C8, 0x63A9, 0x73E7,
    0x6B65, 0x6345, 0x4B03, 0x4B02, 0x5343, 0x5B64, 0x5B43, 0x7365, 0x6324, 0x5B23, 0x5B63, 0x63A4, 0x5B84, 0x5383, 0x4B62, 0x5363,
    0x73A5, 0x93E7, 0x7365, 0x6B64, 0x6B84, 0x5B43, 0x5B63, 0x6384, 0x5B44, 0x5B43, 0x5303, 0x5B23, 0x6B45, 0x6305, 0x6307, 0x5B08,
    0x2A4C, 0x11ED, 0x222C, 0x2A29, 0x52A4, 0x62E3, 0x6325, 0x6B46, 0x7BA8, 0x7389, 0x83C9, 0x8BC8, 0x8BC7, 0x83A7, 0x83A7, 0x8387,
    0x83A8, 0x83A8, 0x7B88, 0x7369, 0x7B89, 0x8BC9, 0x940A, 0xA42B, 0x9BEA, 0x93EA, 0x8BA9, 0x8BAA, 0x732A, 0x7B4B, 0x83AC, 0x42AD,
    0x42EE, 0x2A90, 0x0212, 0x0232, 0x0212, 0x0212, 0x0212, 0x01F1, 0x01D1, 0x120E, 0x944B, 0x93C9, 0x7B8B, 0x838A, 0x7B69, 0x42AC,
    0x11EE, 0x636D, 0xA4B0, 0x636F, 0x0A10, 0x0212, 0x0212, 0x0212, 0x0211, 0x0211, 0x01F1, 0x226E, 0xAD53, 0xBD93, 0xE6FA, 0xFFFF,
    0xFFDF, 0xFFFF, 0xFFFF, 0xFFFF, 0xFFDF, 0xFFDF, 0xFFFF, 0xF7BF, 0xA5B9, 0x6BF1, 0x5BD2, 0x09F0, 0x01F1, 0x0232, 0x0212, 0x0212,
    0x0211, 0x0211, 0x0211, 0x0211, 0x01F1, 0x2A8D, 0x636A, 0x636B, 0x3AAB, 0x634A, 0x6B48, 0x7348, 0x93C8, 0x6309, 0x120E, 0x0211,
    0x0211, 0x0211, 0x0211, 0x0211, 0x0211, 0x0211, 0x0211, 0x0211, 0x0211, 0x0211, 0x0211, 0x0211, 0x0211, 0x0211, 0x0211, 0x0211,
    0x0212, 0x0212, 0x0211, 0x0212, 0x0212, 0x01F0, 0x3288, 0x6B46, 0x7367, 0x5B04, 0x4AE3, 0x42C2, 0x4B02, 0x42E1, 0x42E2, 0x2A86,
    0x2268, 0x32A5, 0x42E2, 0x42E1, 0x4AE2, 0x42E2, 0x42A3, 0x3A86, 0x3AA4, 0x4AC3, 0x1A2A, 0x01F2, 0x0212, 0x0A31, 0x0A11, 0x1A4B,
    0x3AA4, 0x4281, 0x4AC2, 0x4AC2, 0x52E2, 0x5302, 0x5302, 0x42E2, 0x4322, 0x3B01, 0x3AE2, 0x42C2, 0x4302, 0x4302, 0x4302, 0x4322,
    0x4302, 0x4321, 0x6384, 0x7BA7, 0x52C3, 0x42E1, 0x4302, 0x5323, 0x6343, 0x6B64, 0x6363, 0x6384, 0x5323, 0x6343, 0x7364, 0x7364,
    0x6324, 0x52E3, 0x5B23, 0x6344, 0x6364, 0x5322, 0x4B42, 0x4B82, 0x4B82, 0x4362, 0x3B42, 0x3B41, 0x5383, 0x5BA3, 0x5B63, 0x5B83,
    0x6BA4, 0x6364, 0x5B44, 0x6B84, 0x6363, 0x6B84, 0x6BA4, 0x73A5, 0x7BC5, 0x73A5, 0x73C5, 0x73C5, 0x7BC5, 0x7BC6, 0x83E6, 0x83C6,
    0x83E6, 0x7BC6, 0x6BA4, 0x63A4, 0x63A4, 0x5B83, 0x5382, 0x4B82, 0x5382, 0x63A4, 0x6BE5, 0x4B62, 0x5383, 0x6BC4, 0x5B24, 0x5AA5,
    0x8387, 0x8BE6, 0x83E6, 0x73C5, 0x6BA4, 0x6BA4, 0x7BE5, 0x6B84, 0x7BE6, 0x7BA6, 0x7B67, 0x8387, 0x83A7, 0x8BE7, 0x7BE7, 0x73A6,
    0x7345, 0x7346, 0x8BE7, 0x73E5, 0x5B83, 0x5B63, 0x5B64, 0x6364, 0x73A5, 0x6BA5, 0x6384, 0x6384, 0x5B64, 0x6385, 0x73A6, 0x7BC6,
    0x8BE7, 0x9407, 0x9408, 0x8BE7, 0x83E6, 0x8406, 0x8BE7, 0x83E6, 0x7404, 0x7424, 0x8406, 0x83C6, 0x83E6, 0x83E5, 0x8406, 0x83E7,
    0x1A4F, 0x1A4F, 0x1A2E, 0x5B4C, 0xAC89, 0x9C29, 0x4ACC, 0x09F0, 0x0212, 0x0231, 0x32AD, 0x7BC8, 0x83E6, 0x7BE5, 0x7384, 0x6B43,
    0x7365, 0x6B65, 0x3AC2, 0x4B22, 0x5B63, 0x5323, 0x4AC3, 0x4AC3, 0x52E3, 0x4B03, 0x5323, 0x6344, 0x6B84, 0x6364, 0x6384, 0x5343,
    0x6364, 0x8386, 0x8387, 0x83A7, 0x7366, 0x7366, 0x7346, 0x8BC8, 0x8BE8, 0x8BE7, 0x73A5, 0x5B63, 0x5323, 0x52E3, 0x6B23, 0x4AA7,
    0x19EB, 0x2A29, 0x4287, 0x4285, 0x52C4, 0x5B03, 0x6324, 0x6B45, 0x7387, 0x7B88, 0x6B68, 0x83A9, 0x7B87, 0x83A7, 0x8387, 0x8387,
    0x8387, 0x83A8, 0x83A8, 0x8BA9, 0x83A8, 0x8BC9, 0x83A9, 0x8BCA, 0x8BA9, 0x8BA8, 0x93A9, 0x93AA, 0x7B6B, 0x734B, 0x530D, 0x532D,
    0x9C6E, 0x3ACE, 0x01F1, 0x0232, 0x0232, 0x0211, 0x0A0F, 0x42CD, 0x3AAC, 0x5B2D, 0x942B, 0x8BCA, 0x6B4B, 0x93EA, 0x93EA, 0x73AD,
    0x09EE, 0x1A2F, 0x6390, 0x122F, 0x0212, 0x0212, 0x0212, 0x0211, 0x0211, 0x01F1, 0x0211, 0x01CF, 0x4AED, 0x8C2C, 0xCE36, 0xFFFF,
    0xFFFF, 0xFFFF, 0xFFFF, 0xFFFF, 0xFFDF, 0xFFDF, 0xE75D, 0x6435, 0x01CF, 0x0A11, 0x01D0, 0x0212, 0x0212, 0x0212, 0x0212, 0x0212,
    0x0212, 0x0212, 0x0212, 0x0212, 0x0211, 0x122F, 0x2A4C, 0x6308, 0x7B88, 0x940A, 0x8BA8, 0x8347, 0x8B67, 0x8346, 0x42AA, 0x01F0,
    0x0212, 0x0211, 0x0211, 0x0211, 0x0211, 0x0211, 0x0211, 0x0211, 0x0211, 0x0211, 0x0211, 0x0211, 0x0212, 0x0211, 0x0211, 0x0211,
    0x0212, 0x0212, 0x0212, 0x0212, 0x0211, 0x120C, 0x5B06, 0x7B87, 0x6325, 0x42C2, 0x4B02, 0x4B02, 0x42E2, 0x42E1, 0x2A87, 0x0210,
    0x0212, 0x09EE, 0x3AC4, 0x42E1, 0x42E2, 0x4AE2, 0x42C3, 0x3A83, 0x4AC4, 0x4AC3, 0x2A69, 0x0211, 0x124F, 0x0A30, 0x0232, 0x2A68,
    0x4281, 0x3A82, 0x4281, 0x4AC2, 0x5303, 0x4AC2, 0x42A2, 0x3AC1, 0x32C1, 0x3AE1, 0x3AE2, 0x4302, 0x4322, 0x4322, 0x3B01, 0x3301,
    0x4322, 0x6BA6, 0x6B26, 0x4A83, 0x4301, 0x4B42, 0x42E2, 0x4B22, 0x5322, 0x5B43, 0x6324, 0x6B44, 0x6B84, 0x6344, 0x6B64, 0x6324,
    0x52E3, 0x5303, 0x6324, 0x5303, 0x42C2, 0x3AC2, 0x4B42, 0x4342, 0x3B41, 0x4B82, 0x3B41, 0x4382, 0x63E3, 0x5B83, 0x63A4, 0x5BA3,
    0x5363, 0x5B83, 0x5B83, 0x63A3, 0x63A3, 0x63A3, 0x63A4, 0x63A4, 0x6BA4, 0x6BC4, 0x6383, 0x63A3, 0x63A3, 0x63A3, 0x6BA4, 0x73A4,
    0x6B64, 0x73A5, 0x6BC4, 0x5BA3, 0x5B83, 0x5383, 0x4362, 0x3B41, 0x4361, 0x5383, 0x6BE4, 0x63A3, 0x4B42, 0x5BA3, 0x6364, 0x6B45,
    0x7B66, 0x7B86, 0x83C6, 0x7BE6, 0x73C5, 0x73E5, 0x6BC4, 0x7C26, 0x8426, 0x7BE6, 0x7B86, 0x7B67, 0x7B46, 0x6B46, 0x7386, 0x7B86,
    0x9428, 0x83C7, 0x7B87, 0x6B85, 0x63C4, 0x5B84, 0x63A4, 0x63A4, 0x5B84, 0x5B64, 0x5B84, 0x6384, 0x63A4, 0x6384, 0x6B84, 0x7BC6,
    0x8BE7, 0x9407, 0x9407, 0x8C07, 0x7BE6, 0x7BE6, 0x7BC5, 0x7425, 0x6C44, 0x7425, 0x63A4, 0x73A5, 0x6B66, 0x73C7, 0x8C27, 0x73C9,
    0x01F1, 0x0212, 0x01F2, 0x0A0F, 0x52EC, 0x7BCB, 0x2A6E, 0x0212, 0x0232, 0x0212, 0x01D0, 0x3ACC, 0x6369, 0x5B28, 0x42C9, 0x42C9,
    0x7386, 0x5B43, 0x4B02, 0x5343, 0x4302, 0x3AE2, 0x3AC2, 0x42E3, 0x3AC2, 0x4B23, 0x3AE2, 0x3AC2, 0x52E3, 0x6304, 0x6B25, 0x6304,
    0x52E3, 0x6304, 0x7346, 0x7326, 0x7347, 0x7327, 0x6B06, 0x8368, 0x9BEA, 0x8BA8, 0x8B87, 0x83A7, 0x5B44, 0x4AE2, 0x6303, 0x5AC4,
    0x52C5, 0x52A4, 0x5AC3, 0x52A4, 0x4AA4, 0x52E3, 0x5B03, 0x6B45, 0x6B66, 0x7387, 0x6B48, 0x7B88, 0x83A8, 0x8366, 0x8367, 0x8367,
    0x7B46, 0x8387, 0x83A8, 0x83A9, 0x7B69, 0x8389, 0x7B69, 0x7B69, 0x8388, 0x8368, 0x8388, 0x8B88, 0x93C9, 0x9C2C, 0x2A6E, 0x636E,
    0xC50C, 0x9C2A, 0x6B8D, 0x09EF, 0x01F1, 0x01D1, 0x32AE, 0x9C4B, 0x8389, 0x7B8A, 0x93EA, 0x8BEB, 0x634D, 0x93EC, 0xA42A, 0x940B,
    0x73AD, 0x2270, 0x01F1, 0x0232, 0x0212, 0x0212, 0x0212, 0x0211, 0x0211, 0x0211, 0x0211, 0x01F1, 0x1A4E, 0x52E8, 0x7C2E, 0xFFDE,
    0xFFFF, 0xFFFF, 0xFFFF, 0xFFFF, 0xFFDF, 0xFFFF, 0xC67B, 0x1230, 0x01F1, 0x0212, 0x0212, 0x0212, 0x0211, 0x0212, 0x0212, 0x0212,
    0x0212, 0x0212, 0x0212, 0x0212, 0x0211, 0x0A10, 0x1A2D, 0x5B08, 0x83A8, 0x9C6C, 0xA46C, 0xDE97, 0xCDD3, 0x6B4A, 0x11ED, 0x0211,
    0x0212, 0x0212, 0x0212, 0x0212, 0x0211, 0x0212, 0x0211, 0x0211, 0x0211, 0x0211, 0x0211, 0x0211, 0x0212, 0x0212, 0x0212, 0x0212,
    0x0212, 0x0212, 0x0212, 0x0212, 0x122D, 0x3285, 0x6324, 0x6325, 0x4AE3, 0x42E2, 0x4302, 0x42E2, 0x42E1, 0x42E1, 0x1A6A, 0x0232,
    0x0210, 0x2AA9, 0x42E3, 0x3282, 0x3AC2, 0x3AA2, 0x3A83, 0x3A83, 0x4AC3, 0x4AC2, 0x3AC7, 0x0A0F, 0x226C, 0x3286, 0x2248, 0x3286,
    0x3A81, 0x3AA1, 0x4AC2, 0x4AC2, 0x3AA1, 0x3281, 0x2A61, 0x32C1, 0x32A1, 0x3AE2, 0x3AC1, 0x3B01, 0x3B22, 0x3AE1, 0x3B01, 0x32E1,
    0x42E3, 0x4A84, 0x3221, 0x4301, 0x4321, 0x4301, 0x42A2, 0x4302, 0x5322, 0x5B23, 0x6323, 0x6324, 0x6324, 0x6B24, 0x6304, 0x5AC3,
    0x5B04, 0x42A2, 0x4AC2, 0x4B23, 0x4302, 0x3B02, 0x4322, 0x4322, 0x3B21, 0x4342, 0x3301, 0x4362, 0x53A3, 0x4B42, 0x4B63, 0x4342,
    0x4342, 0x4B42, 0x5363, 0x5362, 0x4B62, 0x5BA3, 0x5383, 0x5362, 0x5B83, 0x6BC4, 0x63C4, 0x5BA3, 0x5383, 0x5382, 0x5362, 0x5B83,
    0x6383, 0x6383, 0x5BA3, 0x5382, 0x53A2, 0x4382, 0x4361, 0x4361, 0x4362, 0x5BA3, 0x5362, 0x5BA3, 0x5342, 0x4B42, 0x5B84, 0x6B85,
    0x7346, 0x62C5, 0x62E5, 0x7365, 0x83C7, 0x8C27, 0x7C05, 0x7C05, 0x8446, 0x8C46, 0x8406, 0x83E6, 0x7365, 0x6325, 0x7365, 0x7365,
    0x8BC7, 0x8BE7, 0x7346, 0x73A5, 0x6BE4, 0x5BC4, 0x5BA4, 0x5BA4, 0x5383, 0x4B42, 0x63A4, 0x6BA5, 0x7BC6, 0x8407, 0x6BA5, 0x6B85,
    0x83C7, 0x83A6, 0x83E7, 0x8407, 0x73C5, 0x6BC5, 0x63C4, 0x6C44, 0x7C45, 0x8C27, 0x6364, 0x73C5, 0x6B87, 0x5B2A, 0x3ACC, 0x0A0F,
    0x0212, 0x0212, 0x0212, 0x0212, 0x01D1, 0x1230, 0x0A10, 0x0231, 0x0212, 0x0212, 0x0212, 0x01F1, 0x01F0, 0x0210, 0x01D0, 0x1A4E,
    0x63A7, 0x4302, 0x5383, 0x5342, 0x4322, 0x4B42, 0x5343, 0x4AE2, 0x4AE2, 0x5B23, 0x6B65, 0x6385, 0x52E3, 0x52E2, 0x6324, 0x6304,
    0x52E3, 0x4AE3, 0x52E3, 0x52C4, 0x52C4, 0x4AA4, 0x52C4, 0x6326, 0x7B68, 0x8389, 0x7B68, 0x7B46, 0x6344, 0x52E3, 0x6324, 0x6B24,
    0x5AC3, 0x52A3, 0x6324, 0x6324, 0x4AA2, 0x4AE3, 0x5B03, 0x5AE3, 0x6305, 0x6306, 0x6307, 0x6B48, 0x6B48, 0x7B67, 0x7B66, 0x8B67,
    0x8B87, 0x8B87, 0x83A8, 0x7348, 0x6B28, 0x7B88, 0x7B68, 0x6B49, 0x7B88, 0x8368, 0x7B88, 0x8388, 0x6B6B, 0x328E, 0x09CE, 0x6B8D,
    0xAC6A, 0x7B8A, 0x6B6B, 0x636D, 0x1A2F, 0x01F0, 0x120F, 0x328E, 0x1A0E, 0x09EE, 0x328D, 0x83CC, 0xBCEE, 0xAC6C, 0x93EB, 0xA42B,
    0xB48C, 0x8C71, 0x0A10, 0x0212, 0x0212, 0x0212, 0x0212, 0x0212, 0x0211, 0x0212, 0x0212, 0x0212, 0x0A10, 0x4B2C, 0xA532, 0xFFDF,
    0xFFFF, 0xFFFF, 0xFFFF, 0xFFDF, 0xFFDF, 0xF7BE, 0x9D77, 0x0A10, 0x0212, 0x0211, 0x0211, 0x0212, 0x0212, 0x0212, 0x0212, 0x0212,
    0x0212, 0x0212, 0x0212, 0x0212, 0x0211, 0x0212, 0x0A0F, 0x42AA, 0x5AE7, 0x7B45, 0x8388, 0x8C92, 0x5371, 0x09EF, 0x0211, 0x0212,
    0x0211, 0x0211, 0x0211, 0x0211, 0x0211, 0x0211, 0x0212, 0x0211, 0x0211, 0x0212, 0x0212, 0x0212, 0x0212, 0x0212, 0x0212, 0x0211,
    0x0211, 0x0212, 0x0212, 0x0A2E, 0x2A86, 0x4AE3, 0x5B04, 0x5B04, 0x42C2, 0x3AA1, 0x42E1, 0x42E1, 0x42E1, 0x3AC4, 0x122E, 0x0211,
    0x2AA9, 0x4B22, 0x4302, 0x32A2, 0x32A2, 0x3AA2, 0x3AA2, 0x42C3, 0x42C3, 0x42A3, 0x42E3, 0x3AC6, 0x2A6A, 0x2A65, 0x3AC1, 0x3AC1,
    0x3AA1, 0x32A1, 0x3AA1, 0x42C2, 0x3281, 0x3282, 0x32A1, 0x32A1, 0x32C1, 0x32C1, 0x3AC1, 0x32C1, 0x32E1, 0x3AE1, 0x3B01, 0x32E1,
    0x3A83, 0x3222, 0x4302, 0x4321, 0x3B01, 0x3AE1, 0x4302, 0x3AA1, 0x4B02, 0x5302, 0x52C3, 0x5AC3, 0x5AC3, 0x5AA4, 0x5284, 0x52A4,
    0x52C3, 0x52E3, 0x42C2, 0x4B22, 0x4B43, 0x3AE2, 0x4B02, 0x5323, 0x4B22, 0x4302, 0x3301, 0x3321, 0x3B22, 0x3B02, 0x4B62, 0x4B62,
    0x4342, 0x4322, 0x3AE2, 0x4322, 0x4322, 0x4322, 0x4B62, 0x4B42, 0x5B83, 0x5362, 0x5382, 0x4B62, 0x4B62, 0x4B82, 0x4B61, 0x5BA2,
    0x5BA2, 0x63C3, 0x5BC3, 0x4BA2, 0x4381, 0x4381, 0x3B61, 0x3341, 0x3B41, 0x5B83, 0x5B63, 0x4341, 0x4B82, 0x4B62, 0x4B62, 0x4B82,
    0x4B63, 0x5363, 0x6364, 0x6324, 0x6B25, 0x6B25, 0x6B45, 0x6344, 0x73C5, 0x8C26, 0x9447, 0x83E6, 0x7BE5, 0x6B85, 0x7BC6, 0x83A7,
    0x7365, 0x83E7, 0x83C6, 0x7BE6, 0x63C4, 0x5383, 0x63C4, 0x5383, 0x4B63, 0x63A4, 0x73E5, 0x6BC5, 0x7BC6, 0x83E6, 0x7BA6, 0x83E6,
    0x83C7, 0x7BC6, 0x6B65, 0x6B85, 0x7BE6, 0x7406, 0x7C46, 0x7C25, 0x7C26, 0x7C06, 0x7406, 0x7BE6, 0x7BC5, 0x7BE7, 0x3AAD, 0x01F1,
    0x0212, 0x0212, 0x0212, 0x0212, 0x0212, 0x0212, 0x0A30, 0x32CE, 0x32CE, 0x0A31, 0x0212, 0x0212, 0x0A30, 0x0A4F, 0x2ACD, 0x5369,
    0x5364, 0x4B42, 0x63A4, 0x5B62, 0x5363, 0x4B02, 0x42C1, 0x5B24, 0x7387, 0x7346, 0x8BE8, 0x8C2A, 0x8C29, 0x7385, 0x6323, 0x5B24,
    0x52E2, 0x4AE3, 0x4AE3, 0x42A3, 0x52E4, 0x52E5, 0x5304, 0x4AC3, 0x6326, 0x7B68, 0x8BCA, 0x83A7, 0x7345, 0x6B44, 0x5B04, 0x5AE3,
    0x6304, 0x6324, 0x5B23, 0x42C4, 0x4B04, 0x5322, 0x5B23, 0x6324, 0x5AE3, 0x6304, 0x6B46, 0x7367, 0x62E6, 0x7347, 0x7B67, 0x8367,
    0x93A7, 0x8388, 0x7349, 0x7348, 0x7B88, 0x7B67, 0x6B26, 0x7367, 0x7B88, 0x8389, 0x83A9, 0x530C, 0x0A10, 0x01D1, 0x1230, 0x4AED,
    0x842D, 0x1A2E, 0x01AE, 0x4B2E, 0x226F, 0x01D0, 0x2A8F, 0x224F, 0x01F1, 0x0212, 0x0211, 0x224E, 0x8BEC, 0xB48C, 0x83AC, 0x5B0C,
    0x942D, 0x940D, 0x224E, 0x0211, 0x0212, 0x0211, 0x0212, 0x0212, 0x0211, 0x0212, 0x0212, 0x0212, 0x01F2, 0x32CF, 0xA531, 0xF7BE,
    0xFFFF, 0xFFFF, 0xFFFF, 0xFFDF, 0xFFDE, 0xCE9A, 0x53B3, 0x01F0, 0x0212, 0x0212, 0x0212, 0x0212, 0x0211, 0x0212, 0x0212, 0x0212,
    0x0212, 0x0212, 0x0212, 0x0212, 0x0212, 0x0212, 0x0211, 0x0211, 0x120F, 0x3ACD, 0x222C, 0x018E, 0x01D0, 0x0212, 0x0211, 0x0211,
    0x0211, 0x0211, 0x0211, 0x0212, 0x0212, 0x0212, 0x0212, 0x0211, 0x0212, 0x0212, 0x0212, 0x0212, 0x0212, 0x0212, 0x0212, 0x0212,
    0x0212, 0x0211, 0x1A2A, 0x3286, 0x3AC4, 0x6325, 0x52E4, 0x3AA2, 0x32C2, 0x3AC1, 0x42E1, 0x42C2, 0x2A66, 0x120D, 0x0A0F, 0x2AA8,
    0x4B22, 0x42E1, 0x32A2, 0x2A82, 0x3AC2, 0x32A2, 0x3283, 0x3AC2, 0x42E2, 0x3284, 0x3285, 0x4B03, 0x4AE2, 0x3AC2, 0x3AE2, 0x2AC1,
    0x32C1, 0x3AC2, 0x2261, 0x2A81, 0x2A81, 0x2241, 0x2A61, 0x32A1, 0x32C1, 0x3AC1, 0x3AC1, 0x3AE1, 0x4302, 0x3AE1, 0x4342, 0x32C1,
    0x3AA3, 0x3262, 0x32E1, 0x3AE1, 0x3AE1, 0x4302, 0x32E1, 0x4302, 0x4301, 0x4B02, 0x5302, 0x5303, 0x5303, 0x52E3, 0x52C3, 0x5AE4,
    0x5283, 0x52A3, 0x5303, 0x4B02, 0x4302, 0x3B02, 0x3B01, 0x4302, 0x4301, 0x3AE1, 0x2AE1, 0x3321, 0x3301, 0x3B21, 0x4342, 0x5382,
    0x53A2, 0x4B82, 0x4322, 0x4322, 0x4341, 0x4342, 0x4342, 0x4B62, 0x4342, 0x4341, 0x4362, 0x4341, 0x4361, 0x4361, 0x4361, 0x4362,
    0x4BA2, 0x53C2, 0x53C2, 0x4381, 0x4BA2, 0x3B81, 0x3B61, 0x3B61, 0x4B82, 0x4B62, 0x5B83, 0x5B63, 0x5B63, 0x5BA3, 0x4B81, 0x53A2,
    0x4361, 0x4361, 0x4B82, 0x53C3, 0x5BC3, 0x5BA3, 0x5B44, 0x5AC4, 0x5AE4, 0x7366, 0x8BC7, 0x83E6, 0x73E5, 0x63A4, 0x6BA5, 0x7386,
    0x7385, 0x73C5, 0x83E6, 0x73C5, 0x73E5, 0x6BC5, 0x5BC4, 0x53A3, 0x5BA4, 0x63A4, 0x73C5, 0x7BE6, 0x8406, 0x83E7, 0x83E6, 0x7BE6,
    0x73A5, 0x73C5, 0x6B84, 0x6BA5, 0x63A4, 0x6BC4, 0x7C06, 0x8426, 0x7C46, 0x6C24, 0x6C25, 0x7405, 0x6BA5, 0x83E5, 0x73CA, 0x1A4F,
    0x0212, 0x0212, 0x0212, 0x0212, 0x0212, 0x0212, 0x0211, 0x0210, 0x1250, 0x0231, 0x0232, 0x0211, 0x2ACB, 0x6BE8, 0x7BE6, 0x73A5,
    0x4B22, 0x5B83, 0x73E4, 0x5342, 0x4B42, 0x5322, 0x6345, 0x7BE9, 0x6346, 0x5B24, 0x6324, 0x5B24, 0x6B65, 0x7325, 0x6B04, 0x5AE2,
    0x6323, 0x5B43, 0x5342, 0x5B23, 0x4AC3, 0x5305, 0x52C4, 0x4AA3, 0x4263, 0x62E5, 0x7348, 0x8367, 0x93E8, 0x7366, 0x4AC2, 0x5322,
    0x6B63, 0x6B63, 0x6363, 0x5B24, 0x5B45, 0x5B44, 0x5B23, 0x5B22, 0x52E2, 0x4AC4, 0x4267, 0x5AE7, 0x7B88, 0x7B88, 0x7347, 0x7347,
    0x8387, 0x6B49, 0x52EA, 0x7368, 0x6B28, 0x6307, 0x7347, 0x7327, 0x7B67, 0x83A9, 0x632C, 0x1A6F, 0x0212, 0x0232, 0x01F1, 0x0211,
    0x0A10, 0x1A4F, 0x5370, 0x01EF, 0x01D0, 0x0210, 0x1230, 0x09EF, 0x01F1, 0x01F1, 0x01F1, 0x0211, 0x42EF, 0x6B4C, 0x9C2C, 0x7BAE,
    0x326D, 0x4B0E, 0x122F, 0x0212, 0x0212, 0x0212, 0x0212, 0x0212, 0x0212, 0x0212, 0x0212, 0x0212, 0x0232, 0x01EF, 0x638D, 0xF79D,
    0xFFFF, 0xFFDF, 0xFFDF, 0xFFFF, 0xDEFB, 0x63D2, 0x01F0, 0x0211, 0x0212, 0x0212, 0x0212, 0x0212, 0x0212, 0x0212, 0x0212, 0x0212,
    0x0212, 0x0212, 0x0212, 0x0212, 0x0212, 0x0212, 0x0212, 0x0212, 0x0212, 0x01F1, 0x01F2, 0x0212, 0x0211, 0x0211, 0x0211, 0x0211,
    0x0211, 0x0211, 0x0212, 0x0212, 0x0211, 0x0211, 0x0212, 0x0212, 0x0212, 0x0212, 0x0212, 0x0212, 0x0212, 0x0212, 0x0212, 0x0212,
    0x0A30, 0x1A49, 0x5305, 0x5B24, 0x5B04, 0x6B25, 0x6304, 0x4AC3, 0x3281, 0x32A1, 0x3AC2, 0x1A48, 0x01F0, 0x0210, 0x2A87, 0x4B01,
    0x42E1, 0x32A1, 0x2262, 0x2263, 0x32A3, 0x2AA4, 0x2A84, 0x3AE3, 0x3AA2, 0x3282, 0x3265, 0x3A83, 0x42A2, 0x32C1, 0x2AC1, 0x2AE1,
    0x2AE1, 0x3AE2, 0x3AC2, 0x2AA1, 0x2261, 0x2261, 0x2261, 0x32C2, 0x32A1, 0x3AE2, 0x3AC2, 0x2AA1, 0x2AA1, 0x32E1, 0x4362, 0x32E1,
    0x3263, 0x3282, 0x32C1, 0x3B01, 0x42E1, 0x42E2, 0x2AA1, 0x3B01, 0x4321, 0x4B02, 0x4AA2, 0x4A83, 0x4282, 0x4282, 0x4AC2, 0x4AC2,
    0x52E3, 0x4AA2, 0x4AC2, 0x4AE3, 0x4AE3, 0x42E2, 0x4B23, 0x4B22, 0x4B02, 0x4B22, 0x3301, 0x2AE1, 0x3301, 0x3B22, 0x3B02, 0x4B22,
    0x4B42, 0x4B62, 0x4B62, 0x4B82, 0x4BA2, 0x4B61, 0x3B41, 0x3B21, 0x3B21, 0x3B21, 0x3B61, 0x4381, 0x4381, 0x3B61, 0x4BA2, 0x4383,
    0x3B03, 0x4BA2, 0x43A1, 0x4381, 0x3B81, 0x3B61, 0x3B61, 0x4381, 0x5BA3, 0x5382, 0x53A2, 0x5382, 0x5362, 0x5382, 0x5BC3, 0x5BE3,
    0x53C2, 0x4381, 0x43A1, 0x43A1, 0x3BA1, 0x43C1, 0x4BC2, 0x5383, 0x5B44, 0x6325, 0x7346, 0x8BC8, 0x8C07, 0x7BE5, 0x7BC5, 0x7BA6,
    0x7385, 0x6384, 0x73C5, 0x6BA5, 0x63A4, 0x5BA4, 0x4B83, 0x5BE4, 0x63E4, 0x73E5, 0x6B84, 0x8406, 0x7BE5, 0x73C5, 0x73C5, 0x73C5,
    0x6B86, 0x5B27, 0x6B85, 0x5BA4, 0x63E4, 0x7405, 0x8C27, 0x9448, 0x8426, 0x7C25, 0x8445, 0x8C66, 0x8426, 0x6B87, 0x8409, 0x3ACC,
    0x0212, 0x0212, 0x0212, 0x0212, 0x0212, 0x0212, 0x0212, 0x0212, 0x0212, 0x0212, 0x0211, 0x0A2E, 0x5B88, 0x6BA4, 0x5322, 0x5343,
    0x4B22, 0x5B83, 0x4B22, 0x42E2, 0x5B43, 0x7BA7, 0x7387, 0x4AC4, 0x42A2, 0x7387, 0x7BA8, 0x6363, 0x4B02, 0x73E9, 0xAD30, 0x7B88,
    0x52A2, 0x6344, 0x7BA5, 0x7385, 0x4AC2, 0x4AC3, 0x5AE4, 0x52E4, 0x3A62, 0x52A4, 0x7368, 0x7348, 0x7B88, 0x7346, 0x4AC3, 0x4B22,
    0x5B62, 0x6B83, 0x6363, 0x6B84, 0x7384, 0x6346, 0x3AA9, 0x42C5, 0x3A85, 0x2A08, 0x3246, 0x4A64, 0x7367, 0x7B47, 0x8388, 0x7B88,
    0x7347, 0x6B27, 0x6B28, 0x6B07, 0x6B27, 0x6307, 0x7B67, 0x6306, 0x7B67, 0x530B, 0x01F0, 0x0212, 0x0212, 0x0212, 0x0212, 0x0212,
    0x01D1, 0x2AB0, 0x4310, 0x01CF, 0x3B10, 0x32AF, 0x328E, 0x7BCE, 0x530D, 0x4AEE, 0x532F, 0x09F0, 0x01F1, 0x01EF, 0x2A6D, 0x6BAE,
    0x5350, 0x120F, 0x0A31, 0x0212, 0x0212, 0x0212, 0x0212, 0x0212, 0x0212, 0x0212, 0x0212, 0x0212, 0x0212, 0x0212, 0x226F, 0x9D13,
    0xFFDE, 0xFFFF, 0xFFFF, 0xFFFF, 0xEF9E, 0x4332, 0x01B0, 0x0212, 0x0211, 0x0212, 0x0212, 0x0212, 0x0212, 0x0212, 0x0212, 0x0212,
    0x0212, 0x0212, 0x0211, 0x0211, 0x0212, 0x0212, 0x0212, 0x0211, 0x0211, 0x0211, 0x0211, 0x0212, 0x0211, 0x0211, 0x0211, 0x0211,
    0x0211, 0x0211, 0x0212, 0x0211, 0x1250, 0x0A10, 0x0212, 0x0211, 0x0212, 0x0212, 0x0212, 0x0212, 0x0212, 0x0212, 0x0212, 0x0A0E,
    0x2A68, 0x6368, 0x83C9, 0x7B87, 0x7346, 0x6B45, 0x52E3, 0x42E2, 0x3AC1, 0x32A1, 0x2A64, 0x0A0F, 0x0212, 0x0211, 0x2267, 0x3AA1,
    0x32A1, 0x2A82, 0x2A63, 0x2A83, 0x2A84, 0x2265, 0x2A84, 0x32A2, 0x32C2, 0x2A82, 0x1A07, 0x2246, 0x2A81, 0x32C1, 0x32E1, 0x2AC1,
    0x2AC1, 0x3AC2, 0x42E2, 0x4302, 0x3AE2, 0x22A1, 0x2281, 0x2AA1, 0x2AA1, 0x32E1, 0x2AC1, 0x2AC1, 0x2AE1, 0x2AE1, 0x4361, 0x32C1,
    0x3242, 0x3282, 0x3B01, 0x4301, 0x3AE1, 0x32C1, 0x32E1, 0x32A1, 0x3AA1, 0x42A2, 0x4222, 0x39C2, 0x4203, 0x4203, 0x4A23, 0x4A23,
    0x4A82, 0x3AC1, 0x3B02, 0x4B03, 0x4AE2, 0x4B02, 0x4AE2, 0x4AE2, 0x42C2, 0x32E1, 0x3302, 0x32E1, 0x3302, 0x32E2, 0x32C1, 0x3282,
    0x3AC2, 0x42E2, 0x4322, 0x4342, 0x4B62, 0x4361, 0x3341, 0x3B61, 0x3B61, 0x4381, 0x4361, 0x4381, 0x43A1, 0x4361, 0x53C2, 0x4BA2,
    0x4382, 0x4BC1, 0x4BC1, 0x43A1, 0x4381, 0x3B61, 0x3B61, 0x3B61, 0x4B82, 0x53A2, 0x4B82, 0x4B82, 0x4B81, 0x4BA2, 0x4BA2, 0x53E2,
    0x53C2, 0x53C2, 0x4BA2, 0x4BA1, 0x4BE2, 0x3B81, 0x3B81, 0x4BA2, 0x5343, 0x6344, 0x6B46, 0x7346, 0x9409, 0x8BE9, 0x8C0A, 0x8BE8,
    0x7BC6, 0x63A4, 0x5363, 0x5B64, 0x5B84, 0x5B64, 0x5B84, 0x63C4, 0x63C4, 0x73A5, 0x7BC6, 0x6B86, 0x6385, 0x6386, 0x6BA5, 0x7C05,
    0x432A, 0x3AEB, 0x73C6, 0x7405, 0x7425, 0x7BC6, 0x83C7, 0x7B66, 0x7386, 0x7BA6, 0x7BE8, 0x5B49, 0x2A6C, 0x0A0F, 0x124F, 0x0A30,
    0x0212, 0x0212, 0x0212, 0x0212, 0x0212, 0x0212, 0x0212, 0x0212, 0x0211, 0x0211, 0x01F1, 0x228D, 0x6BC7, 0x73C5, 0x63A4, 0x63C4,
    0x5B63, 0x5B43, 0x42E2, 0x4302, 0x5B23, 0x7BA8, 0x946D, 0x5345, 0x2A82, 0x6347, 0xACF0, 0x8C4B, 0x6B86, 0x4AE3, 0x6B67, 0x946E,
    0x83EB, 0x6B26, 0x7B66, 0x6B25, 0x52E3, 0x4AA3, 0x52C4, 0x52E4, 0x52E4, 0x4AA4, 0x6306, 0x5AE5, 0x4242, 0x5AC4, 0x52E3, 0x3AC1,
    0x4B62, 0x4B42, 0x5343, 0x5322, 0x6343, 0x4AE7, 0x1A2D, 0x2A6B, 0x3247, 0x4AC5, 0x4282, 0x4A82, 0x5AC4, 0x6305, 0x7346, 0x7B88,
    0x7367, 0x7326, 0x7347, 0x7347, 0x7367, 0x6B47, 0x7346, 0x7325, 0x6329, 0x120F, 0x0212, 0x0212, 0x0211, 0x0212, 0x0212, 0x0212,
    0x0212, 0x01F1, 0x01F1, 0x01F1, 0x2AB0, 0x1A70, 0x328D, 0xA44B, 0xAC4A, 0xA42A, 0xAC4C, 0x6B6E, 0x01CF, 0x01F1, 0x01F1, 0x01D0,
    0x1230, 0x22B1, 0x0A31, 0x0212, 0x0211, 0x0212, 0x0212, 0x0212, 0x0212, 0x0212, 0x0212, 0x0212, 0x0212, 0x0212, 0x01F1, 0x328C,
    0xD698, 0xFFFF, 0xD6B9, 0xF7DE, 0xDF1C, 0x2AD1, 0x01D1, 0x0212, 0x0211, 0x0211, 0x0212, 0x0211, 0x0211, 0x0212, 0x0211, 0x0211,
    0x0212, 0x0212, 0x0211, 0x0212, 0x0212, 0x0212, 0x0212, 0x0211, 0x0212, 0x0211, 0x0211, 0x0212, 0x0211, 0x0211, 0x0212, 0x0211,
    0x0211, 0x0211, 0x0212, 0x0211, 0x0211, 0x0211, 0x0211, 0x0211, 0x0212, 0x0212, 0x0212, 0x0212, 0x0212, 0x0212, 0x0212, 0x1A2B,
    0x52E5, 0x83EA, 0x7367, 0x5AE4, 0x5B04, 0x4AC3, 0x52E2, 0x4AE2, 0x32A1, 0x3281, 0x2247, 0x0211, 0x0212, 0x0212, 0x1A4A, 0x32A2,
    0x3281, 0x2262, 0x2263, 0x2A64, 0x2265, 0x2A85, 0x2247, 0x1229, 0x2A84, 0x32A2, 0x2245, 0x120A, 0x32E5, 0x32E1, 0x2AE1, 0x2AE1,
    0x22C1, 0x2AC1, 0x22A1, 0x22A1, 0x32E1, 0x3B02, 0x32E1, 0x2AC1, 0x2AC1, 0x2AC1, 0x2AC1, 0x22C1, 0x3302, 0x2AC1, 0x32E1, 0x32E1,
    0x3A82, 0x32A2, 0x3301, 0x32E1, 0x32E1, 0x32C1, 0x3AC1, 0x4302, 0x32A1, 0x3AA1, 0x42A2, 0x42A3, 0x4AC3, 0x4A83, 0x5303, 0x5303,
    0x4AA2, 0x42E2, 0x4AE2, 0x52E3, 0x42C2, 0x42C2, 0x42E2, 0x3AE2, 0x32E1, 0x32E1, 0x2AE2, 0x2AE1, 0x2AC1, 0x32C1, 0x32C2, 0x3282,
    0x3AA2, 0x42E2, 0x3AE2, 0x3AE1, 0x3B21, 0x3B21, 0x3B41, 0x3B61, 0x4381, 0x4B81, 0x4361, 0x4BA2, 0x4381, 0x4361, 0x4BA1, 0x53C2,
    0x53E1, 0x4BC1, 0x43A1, 0x3B81, 0x4381, 0x43A1, 0x3B81, 0x3B61, 0x4361, 0x4361, 0x4BA2, 0x4BC2, 0x4BA2, 0x4381, 0x43A1, 0x43A1,
    0x4381, 0x4BC2, 0x4BC2, 0x4381, 0x3B81, 0x3B61, 0x3B81, 0x4B82, 0x5343, 0x6325, 0x7BA6, 0x6B65, 0x6B25, 0x6B26, 0x7387, 0x7BC7,
    0x7385, 0x73C6, 0x6384, 0x5B44, 0x5B44, 0x73C6, 0x73C6, 0x73E5, 0x73E5, 0x7BC6, 0x3AA9, 0x1A4D, 0x1A6D, 0x328A, 0x7C07, 0x538A,
    0x124E, 0x538A, 0x7C25, 0x6BE5, 0x6BA4, 0x6BA5, 0x6B45, 0x6304, 0x7BA7, 0x52E9, 0x120D, 0x0210, 0x01F2, 0x0212, 0x0212, 0x0212,
    0x0212, 0x0212, 0x0212, 0x0212, 0x0212, 0x0211, 0x0211, 0x0211, 0x0211, 0x0211, 0x0211, 0x0A0F, 0x4B4A, 0x63A5, 0x73E4, 0x6BC3,
    0x6BA4, 0x6324, 0x4AE3, 0x5323, 0x6344, 0x7367, 0x8C6D, 0x4327, 0x32E7, 0x5B8A, 0x7450, 0x3AED, 0x8470, 0x8C4C, 0xA50E, 0xA4F0,
    0xC616, 0xAD72, 0x6346, 0x52C4, 0x5AE4, 0x5AE4, 0x42A3, 0x4262, 0x4AC4, 0x3A62, 0x4283, 0x3A82, 0x3A62, 0x42A3, 0x3A82, 0x3B01,
    0x4B82, 0x4B42, 0x5342, 0x4B22, 0x5303, 0x32A8, 0x32AA, 0x4AE5, 0x52E3, 0x5AE3, 0x4282, 0x4AA3, 0x5AC3, 0x5AE4, 0x5AC4, 0x52C5,
    0x5AE6, 0x6307, 0x6B27, 0x7367, 0x7367, 0x6B27, 0x7346, 0x7346, 0x328C, 0x01F1, 0x0212, 0x0212, 0x0212, 0x0212, 0x0212, 0x0212,
    0x0212, 0x0212, 0x0212, 0x0212, 0x0212, 0x01F1, 0x32AE, 0x940A, 0x8BA9, 0x93AA, 0x9BEA, 0x9C0B, 0x738C, 0x328E, 0x01F0, 0x0231,
    0x0211, 0x0211, 0x0211, 0x0211, 0x0211, 0x0211, 0x0212, 0x0212, 0x0212, 0x0212, 0x0212, 0x0212, 0x0212, 0x0212, 0x0212, 0x01EF,
    0x4350, 0x6C11, 0x638C, 0xDED9, 0x9D77, 0x09F0, 0x0211, 0x0211, 0x0211, 0x0211, 0x0211, 0x0211, 0x0212, 0x0211, 0x0211, 0x0211,
    0x0211, 0x0211, 0x0212, 0x0211, 0x0212, 0x0211, 0x0211, 0x0211, 0x0212, 0x0211, 0x0211, 0x0212, 0x0211, 0x0211, 0x0212, 0x0211,
    0x0211, 0x0211, 0x0211, 0x0212, 0x0211, 0x0211, 0x0211, 0x0211, 0x0211, 0x0A30, 0x0A10, 0x0212, 0x0212, 0x0212, 0x0212, 0x1A2A,
    0x4AC5, 0x6326, 0x6B46, 0x42A3, 0x3AA2, 0x3AA2, 0x3AA2, 0x3AA2, 0x2A81, 0x2A81, 0x2247, 0x0210, 0x0212, 0x0211, 0x2268, 0x42E1,
    0x42E1, 0x42E1, 0x42C1, 0x3AC2, 0x32A4, 0x3AC3, 0x2A68, 0x01D0, 0x120C, 0x32C3, 0x32C2, 0x2AA6, 0x3304, 0x3302, 0x2AE1, 0x2AC1,
    0x2AE1, 0x2AE1, 0x2AC1, 0x22C1, 0x2AC1, 0x32E2, 0x22C1, 0x22A1, 0x2AE1, 0x22E1, 0x2AE1, 0x22A1, 0x2AC1, 0x3B22, 0x3301, 0x32C1,
    0x32A2, 0x32C2, 0x2AC1, 0x3301, 0x3B01, 0x4B02, 0x4AE2, 0x3AA1, 0x4322, 0x32C1, 0x42C2, 0x42E2, 0x4B03, 0x4AE2, 0x4B22, 0x4342,
    0x4B62, 0x5343, 0x4AC2, 0x4AA2, 0x4AC2, 0x42E2, 0x4302, 0x4321, 0x4302, 0x3B02, 0x2AC1, 0x3AE2, 0x32C1, 0x2AC1, 0x3302, 0x3AE2,
    0x3AC2, 0x3AA2, 0x3AC2, 0x3B02, 0x3B21, 0x3B21, 0x3B41, 0x4361, 0x4381, 0x4381, 0x4381, 0x4381, 0x4361, 0x3B41, 0x43A1, 0x4381,
    0x43A1, 0x3B81, 0x3341, 0x3321, 0x3341, 0x43A2, 0x4361, 0x3321, 0x3321, 0x3321, 0x3B61, 0x3B61, 0x3B61, 0x3361, 0x3B81, 0x3B81,
    0x43A1, 0x43A1, 0x3B81, 0x3B61, 0x3B61, 0x43A2, 0x3B61, 0x4B62, 0x5B04, 0x5AE4, 0x6B65, 0x6B84, 0x6384, 0x5344, 0x5B64, 0x5B64,
    0x4B23, 0x5B64, 0x6365, 0x6365, 0x6BA5, 0x73C5, 0x6B85, 0x73A6, 0x7BC7, 0x4AE8, 0x0A0F, 0x0212, 0x01F1, 0x226C, 0x3ACC, 0x01EF,
    0x22AD, 0x6BC7, 0x7BE5, 0x73C5, 0x6B85, 0x5326, 0x6345, 0x6B66, 0x3AAA, 0x01CE, 0x01F2, 0x0212, 0x0211, 0x0211, 0x0212, 0x0212,
    0x0212, 0x0212, 0x0212, 0x0212, 0x0211, 0x0231, 0x0211, 0x0211, 0x0211, 0x01F1, 0x124F, 0x430E, 0x2AAC, 0x5367, 0x5324, 0x73E5,
    0x73A4, 0x52E4, 0x5B44, 0x6BC4, 0x52E3, 0x6B67, 0x536A, 0x124B, 0x4B4C, 0x7C91, 0x2AAD, 0x01EE, 0x0A0F, 0x4350, 0x6C32, 0x8CD4,
    0xA533, 0xBDF6, 0x948F, 0x5284, 0x6B27, 0x4A84, 0x3A82, 0x4AC3, 0x6345, 0x3AA2, 0x32A2, 0x32A1, 0x3281, 0x3AA2, 0x3281, 0x3301,
    0x3B41, 0x3AE1, 0x5323, 0x42C2, 0x42A1, 0x5303, 0x5B22, 0x52E2, 0x4AC2, 0x5B03, 0x4AA2, 0x4AA2, 0x52C2, 0x52A3, 0x4AA3, 0x4A83,
    0x4A85, 0x4266, 0x6306, 0x5AC7, 0x6B27, 0x7B67, 0x7B66, 0x6329, 0x0A30, 0x0212, 0x0212, 0x0212, 0x0212, 0x0212, 0x0212, 0x0212,
    0x0212, 0x0212, 0x0212, 0x0212, 0x0231, 0x0212, 0x1A4F, 0x7389, 0x7B68, 0x8389, 0x8BA9, 0x8BA9, 0x93C9, 0x52EB, 0x120F, 0x1251,
    0x01F1, 0x1A70, 0x1250, 0x01F1, 0x0211, 0x0211, 0x0212, 0x0212, 0x0212, 0x0212, 0x0212, 0x0212, 0x0212, 0x0212, 0x0211, 0x0212,
    0x01D1, 0x01AF, 0x1A4E, 0x7C91, 0x5BD2, 0x01D0, 0x0212, 0x0211, 0x0211, 0x0211, 0x0211, 0x0211, 0x0211, 0x0211, 0x0211, 0x0211,
    0x0211, 0x0211, 0x0212, 0x0211, 0x0211, 0x0211, 0x0211, 0x0211, 0x0211, 0x0211, 0x0211, 0x0212, 0x0211, 0x0211, 0x0211, 0x0211,
    0x0211, 0x0211, 0x0211, 0x0212, 0x0212, 0x0211, 0x0211, 0x0211, 0x0211, 0x124F, 0x0A2F, 0x0212, 0x0212, 0x0212, 0x0212, 0x120B,
    0x42C5, 0x83A8, 0x6324, 0x3AA2, 0x3281, 0x32A2, 0x2A81, 0x2A81, 0x2A82, 0x2A61, 0x3AE2, 0x2AA7, 0x09EE, 0x0A0E, 0x1A49, 0x32A4,
    0x42E4, 0x32A6, 0x226A, 0x1A4B, 0x120A, 0x1A27, 0x32A4, 0x1A4A, 0x2289, 0x32E2, 0x2AE1, 0x3301, 0x32A2, 0x32C3, 0x3302, 0x22C1,
    0x22E1, 0x2AE1, 0x2AE1, 0x2B01, 0x2B01, 0x22C1, 0x22C1, 0x22C1, 0x2AE1, 0x2AE1, 0x2B01, 0x2AE1, 0x3B22, 0x3B42, 0x3321, 0x32E2,
    0x3283, 0x32A1, 0x3301, 0x3B01, 0x4B02, 0x4AC2, 0x4AE3, 0x4AE2, 0x4B22, 0x4322, 0x3A82, 0x3A81, 0x42A2, 0x4AA2, 0x42C2, 0x3AC1,
    0x42E1, 0x4B62, 0x4B82, 0x4B22, 0x4B22, 0x4322, 0x3B02, 0x3AE2, 0x42E2, 0x42E2, 0x42E1, 0x5303, 0x3AC2, 0x2A81, 0x32E2, 0x3B22,
    0x4342, 0x4302, 0x3AC2, 0x32C1, 0x32C1, 0x2AC1, 0x2B01, 0x3321, 0x3360, 0x3361, 0x3360, 0x3B61, 0x3B61, 0x3340, 0x3B81, 0x3B81,
    0x3B61, 0x3341, 0x3321, 0x4341, 0x3B21, 0x4362, 0x4362, 0x32E1, 0x3B01, 0x32E1, 0x3B21, 0x3321, 0x3B61, 0x43A1, 0x43A1, 0x43C1,
    0x43A1, 0x3B81, 0x3B61, 0x43C1, 0x43A1, 0x4381, 0x3B61, 0x4B43, 0x4AE3, 0x5B64, 0x6384, 0x5363, 0x4B42, 0x5363, 0x5383, 0x5382,
    0x4B62, 0x4B62, 0x4B22, 0x4B04, 0x5B44, 0x6364, 0x5B04, 0x5B04, 0x4289, 0x09EF, 0x0232, 0x0232, 0x0231, 0x0211, 0x01CF, 0x430B,
    0x5B86, 0x5328, 0x42C9, 0x3AA9, 0x1A6D, 0x01EF, 0x2A8C, 0x226C, 0x01D0, 0x0212, 0x0211, 0x0211, 0x0211, 0x0212, 0x0212, 0x0211,
    0x0212, 0x0212, 0x0212, 0x0212, 0x0212, 0x0212, 0x0211, 0x0211, 0x0211, 0x0212, 0x0211, 0x124F, 0x0210, 0x0A2F, 0x1A4B, 0x6BE6,
    0x6BA3, 0x4B03, 0x63C4, 0x6BA4, 0x5305, 0x5349, 0x124D, 0x1A6E, 0x432E, 0x1A4F, 0x0A30, 0x0232, 0x0232, 0x01D1, 0x01CF, 0x01AE,
    0x1A2E, 0x3ACD, 0xAD95, 0x73CC, 0x948F, 0x7C0C, 0x3A83, 0x5304, 0x7386, 0x5B45, 0x3AA1, 0x3AC1, 0x3AC2, 0x42C2, 0x2A81, 0x2AC1,
    0x3301, 0x32C1, 0x42E2, 0x3AA2, 0x42E2, 0x5322, 0x4AE2, 0x5303, 0x4AC2, 0x52E2, 0x4AC4, 0x3267, 0x42A4, 0x4283, 0x4283, 0x4283,
    0x52A3, 0x52C4, 0x5AC4, 0x52C6, 0x6306, 0x6B05, 0x7346, 0x5B09, 0x01F1, 0x0212, 0x0212, 0x0212, 0x0212, 0x0212, 0x0212, 0x0212,
    0x0212, 0x0212, 0x0212, 0x0212, 0x0231, 0x0211, 0x224E, 0x7368, 0x7B47, 0x7B68, 0x7B47, 0x8368, 0x8B89, 0x630B, 0x01CF, 0x0211,
    0x01B0, 0x532E, 0x636E, 0x01D0, 0x0212, 0x0211, 0x0212, 0x0212, 0x0212, 0x0212, 0x0212, 0x0212, 0x0212, 0x0212, 0x0212, 0x0211,
    0x0212, 0x0232, 0x0211, 0x01EF, 0x0A10, 0x0211, 0x0212, 0x0211, 0x0211, 0x0211, 0x0211, 0x0211, 0x0211, 0x0211, 0x0211, 0x0211,
    0x0211, 0x0212, 0x0212, 0x0212, 0x0211, 0x0212, 0x0211, 0x0211, 0x0211, 0x0211, 0x0211, 0x0211, 0x0211, 0x0211, 0x0211, 0x0211,
    0x0211, 0x0211, 0x0211, 0x0212, 0x0212, 0x0212, 0x0212, 0x0211, 0x0231, 0x0211, 0x0211, 0x0212, 0x0212, 0x0212, 0x0212, 0x0A0D,
    0x42A5, 0x7B86, 0x4AE3, 0x3281, 0x2A61, 0x2A82, 0x2A62, 0x2A63, 0x3282, 0x3AC2, 0x3AC0, 0x3AC2, 0x120B, 0x0211, 0x0231, 0x0230,
    0x0A4E, 0x126D, 0x128D, 0x126D, 0x228A, 0x3306, 0x3B22, 0x3B22, 0x3B42, 0x3B41, 0x3321, 0x3301, 0x3B01, 0x3B02, 0x3302, 0x3341,
    0x3321, 0x3341, 0x2B01, 0x2B01, 0x2B01, 0x2AE1, 0x22C1, 0x22C1, 0x22E1, 0x2B01, 0x2B01, 0x2B01, 0x3B22, 0x32E1, 0x3B22, 0x3302,
    0x32A2, 0x2AC1, 0x3B41, 0x3B21, 0x3B02, 0x3AE2, 0x42E2, 0x42E2, 0x42E2, 0x3AC2, 0x3AA2, 0x42E2, 0x42C2, 0x42A2, 0x3AA1, 0x3AA2,
    0x42E2, 0x42C2, 0x4342, 0x4362, 0x4B22, 0x4301, 0x42E2, 0x42C2, 0x42E2, 0x4B02, 0x4B02, 0x42E1, 0x3AC2, 0x2A81, 0x2241, 0x32C2,
    0x3AE2, 0x3B02, 0x32C2, 0x32A1, 0x2AA1, 0x2AC1, 0x32E1, 0x2AE1, 0x2B01, 0x3321, 0x3341, 0x3B81, 0x3341, 0x2B21, 0x3341, 0x3341,
    0x2B00, 0x3301, 0x5363, 0x5B64, 0x5B63, 0x4B42, 0x3B21, 0x3301, 0x4342, 0x3B22, 0x3B01, 0x4362, 0x3B81, 0x3B81, 0x3B81, 0x3B81,
    0x43A1, 0x43C1, 0x43C1, 0x43C1, 0x3B81, 0x3321, 0x3B41, 0x4342, 0x4B62, 0x5383, 0x5382, 0x4B82, 0x4B62, 0x4324, 0x32C7, 0x32E7,
    0x32C7, 0x3AC7, 0x3AE7, 0x226A, 0x1A4D, 0x3289, 0x42A5, 0x5305, 0x3269, 0x0A30, 0x0212, 0x0232, 0x0212, 0x01F0, 0x434A, 0x7C46,
    0x3AC8, 0x01EE, 0x0210, 0x0210, 0x0212, 0x0212, 0x01F1, 0x01F1, 0x0212, 0x0211, 0x0211, 0x0211, 0x0211, 0x0211, 0x0211, 0x0212,
    0x0212, 0x0212, 0x0212, 0x0212, 0x0212, 0x0212, 0x0211, 0x0212, 0x0212, 0x0212, 0x0212, 0x0212, 0x0212, 0x0212, 0x0A0F, 0x430A,
    0x3AE8, 0x4B29, 0x5367, 0x5B45, 0x5305, 0x3AEA, 0x020F, 0x0A2E, 0x0210, 0x0212, 0x0212, 0x0212, 0x0212, 0x0212, 0x0212, 0x0212,
    0x01F1, 0x01CF, 0x3AF0, 0xA574, 0x846F, 0xA553, 0x6BA9, 0x52E3, 0x5B25, 0x6B66, 0x5B04, 0x5B24, 0x5304, 0x6325, 0x32A1, 0x2AE1,
    0x3301, 0x32E1, 0x3AE1, 0x3AE1, 0x42E1, 0x4AE2, 0x42A2, 0x4AE2, 0x52E3, 0x5305, 0x42C8, 0x3AA9, 0x4AA6, 0x4AA4, 0x4284, 0x4283,
    0x4A84, 0x52A3, 0x52C3, 0x52C4, 0x4A84, 0x52C4, 0x6B05, 0x6308, 0x2A6D, 0x0A30, 0x0212, 0x0212, 0x0211, 0x0212, 0x0212, 0x0212,
    0x0212, 0x0212, 0x0212, 0x0212, 0x0232, 0x0211, 0x532C, 0x8387, 0x7346, 0x6B26, 0x7B66, 0x7B46, 0x7B46, 0x6B48, 0x2A4C, 0x01CF,
    0x1A0D, 0x7BAB, 0x83CB, 0x1A0D, 0x0212, 0x0212, 0x0212, 0x0212, 0x0212, 0x0212, 0x0212, 0x0212, 0x0212, 0x0212, 0x0212, 0x0211,
    0x0211, 0x0211, 0x0212, 0x0212, 0x0212, 0x0212, 0x0211, 0x0212, 0x0211, 0x0211, 0x0211, 0x0212, 0x0211, 0x0211, 0x0211, 0x0211,
    0x0212, 0x0212, 0x0212, 0x0211, 0x0211, 0x0211, 0x0211, 0x0212, 0x0212, 0x0211, 0x0211, 0x0211, 0x0211, 0x0211, 0x0212, 0x0211,
    0x0211, 0x0211, 0x0211, 0x0212, 0x0211, 0x0211, 0x0A10, 0x1A4E, 0x1A6E, 0x0211, 0x0212, 0x0212, 0x0212, 0x0212, 0x0212, 0x020F,
    0x42E7, 0x5B23, 0x3281, 0x2266, 0x122B, 0x2A84, 0x1A27, 0x2268, 0x2A83, 0x3AE2, 0x3AC2, 0x1A29, 0x01F0, 0x0212, 0x0232, 0x126F,
    0x2AE9, 0x43A3, 0x4BA1, 0x3324, 0x2B03, 0x3320, 0x3301, 0x3301, 0x3301, 0x3B42, 0x3321, 0x3B21, 0x3B22, 0x2AC4, 0x2AE3, 0x3B41,
    0x3B61, 0x3341, 0x3341, 0x2B21, 0x2B21, 0x3341, 0x3361, 0x3B61, 0x3341, 0x2B01, 0x2B01, 0x3301, 0x3B42, 0x32E1, 0x3302, 0x3302,
    0x2AE1, 0x2B01, 0x3321, 0x3321, 0x3301, 0x3B42, 0x3B42, 0x3B02, 0x42E2, 0x42A1, 0x42C2, 0x42C2, 0x42E2, 0x3AA1, 0x3AC2, 0x3AE2,
    0x4302, 0x3AE1, 0x3B01, 0x3301, 0x4362, 0x5383, 0x4B02, 0x4AE1, 0x4B02, 0x4B02, 0x42E1, 0x4B02, 0x3AC2, 0x2AC1, 0x2AC1, 0x2261,
    0x2AA1, 0x32C2, 0x3AE2, 0x32E2, 0x2AC1, 0x2AC1, 0x2AC1, 0x2AC1, 0x2AE1, 0x2B01, 0x3B61, 0x3361, 0x3361, 0x3361, 0x2B21, 0x2AE0,
    0x2AC1, 0x4B42, 0x6364, 0x6365, 0x5B24, 0x4B22, 0x4342, 0x3B41, 0x3B41, 0x3B42, 0x3B41, 0x3B61, 0x3B41, 0x4361, 0x4341, 0x3B41,
    0x3B61, 0x3B81, 0x3B61, 0x3361, 0x3B61, 0x3B41, 0x4362, 0x4362, 0x5383, 0x53A3, 0x63E3, 0x53A3, 0x32C7, 0x0A0E, 0x01F1, 0x01F1,
    0x0211, 0x0211, 0x0210, 0x0211, 0x01F2, 0x0A2F, 0x1A4D, 0x120D, 0x122E, 0x0A31, 0x0232, 0x0212, 0x0A30, 0x4369, 0x7C65, 0x6387,
    0x122C, 0x1A6E, 0x0210, 0x0212, 0x0212, 0x0211, 0x0211, 0x0212, 0x0211, 0x0211, 0x0211, 0x0211, 0x0211, 0x0211, 0x0211, 0x0211,
    0x0212, 0x0211, 0x0211, 0x0212, 0x0212, 0x0212, 0x0212, 0x0212, 0x0212, 0x0212, 0x0212, 0x0212, 0x0212, 0x0212, 0x0211, 0x01F1,
    0x0211, 0x0211, 0x228C, 0x5B85, 0x5B87, 0x2A8A, 0x226B, 0x020F, 0x0212, 0x0212, 0x0212, 0x0212, 0x0212, 0x0211, 0x0211, 0x0211,
    0x0211, 0x0212, 0x01D0, 0x2ACF, 0x32C9, 0x32E9, 0xAD73, 0x842B, 0x42A3, 0x4AC3, 0x4AC4, 0x5B25, 0x52C4, 0x7368, 0x52E4, 0x2A81,
    0x2AE1, 0x32E1, 0x3301, 0x3301, 0x3B01, 0x4B63, 0x32C1, 0x4322, 0x4B22, 0x4B03, 0x5304, 0x5B03, 0x5AC3, 0x5AE3, 0x52C3, 0x4A83,
    0x3A45, 0x4A84, 0x52C3, 0x52C3, 0x52C4, 0x4AA3, 0x52A3, 0x62E4, 0x6B25, 0x3AAA, 0x01F1, 0x0212, 0x0211, 0x0211, 0x0212, 0x0211,
    0x0212, 0x0212, 0x0212, 0x0212, 0x0212, 0x0212, 0x226E, 0x7369, 0x7B66, 0x7345, 0x7365, 0x7B65, 0x7B85, 0x6B23, 0x5B04, 0x3A67,
    0x5AE7, 0x8387, 0x93EA, 0x530B, 0x0A10, 0x0212, 0x0212, 0x0212, 0x0212, 0x0212, 0x0212, 0x0212, 0x0212, 0x0212, 0x0211, 0x0211,
    0x0211, 0x0211, 0x0211, 0x0211, 0x0211, 0x0211, 0x0211, 0x0211, 0x0212, 0x0211, 0x0212, 0x0212, 0x0211, 0x0212, 0x0212, 0x0212,
    0x0212, 0x0212, 0x0212, 0x0212, 0x0212, 0x0212, 0x0211, 0x0211, 0x0211, 0x0211, 0x0211, 0x0211, 0x0211, 0x0211, 0x0211, 0x0211,
    0x0211, 0x0211, 0x0212, 0x01F1, 0x124F, 0x1A2D, 0x4AC8, 0x5329, 0x0A0F, 0x0212, 0x0211, 0x0211, 0x0211, 0x0212, 0x0212, 0x0212,
    0x124D, 0x2266, 0x2248, 0x0A10, 0x01F2, 0x2AC8, 0x3B04, 0x32C3, 0x32A2, 0x3AE2, 0x1A28, 0x01F1, 0x0211, 0x0212, 0x0A30, 0x1AAC,
    0x1AAA, 0x3B64, 0x4380, 0x3B43, 0x2B03, 0x3341, 0x3B42, 0x3303, 0x32E1, 0x3301, 0x3321, 0x3301, 0x3B41, 0x2AC6, 0x3305, 0x4381,
    0x3B61, 0x3B61, 0x3341, 0x3341, 0x3341, 0x3341, 0x3381, 0x3B61, 0x4BE2, 0x4BE2, 0x43A2, 0x3B41, 0x4342, 0x3B42, 0x3301, 0x2AE1,
    0x2AC1, 0x2B01, 0x3341, 0x3B61, 0x3341, 0x3341, 0x3B62, 0x4362, 0x4342, 0x4322, 0x42E2, 0x42C1, 0x42E1, 0x42E1, 0x4301, 0x3B01,
    0x3B02, 0x32E1, 0x3302, 0x32E1, 0x32E1, 0x4342, 0x3B22, 0x3AE1, 0x32C1, 0x3AE1, 0x3B22, 0x3301, 0x2B01, 0x3341, 0x43A2, 0x2AE1,
    0x2AA2, 0x2AA1, 0x32A1, 0x32E2, 0x3302, 0x2AE1, 0x2AE1, 0x32E1, 0x3322, 0x2B01, 0x3321, 0x3341, 0x3361, 0x2B21, 0x22C0, 0x32C1,
    0x4322, 0x4B22, 0x4B02, 0x4B22, 0x5323, 0x6364, 0x6384, 0x5B83, 0x63C4, 0x5382, 0x4B82, 0x4361, 0x4362, 0x63A4, 0x6364, 0x4B02,
    0x5323, 0x5324, 0x3AC2, 0x4342, 0x3B61, 0x4362, 0x4362, 0x4342, 0x4B62, 0x53A2, 0x63E4, 0x32A8, 0x01F0, 0x0212, 0x0212, 0x0212,
    0x0212, 0x0212, 0x0212, 0x0212, 0x0211, 0x0212, 0x0212, 0x0212, 0x01F2, 0x0212, 0x0212, 0x126E, 0x4BA8, 0x6C44, 0x8C48, 0x3AC7,
    0x122E, 0x0210, 0x0211, 0x0211, 0x0211, 0x0211, 0x0211, 0x0212, 0x0212, 0x0212, 0x0211, 0x0212, 0x0211, 0x0211, 0x0211, 0x0212,
    0x0212, 0x0212, 0x0211, 0x0212, 0x0212, 0x0212, 0x0212, 0x0212, 0x0212, 0x0212, 0x0212, 0x0212, 0x0212, 0x0212, 0x0212, 0x0232,
    0x0212, 0x01F0, 0x4B4A, 0x4309, 0x09EE, 0x2AAB, 0x2A69, 0x01F0, 0x0212, 0x0212, 0x0212, 0x0212, 0x0212, 0x0212, 0x0212, 0x0211,
    0x0212, 0x0212, 0x0212, 0x0211, 0x228B, 0x1246, 0x4B8C, 0xAD73, 0x6B48, 0x52C4, 0x52C4, 0x52E5, 0x4263, 0x4244, 0x5AE6, 0x2A21,
    0x2A81, 0x2AA1, 0x3301, 0x2AC1, 0x3B21, 0x3B41, 0x2B01, 0x3B42, 0x3B22, 0x32A2, 0x52E2, 0x52C2, 0x5AE3, 0x4AA5, 0x4A84, 0x4283,
    0x3264, 0x2A47, 0x42A4, 0x4AC3, 0x4AC3, 0x4282, 0x52C3, 0x52C3, 0x62E3, 0x52E7, 0x120E, 0x0210, 0x01F1, 0x0212, 0x0212, 0x0212,
    0x0212, 0x0212, 0x0212, 0x0212, 0x0212, 0x0232, 0x01F1, 0x3A8B, 0x7B66, 0x6B24, 0x7B85, 0x83A5, 0x83A5, 0x5AE2, 0x4AC1, 0x5B02,
    0x62E2, 0x7B66, 0x93E9, 0x7B88, 0x326B, 0x0211, 0x0212, 0x0212, 0x0212, 0x0212, 0x0212, 0x0212, 0x0212, 0x0212, 0x0212, 0x0212,
    0x0212, 0x0211, 0x0211, 0x0211, 0x0211, 0x0211, 0x0211, 0x0211, 0x0211, 0x0211, 0x0212, 0x0212, 0x0212, 0x0212, 0x0212, 0x0212,
    0x0212, 0x0212, 0x0212, 0x0212, 0x0212, 0x0212, 0x0211, 0x0211, 0x0211, 0x0211, 0x0211, 0x0211, 0x0211, 0x0211, 0x0211, 0x0211,
    0x0211, 0x0211, 0x0212, 0x0211, 0x1A4E, 0x328A, 0x6B45, 0x5B06, 0x4B29, 0x124E, 0x0212, 0x0211, 0x0212, 0x0212, 0x0212, 0x0212,
    0x0212, 0x0211, 0x01F1, 0x0A50, 0x1A8F, 0x1A8C, 0x3AE2, 0x2A80, 0x2261, 0x2A81, 0x1A2A, 0x124F, 0x124F, 0x0212, 0x0A4D, 0x1AAA,
    0x01EE, 0x2AE7, 0x4361, 0x4381, 0x43A1, 0x3B81, 0x43A2, 0x3321, 0x2B01, 0x2AE1, 0x3321, 0x3B41, 0x4382, 0x4BA2, 0x4BA2, 0x53C2,
    0x53C2, 0x3B61, 0x2B00, 0x3341, 0x3B61, 0x4BE2, 0x5402, 0x5402, 0x43A2, 0x3B41, 0x3B41, 0x4362, 0x3B42, 0x3321, 0x4382, 0x3321,
    0x2AC1, 0x2AE1, 0x3341, 0x3B81, 0x4BC2, 0x4361, 0x4381, 0x43A2, 0x3B61, 0x3B81, 0x43A2, 0x3B61, 0x43A2, 0x4341, 0x3B01, 0x3AE1,
    0x3AE1, 0x3AC1, 0x32A1, 0x32E1, 0x3B02, 0x32E1, 0x3B42, 0x3B42, 0x3301, 0x2B01, 0x2AE1, 0x2B21, 0x3341, 0x3341, 0x3341, 0x3342,
    0x2AC1, 0x2AC1, 0x2AC1, 0x32E2, 0x2AE2, 0x2AE1, 0x2AE1, 0x32E1, 0x2AC1, 0x32E1, 0x3B02, 0x3301, 0x3301, 0x2AE1, 0x4302, 0x5344,
    0x5B43, 0x5323, 0x5323, 0x5B23, 0x6344, 0x7385, 0x6B45, 0x6324, 0x7385, 0x6344, 0x5B43, 0x5B83, 0x4B42, 0x5B44, 0x52E3, 0x5303,
    0x5303, 0x52E3, 0x5303, 0x5B44, 0x4B42, 0x4382, 0x4361, 0x4341, 0x53A2, 0x5BA4, 0x2A68, 0x0A10, 0x0212, 0x0211, 0x0212, 0x0211,
    0x0211, 0x0211, 0x0211, 0x0212, 0x0212, 0x0212, 0x0212, 0x0211, 0x0211, 0x0212, 0x122E, 0x4BA6, 0x5C02, 0x7C26, 0x6B86, 0x5385,
    0x228C, 0x01F2, 0x0211, 0x0212, 0x0211, 0x0211, 0x0212, 0x0212, 0x0212, 0x0212, 0x0212, 0x0212, 0x0211, 0x0211, 0x0212, 0x0212,
    0x0212, 0x0212, 0x0211, 0x0211, 0x0211, 0x0212, 0x0212, 0x0211, 0x0211, 0x0212, 0x0212, 0x0212, 0x0212, 0x0232, 0x0212, 0x01F2,
    0x0A30, 0x434B, 0x3B09, 0x0A0F, 0x0211, 0x122E, 0x0210, 0x0212, 0x0212, 0x0212, 0x0212, 0x0212, 0x0212, 0x0212, 0x0212, 0x0212,
    0x0212, 0x0212, 0x0212, 0x0212, 0x0A2F, 0x1A89, 0x1267, 0x5B4B, 0x946F, 0x6B27, 0x52A4, 0x52C5, 0x4AA4, 0x3202, 0x3A43, 0x3242,
    0x32C1, 0x4361, 0x32E1, 0x32E1, 0x4382, 0x3341, 0x3321, 0x3301, 0x32E2, 0x32A2, 0x42A2, 0x42A2, 0x42A2, 0x4283, 0x42A3, 0x3A82,
    0x2A44, 0x2246, 0x3283, 0x3AC3, 0x42C3, 0x4AE3, 0x42C2, 0x4AC2, 0x52C2, 0x52C4, 0x4AC6, 0x4AC7, 0x328A, 0x122F, 0x01F2, 0x0212,
    0x0212, 0x0212, 0x0212, 0x0212, 0x0211, 0x0A31, 0x01F1, 0x224C, 0x6B26, 0x6B25, 0x7366, 0x7B86, 0x7365, 0x6B43, 0x52E2, 0x5B02,
    0x5AE3, 0x7365, 0x8BC8, 0x7B87, 0x42A7, 0x0A0F, 0x0212, 0x0212, 0x0211, 0x0212, 0x0212, 0x0212, 0x0212, 0x0212, 0x0212, 0x0212,
    0x0212, 0x0211, 0x0211, 0x0211, 0x0211, 0x0211, 0x0212, 0x0212, 0x0211, 0x0212, 0x0212, 0x0212, 0x0212, 0x0212, 0x0212, 0x0212,
    0x0212, 0x0212, 0x0212, 0x0212, 0x0212, 0x0211, 0x0211, 0x0211, 0x0211, 0x0211, 0x0211, 0x0211, 0x0212, 0x0211, 0x0211, 0x0211,
    0x0211, 0x0212, 0x0212, 0x0211, 0x0210, 0x32AA, 0x5B03, 0x6B43, 0x5326, 0x0A2E, 0x0212, 0x0212, 0x0212, 0x0212, 0x0211, 0x0211,
    0x0212, 0x0212, 0x1A8D, 0x4BA7, 0x2AEA, 0x0A2F, 0x2AA6, 0x32C1, 0x32A1, 0x2AA2, 0x124C, 0x0A30, 0x0231, 0x0211, 0x2B29, 0x4BE3,
    0x2AC5, 0x3323, 0x3B61, 0x3B81, 0x43A2, 0x3B81, 0x3B81, 0x3321, 0x2AE1, 0x2B01, 0x3B61, 0x3B82, 0x3B41, 0x3B61, 0x4BA2, 0x4382,
    0x4382, 0x4361, 0x3B41, 0x3B62, 0x3301, 0x3B61, 0x4BE2, 0x5C42, 0x5C03, 0x3B01, 0x4BA2, 0x4BC2, 0x3B41, 0x4362, 0x3B41, 0x4BA2,
    0x3301, 0x2AC1, 0x3B61, 0x4BE2, 0x4BE2, 0x4381, 0x4BC2, 0x4BE2, 0x4BE2, 0x4C01, 0x4C01, 0x4C01, 0x4C22, 0x4C22, 0x4BE2, 0x4341,
    0x4B61, 0x5362, 0x4B02, 0x4B02, 0x4302, 0x32E1, 0x3B22, 0x4362, 0x4342, 0x43A2, 0x2B21, 0x2B01, 0x3341, 0x3B82, 0x2AE1, 0x3B62,
    0x2AA1, 0x3B21, 0x4382, 0x3B22, 0x2AC1, 0x2AE1, 0x2AE1, 0x3302, 0x3302, 0x32E1, 0x32E2, 0x32E1, 0x32E1, 0x4322, 0x6344, 0x6B65,
    0x5AE4, 0x62E4, 0x6B25, 0x5AC4, 0x52A4, 0x6B25, 0x62E4, 0x6B25, 0x6B65, 0x52E3, 0x5B63, 0x5B83, 0x5343, 0x4B02, 0x4B22, 0x4B03,
    0x4AE2, 0x5303, 0x5303, 0x52C3, 0x5B44, 0x4362, 0x4341, 0x5BA3, 0x6C24, 0x2A89, 0x01F1, 0x0212, 0x0212, 0x0212, 0x0212, 0x0212,
    0x0212, 0x0212, 0x0212, 0x0212, 0x0212, 0x0212, 0x0212, 0x0212, 0x0212, 0x0210, 0x4368, 0x53C2, 0x5383, 0x5B46, 0x4B44, 0x4B65,
    0x226C, 0x0211, 0x0212, 0x0212, 0x0211, 0x0211, 0x0211, 0x0211, 0x0212, 0x0212, 0x0212, 0x0212, 0x0212, 0x0212, 0x0211, 0x0212,
    0x0211, 0x0211, 0x0211, 0x0211, 0x0211, 0x0212, 0x0212, 0x0212, 0x0211, 0x0211, 0x0212, 0x0212, 0x0212, 0x01F2, 0x0A31, 0x2ACF,
    0x4B6A, 0x3AEA, 0x01CE, 0x0212, 0x0211, 0x0211, 0x0212, 0x0211, 0x0212, 0x0211, 0x0212, 0x0212, 0x0212, 0x0212, 0x0211, 0x0212,
    0x0212, 0x0212, 0x0212, 0x0212, 0x0212, 0x0A4E, 0x1247, 0x1205, 0x4B29, 0x7C0D, 0x4265, 0x4264, 0x3A43, 0x3A83, 0x3222, 0x3242,
    0x32E1, 0x5422, 0x53C2, 0x5C02, 0x5C02, 0x3B41, 0x3321, 0x3341, 0x3321, 0x3302, 0x32A2, 0x2A63, 0x2A64, 0x3282, 0x3282, 0x3282,
    0x2A62, 0x3AA3, 0x32A2, 0x32A2, 0x3AC2, 0x42E3, 0x42C3, 0x4AC3, 0x52C2, 0x4AA2, 0x52C2, 0x5AC2, 0x5AE2, 0x52C6, 0x1A4D, 0x0211,
    0x0212, 0x0212, 0x0212, 0x0212, 0x0A30, 0x2290, 0x01F1, 0x2A6B, 0x6305, 0x52A5, 0x52A4, 0x6304, 0x6B24, 0x6B44, 0x5B02, 0x5302,
    0x52E3, 0x6B45, 0x7366, 0x7366, 0x4AC7, 0x122D, 0x0212, 0x0212, 0x0211, 0x0212, 0x0212, 0x0212, 0x0212, 0x0212, 0x0212, 0x0212,
    0x0212, 0x0211, 0x0211, 0x0211, 0x0212, 0x0211, 0x0211, 0x0211, 0x0212, 0x0212, 0x0212, 0x0212, 0x0211, 0x0212, 0x0212, 0x0212,
    0x0212, 0x0212, 0x0212, 0x0212, 0x0212, 0x0211, 0x0211, 0x0211, 0x0211, 0x0211, 0x0211, 0x0211, 0x0211, 0x0211, 0x0211, 0x0211,
    0x0212, 0x0212, 0x0212, 0x0212, 0x01F1, 0x226B, 0x4B05, 0x5B43, 0x4328, 0x0230, 0x0232, 0x0212, 0x0212, 0x0211, 0x0211, 0x0211,
    0x0212, 0x01F1, 0x3B4A, 0x6C84, 0x2AC9, 0x120E, 0x32E9, 0x53C6, 0x3309, 0x124C, 0x0231, 0x0212, 0x0212, 0x01F0, 0x3327, 0x5421,
    0x5C21, 0x5401, 0x4381, 0x3B61, 0x3B61, 0x3321, 0x3B61, 0x3341, 0x2B21, 0x3B81, 0x43A1, 0x3B81, 0x4382, 0x3B61, 0x43A2, 0x4382,
    0x4362, 0x4BA2, 0x53E2, 0x5422, 0x53E2, 0x5402, 0x4BC1, 0x5C02, 0x7CA4, 0x5BE3, 0x5C03, 0x5BE2, 0x5BE2, 0x5C23, 0x4361, 0x3B21,
    0x4BA2, 0x32C1, 0x4BA2, 0x5C42, 0x5C22, 0x5C02, 0x53E3, 0x5C23, 0x5C22, 0x5C42, 0x6462, 0x5C42, 0x5C41, 0x5C62, 0x5442, 0x5421,
    0x5422, 0x5421, 0x53E1, 0x53C2, 0x4B82, 0x4321, 0x4BA2, 0x53C2, 0x4BA1, 0x4381, 0x4C02, 0x5442, 0x5402, 0x53C2, 0x3B02, 0x4363,
    0x4B62, 0x5403, 0x4362, 0x32E1, 0x32E2, 0x3321, 0x3321, 0x2AA3, 0x2AC3, 0x3301, 0x3B02, 0x3AE2, 0x3B21, 0x4322, 0x5305, 0x4AA5,
    0x52A4, 0x5AE4, 0x62E4, 0x5AC4, 0x5AC4, 0x5AE4, 0x5AC4, 0x6B44, 0x5B24, 0x4B22, 0x4B42, 0x4B42, 0x4B22, 0x5B43, 0x4B23, 0x4302,
    0x4AE2, 0x4AE3, 0x5303, 0x5303, 0x5303, 0x5323, 0x5342, 0x5B84, 0x32A9, 0x0210, 0x0232, 0x0212, 0x0212, 0x0212, 0x0212, 0x0212,
    0x0212, 0x0212, 0x0212, 0x0212, 0x0212, 0x0212, 0x0212, 0x0212, 0x01F2, 0x1A8D, 0x5425, 0x53C3, 0x5B44, 0x4B26, 0x63E8, 0x2A89,
    0x1A4E, 0x0211, 0x0212, 0x0212, 0x0212, 0x0211, 0x0211, 0x0211, 0x0211, 0x0211, 0x0212, 0x0212, 0x0212, 0x0212, 0x0212, 0x0212,
    0x0211, 0x0211, 0x0211, 0x0211, 0x0211, 0x0212, 0x0212, 0x0212, 0x0212, 0x0212, 0x0212, 0x0212, 0x0231, 0x1A6F, 0x330D, 0x32ED,
    0x120D, 0x01F0, 0x0212, 0x0211, 0x0211, 0x0211, 0x0211, 0x0212, 0x0211, 0x0211, 0x0212, 0x0212, 0x0212, 0x0212, 0x0211, 0x0212,
    0x0212, 0x0212, 0x0212, 0x0212, 0x0212, 0x0211, 0x122B, 0x1A66, 0x1205, 0x42A7, 0x4A85, 0x4265, 0x3222, 0x3242, 0x2A42, 0x3A62,
    0x3261, 0x3B41, 0x5402, 0x6442, 0x6C63, 0x4BA2, 0x3301, 0x2B01, 0x2B01, 0x2AE1, 0x32C1, 0x32C3, 0x2A83, 0x2A82, 0x2A64, 0x2A64,
    0x3283, 0x32A2, 0x32A2, 0x3AE3, 0x32C2, 0x2AA2, 0x32A2, 0x42C2, 0x42A1, 0x42A1, 0x4AC1, 0x4AA2, 0x52A2, 0x52A2, 0x52C4, 0x4AC8,
    0x2A6C, 0x122E, 0x0A30, 0x0211, 0x0211, 0x01F0, 0x224C, 0x52E5, 0x5AC2, 0x5AC4, 0x52A4, 0x5AC4, 0x6B25, 0x7365, 0x7B85, 0x6324,
    0x4AC3, 0x62E4, 0x6B04, 0x8387, 0x7346, 0x42A7, 0x122D, 0x0210, 0x0211, 0x0211, 0x0212, 0x0212, 0x0212, 0x0212, 0x0212, 0x0212,
    0x0212, 0x0212, 0x0211, 0x0211, 0x0211, 0x0212, 0x0211, 0x0212, 0x0212, 0x0212, 0x0212, 0x0212, 0x0212, 0x0212, 0x0212, 0x0212,
    0x0212, 0x0212, 0x0212, 0x0212, 0x0212, 0x0212, 0x0211, 0x0211, 0x0211, 0x0211, 0x0211, 0x0211, 0x0211, 0x0211, 0x0211, 0x0211,
    0x0211, 0x0212, 0x0212, 0x0A2F, 0x1A8D, 0x1A4C, 0x3AE8, 0x63E4, 0x6C24, 0x332A, 0x01F1, 0x0212, 0x0211, 0x0212, 0x0212, 0x0211,
    0x0211, 0x01F1, 0x2B0A, 0x5BE6, 0x32E8, 0x4B88, 0x22A9, 0x330C, 0x0A50, 0x0213, 0x0212, 0x01F2, 0x0212, 0x01CF, 0x2B06, 0x5401,
    0x5C42, 0x5C42, 0x4381, 0x3B41, 0x4BC2, 0x3341, 0x3B81, 0x43A1, 0x3BA1, 0x43A1, 0x43A1, 0x3B61, 0x3B81, 0x53E2, 0x4361, 0x3301,
    0x3B61, 0x53C2, 0x4BC2, 0x6443, 0x6442, 0x5C02, 0x74A3, 0x6C43, 0x6C23, 0x6C23, 0x6C23, 0x6C43, 0x6442, 0x6462, 0x4381, 0x3301,
    0x4362, 0x32A0, 0x5C02, 0x6C43, 0x6C43, 0x63E2, 0x6403, 0x7483, 0x6C42, 0x6C62, 0x6C62, 0x7463, 0x7463, 0x6C82, 0x6462, 0x6462,
    0x6462, 0x5C42, 0x5C43, 0x5422, 0x5422, 0x53E2, 0x5C23, 0x6443, 0x6C83, 0x4381, 0x3321, 0x4BC2, 0x6C83, 0x6C64, 0x4322, 0x2A81,
    0x4363, 0x4BA3, 0x2A81, 0x2241, 0x2281, 0x3B42, 0x3341, 0x2B01, 0x2AE2, 0x32E2, 0x3AE2, 0x3B02, 0x4341, 0x4B63, 0x3247, 0x52E6,
    0x5AE3, 0x6B25, 0x62E4, 0x5AE3, 0x5303, 0x5323, 0x5342, 0x5362, 0x4B42, 0x4B62, 0x4362, 0x4B62, 0x4B62, 0x4342, 0x4342, 0x4362,
    0x4302, 0x3A81, 0x42A2, 0x42A3, 0x42A3, 0x4AA2, 0x4283, 0x2249, 0x120D, 0x0A30, 0x0212, 0x0232, 0x0212, 0x0212, 0x0212, 0x0211,
    0x0212, 0x0212, 0x0212, 0x0212, 0x0212, 0x0212, 0x0212, 0x0212, 0x01F2, 0x22AC, 0x5404, 0x5343, 0x4AE4, 0x42E3, 0x5345, 0x1A6C,
    0x01F1, 0x0212, 0x0211, 0x0A30, 0x0211, 0x0212, 0x0211, 0x0211, 0x0211, 0x0211, 0x0212, 0x0212, 0x0212, 0x0212, 0x0212, 0x0212,
    0x0211, 0x0211, 0x0211, 0x0211, 0x0211, 0x0212, 0x0212, 0x0212, 0x0212, 0x0212, 0x0211, 0x0210, 0x2AB0, 0x32CF, 0x01EF, 0x01D1,
    0x0211, 0x0212, 0x0211, 0x0211, 0x0211, 0x0211, 0x0211, 0x0211, 0x0211, 0x0211, 0x0211, 0x0212, 0x0212, 0x0212, 0x0212, 0x0212,
    0x0212, 0x0212, 0x0212, 0x0212, 0x0211, 0x0211, 0x0210, 0x09EB, 0x0A2A, 0x2A44, 0x52C5, 0x4A85, 0x3242, 0x3282, 0x3282, 0x2A42,
    0x3A83, 0x3AA2, 0x2A80, 0x4341, 0x3B41, 0x3B01, 0x3320, 0x4BE2, 0x4BC2, 0x3B21, 0x32E1, 0x2AA1, 0x3AE2, 0x2AA2, 0x2AA2, 0x2AA3,
    0x2A83, 0x2283, 0x2AA3, 0x3302, 0x4362, 0x32C1, 0x32A1, 0x3282, 0x2202, 0x3281, 0x42A1, 0x42A2, 0x4AA2, 0x4A82, 0x5282, 0x5AA3,
    0x5AC4, 0x5AC4, 0x3A89, 0x01F0, 0x01F0, 0x328A, 0x5AE4, 0x52A2, 0x52C3, 0x5AE4, 0x52C5, 0x4AA5, 0x5B05, 0x5B04, 0x6B25, 0x7366,
    0x4A83, 0x4A84, 0x5AC5, 0x6B05, 0x52C3, 0x4A82, 0x4AC5, 0x2A48, 0x0A0E, 0x0211, 0x0212, 0x0212, 0x0212, 0x0212, 0x0212, 0x0212,
    0x0212, 0x0212, 0x0211, 0x0211, 0x0211, 0x0211, 0x0212, 0x0211, 0x0212, 0x0212, 0x0212, 0x0212, 0x0212, 0x0212, 0x0212, 0x0212,
    0x0212, 0x0212, 0x0212, 0x0212, 0x0212, 0x0212, 0x0212, 0x0211, 0x0211, 0x0211, 0x0211, 0x0211, 0x0211, 0x0211, 0x0211, 0x0211,
    0x0212, 0x0211, 0x0A0E, 0x3B28, 0x6C63, 0x4BA7, 0x1A6B, 0x32C9, 0x53A3, 0x5C05, 0x1A6C, 0x01F1, 0x0212, 0x0212, 0x0212, 0x0212,
    0x0212, 0x01D2, 0x124B, 0x53E6, 0x3B28, 0x330B, 0x1A6D, 0x0A4F, 0x0211, 0x0A50, 0x2B0C, 0x3B6B, 0x1A8C, 0x3309, 0x53E4, 0x5402,
    0x5402, 0x4BE2, 0x4361, 0x4BA2, 0x4BC2, 0x4BC2, 0x5422, 0x5402, 0x43C1, 0x43A1, 0x3B61, 0x4BC2, 0x4BC1, 0x5401, 0x5C22, 0x43A1,
    0x4BE2, 0x4BC2, 0x53E2, 0x6423, 0x5C02, 0x53C2, 0x6C24, 0x63E4, 0x63E3, 0x7444, 0x7443, 0x6C43, 0x6422, 0x7483, 0x5C22, 0x32E1,
    0x2A81, 0x5382, 0x7463, 0x7443, 0x7C63, 0x7463, 0x7C63, 0x8484, 0x84A4, 0x7C83, 0x8483, 0x8484, 0x8C84, 0x8484, 0x7CA3, 0x7C83,
    0x7483, 0x7463, 0x6443, 0x5C62, 0x6482, 0x6442, 0x6443, 0x5BE2, 0x5BE2, 0x5C43, 0x3321, 0x3302, 0x53A3, 0x7C84, 0x4B42, 0x2AA2,
    0x2A82, 0x3262, 0x3262, 0x2A22, 0x2A61, 0x4B62, 0x53C2, 0x4382, 0x2AC1, 0x2A81, 0x32C1, 0x3B21, 0x4381, 0x4B65, 0x326A, 0x5B26,
    0x5AC3, 0x5B03, 0x5323, 0x4B02, 0x5362, 0x5362, 0x5382, 0x4B62, 0x4342, 0x4B82, 0x4B82, 0x4341, 0x4341, 0x4361, 0x4382, 0x3B03,
    0x4343, 0x4382, 0x4B62, 0x42E2, 0x42A3, 0x3A61, 0x42A5, 0x2248, 0x1A2A, 0x0A0F, 0x0A30, 0x0212, 0x0212, 0x0231, 0x0211, 0x0212,
    0x0212, 0x0212, 0x0212, 0x0212, 0x0212, 0x0212, 0x0212, 0x0212, 0x01F2, 0x1A8C, 0x5404, 0x5363, 0x42C3, 0x3AE5, 0x2A88, 0x1A4D,
    0x0211, 0x0212, 0x0211, 0x0A31, 0x0A10, 0x0211, 0x0211, 0x0211, 0x0211, 0x0211, 0x0211, 0x0212, 0x0212, 0x0212, 0x0212, 0x0212,
    0x0211, 0x0211, 0x0211, 0x0211, 0x0211, 0x0212, 0x0212, 0x0212, 0x0212, 0x0A31, 0x226F, 0x2290, 0x01F0, 0x01F1, 0x0212, 0x0212,
    0x0212, 0x0212, 0x0211, 0x0211, 0x0211, 0x0211, 0x0211, 0x0211, 0x0211, 0x0211, 0x0211, 0x0212, 0x0212, 0x0212, 0x0212, 0x0212,
    0x0212, 0x0212, 0x0212, 0x0211, 0x0212, 0x0212, 0x0A30, 0x1A4D, 0x0A0E, 0x2266, 0x4AC5, 0x5B07, 0x3A63, 0x3281, 0x3AA2, 0x42C3,
    0x3A62, 0x4AA5, 0x4AC4, 0x3AC2, 0x2AC0, 0x3B21, 0x53E2, 0x6C63, 0x74A3, 0x7483, 0x6423, 0x53A2, 0x4B82, 0x3B21, 0x2AC1, 0x2AC1,
    0x3B22, 0x3B43, 0x3304, 0x3B24, 0x3B26, 0x32C2, 0x3AC1, 0x2A63, 0x2A43, 0x3261, 0x3A82, 0x3262, 0x3A62, 0x4282, 0x4A82, 0x52A3,
    0x5AC3, 0x5AA2, 0x4287, 0x01F0, 0x01F0, 0x42A9, 0x52C3, 0x3244, 0x3244, 0x4AA3, 0x5B04, 0x4AA4, 0x4AA4, 0x42A4, 0x4283, 0x6304,
    0x62E4, 0x4265, 0x3226, 0x4264, 0x4262, 0x4263, 0x4264, 0x4285, 0x1A28, 0x0210, 0x0212, 0x0212, 0x0212, 0x0212, 0x0212, 0x0212,
    0x0212, 0x0212, 0x0211, 0x0211, 0x0211, 0x0212, 0x0212, 0x0212, 0x0212, 0x0212, 0x0212, 0x0212, 0x0212, 0x0212, 0x0212, 0x0212,
    0x0212, 0x0212, 0x0212, 0x0212, 0x0212, 0x0212, 0x0212, 0x0211, 0x0211, 0x0212, 0x0211, 0x0211, 0x0212, 0x0211, 0x0211, 0x0211,
    0x0212, 0x020F, 0x4388, 0x6423, 0x6C82, 0x3B69, 0x020F, 0x09ED, 0x4B46, 0x6C63, 0x53C7, 0x01EF, 0x0212, 0x0212, 0x0212, 0x01F1,
    0x01F0, 0x0A2E, 0x22AA, 0x5C24, 0x5C25, 0x43A8, 0x6486, 0x53E8, 0x3B49, 0x4BC6, 0x5402, 0x6442, 0x6444, 0x6423, 0x53C2, 0x4BC2,
    0x4BA2, 0x4B82, 0x5BE2, 0x5C02, 0x5C22, 0x4BC1, 0x6462, 0x6442, 0x5C22, 0x4BC1, 0x53E2, 0x4BE1, 0x6462, 0x6462, 0x6C62, 0x6462,
    0x6422, 0x4B81, 0x6423, 0x6C43, 0x6422, 0x6402, 0x63C3, 0x5BA4, 0x6C04, 0x7C44, 0x7443, 0x7443, 0x6C42, 0x7483, 0x53E2, 0x2AC0,
    0x5362, 0x8464, 0x8464, 0x8C84, 0x8C85, 0x9485, 0x8C85, 0x9485, 0x8C84, 0x94A5, 0x9CA6, 0x9CA6, 0x9C86, 0x9486, 0x9C86, 0x9486,
    0x9485, 0x8C85, 0x7C83, 0x74A3, 0x6C63, 0x6423, 0x6443, 0x6443, 0x53C2, 0x4B82, 0x4382, 0x3B22, 0x4302, 0x7C25, 0x8465, 0x5363,
    0x32A2, 0x3AA2, 0x52C4, 0x5AC4, 0x4283, 0x42A2, 0x3B02, 0x4B82, 0x4B82, 0x32C1, 0x3B02, 0x4381, 0x53C4, 0x224A, 0x3AC9, 0x5303,
    0x5323, 0x5342, 0x4B42, 0x5362, 0x5362, 0x4B62, 0x4B82, 0x3B41, 0x4341, 0x3B41, 0x3B41, 0x3B61, 0x4381, 0x4381, 0x43C1, 0x3B62,
    0x4362, 0x4362, 0x3AE2, 0x3AC2, 0x32C2, 0x3AC2, 0x3AC2, 0x3AE2, 0x2A88, 0x228A, 0x3B46, 0x1A6C, 0x0A0F, 0x1A8B, 0x0A2F, 0x0212,
    0x0212, 0x0211, 0x0212, 0x0212, 0x0212, 0x0212, 0x0212, 0x0212, 0x01F2, 0x126D, 0x5405, 0x5342, 0x5B44, 0x226A, 0x01F0, 0x0211,
    0x0212, 0x0212, 0x0212, 0x0212, 0x0212, 0x0212, 0x0211, 0x0211, 0x0212, 0x0211, 0x0211, 0x0212, 0x0212, 0x0212, 0x0212, 0x0212,
    0x0211, 0x0212, 0x01F1, 0x0212, 0x0211, 0x0211, 0x0211, 0x0211, 0x0211, 0x1A70, 0x1230, 0x01F0, 0x0212, 0x0212, 0x0211, 0x0211,
    0x0211, 0x0211, 0x0211, 0x0211, 0x0211, 0x0211, 0x0211, 0x0211, 0x0211, 0x0211, 0x0211, 0x0211, 0x0212, 0x0212, 0x0212, 0x0212,
    0x0212, 0x0212, 0x0212, 0x0212, 0x0211, 0x0212, 0x0210, 0x124B, 0x0A2E, 0x0A2D, 0x2A25, 0x6327, 0x52C6, 0x3A82, 0x4301, 0x42E1,
    0x42A2, 0x52C6, 0x62E6, 0x52C5, 0x3261, 0x2A80, 0x4BA2, 0x6C83, 0x7CE4, 0x8D24, 0x8504, 0x8525, 0x6C83, 0x6C63, 0x6C63, 0x6CA4,
    0x53E2, 0x3B42, 0x2AE4, 0x2AC5, 0x226B, 0x2AA8, 0x4321, 0x3281, 0x2A42, 0x3262, 0x3262, 0x3262, 0x3A62, 0x3262, 0x3A81, 0x4AA1,
    0x52C2, 0x52C2, 0x4AC4, 0x2A8D, 0x01F1, 0x2A6B, 0x52E3, 0x3A63, 0x42A4, 0x4AC3, 0x52C3, 0x4AA3, 0x4263, 0x52A4, 0x52A4, 0x4AA3,
    0x4AC2, 0x3A82, 0x3A62, 0x4283, 0x3242, 0x3242, 0x3283, 0x3AC3, 0x2A62, 0x2268, 0x0210, 0x0212, 0x0211, 0x0212, 0x0212, 0x0212,
    0x0212, 0x0212, 0x0212, 0x0211, 0x0211, 0x0212, 0x0212, 0x0212, 0x0212, 0x0212, 0x0212, 0x0212, 0x0212, 0x0212, 0x0212, 0x0212,
    0x0212, 0x0212, 0x0212, 0x0212, 0x0212, 0x0211, 0x0211, 0x0211, 0x0211, 0x0211, 0x0211, 0x0211, 0x0211, 0x0211, 0x0211, 0x0211,
    0x0212, 0x01F0, 0x3309, 0x6C83, 0x6C82, 0x334B, 0x020E, 0x3308, 0x53C4, 0x5C21, 0x6464, 0x2ACA, 0x0A2F, 0x0211, 0x0211, 0x126D,
    0x43A7, 0x5425, 0x5C64, 0x5C63, 0x5C22, 0x6C82, 0x6441, 0x6C83, 0x6C83, 0x53C1, 0x5BE2, 0x6C63, 0x6C63, 0x6442, 0x53E2, 0x5C22,
    0x4BC2, 0x5BE2, 0x53C2, 0x6442, 0x5C42, 0x4BC1, 0x5402, 0x5C22, 0x5C22, 0x5402, 0x4BA1, 0x5C42, 0x6C82, 0x6C82, 0x6C62, 0x6422,
    0x5C02, 0x5C02, 0x6C63, 0x6443, 0x5BE2, 0x63E3, 0x7424, 0x63C4, 0x73E4, 0x7C44, 0x7423, 0x7C64, 0x8464, 0x7C84, 0x53C2, 0x3B21,
    0x8464, 0x9485, 0x9CA6, 0x9C86, 0x9C86, 0x9CA6, 0x9465, 0x9CA6, 0x8C64, 0x8444, 0x8C65, 0x9CA6, 0xAC87, 0xACA8, 0x9C67, 0x9C66,
    0x9C66, 0x9C87, 0x9C87, 0x8485, 0x84A4, 0x7464, 0x6423, 0x53A2, 0x6C83, 0x4BA2, 0x32E2, 0x32E2, 0x4323, 0x6BE5, 0x5383, 0x4302,
    0x3AE2, 0x3AE2, 0x42C2, 0x4AA3, 0x5AC4, 0x5B04, 0x4282, 0x2A61, 0x4B82, 0x53A2, 0x4B81, 0x4BA4, 0x2A6A, 0x224B, 0x42E3, 0x4AE2,
    0x5343, 0x5B82, 0x53A2, 0x53A2, 0x4361, 0x4B61, 0x4361, 0x3B41, 0x3301, 0x3301, 0x3B61, 0x4382, 0x3B61, 0x3361, 0x43E1, 0x4C21,
    0x43E1, 0x43C1, 0x4362, 0x32E1, 0x3B01, 0x4302, 0x3261, 0x3B22, 0x3B02, 0x4343, 0x4341, 0x3B25, 0x2AC8, 0x4365, 0x124D, 0x0212,
    0x0212, 0x0212, 0x0211, 0x0212, 0x0212, 0x0212, 0x0212, 0x0212, 0x0212, 0x0A2F, 0x4BA6, 0x4322, 0x3AA8, 0x0A0F, 0x0212, 0x0212,
    0x0212, 0x0212, 0x0212, 0x0212, 0x0212, 0x0212, 0x0212, 0x0212, 0x0211, 0x0A31, 0x0211, 0x0212, 0x0212, 0x0212, 0x0212, 0x0212,
    0x0211, 0x0A31, 0x1250, 0x0A10, 0x1251, 0x0A30, 0x0A11, 0x0211, 0x0211, 0x01F1, 0x01F1, 0x0212, 0x01F1, 0x0211, 0x0211, 0x0211,
    0x0211, 0x0211, 0x0211, 0x0211, 0x0211, 0x0211, 0x0211, 0x0211, 0x0211, 0x0211, 0x0212, 0x0212, 0x0212, 0x0212, 0x0212, 0x0212,
    0x0212, 0x0212, 0x0212, 0x0212, 0x0212, 0x0211, 0x0212, 0x0210, 0x0A0E, 0x0212, 0x122B, 0x3A65, 0x62E8, 0x5AA5, 0x52E2, 0x5302,
    0x42A2, 0x4263, 0x4A65, 0x5AA6, 0x6327, 0x3241, 0x3B41, 0x74E4, 0x84E4, 0x94E5, 0x9D06, 0x9D06, 0x9D06, 0x8CE5, 0x8D25, 0x84E4,
    0x53E3, 0x4362, 0x3B24, 0x32E4, 0x2AA6, 0x2269, 0x4303, 0x3AC1, 0x3282, 0x2A62, 0x2A61, 0x3262, 0x3262, 0x2A62, 0x2A61, 0x42C1,
    0x4AC1, 0x4AC1, 0x4AC2, 0x42E9, 0x0A10, 0x1A2D, 0x5304, 0x42A1, 0x4281, 0x42A2, 0x4281, 0x4282, 0x4263, 0x5AE4, 0x52C4, 0x4AA2,
    0x3241, 0x3AA2, 0x42A3, 0x3A82, 0x2A41, 0x2261, 0x2241, 0x3281, 0x3AC1, 0x2A85, 0x0210, 0x0212, 0x0211, 0x0212, 0x0212, 0x0212,
    0x0212, 0x0212, 0x0212, 0x0211, 0x0211, 0x0212, 0x0212, 0x0211, 0x0212, 0x0212, 0x0212, 0x0212, 0x0212, 0x0212, 0x0212, 0x0212,
    0x0212, 0x0212, 0x0212, 0x0212, 0x0212, 0x0211, 0x0211, 0x0211, 0x0211, 0x0211, 0x0211, 0x0211, 0x0211, 0x0211, 0x0211, 0x0212,
    0x0212, 0x0A0E, 0x4BC7, 0x6C82, 0x5405, 0x1A8C, 0x122D, 0x5BE5, 0x5C21, 0x5C42, 0x7483, 0x7484, 0x32EB, 0x01D1, 0x01CF, 0x43A8,
    0x6482, 0x6CA2, 0x74A2, 0x6C43, 0x6403, 0x74A4, 0x6422, 0x53E2, 0x6403, 0x5BC2, 0x7C84, 0x8484, 0x7443, 0x6C43, 0x6422, 0x6443,
    0x53C1, 0x53A2, 0x5C03, 0x53E2, 0x4BE2, 0x5402, 0x5C22, 0x6462, 0x6462, 0x53E2, 0x5C22, 0x6C83, 0x6C82, 0x6C82, 0x6C63, 0x6C62,
    0x6C83, 0x6462, 0x6463, 0x7463, 0x7443, 0x7444, 0x7C25, 0x8446, 0x8C65, 0x8465, 0x8C64, 0x8C84, 0x8C84, 0x94A5, 0x6C23, 0x53C1,
    0x9CC6, 0xA4A6, 0xA4A6, 0xA4A6, 0x9C87, 0x9C46, 0xA4A6, 0xA4A7, 0x9CA6, 0x9465, 0x8C44, 0x9485, 0xACC7, 0xAC88, 0xAC88, 0xACA8,
    0xA487, 0xACA8, 0xA4A7, 0x9CA6, 0x8CA5, 0x8485, 0x7CA4, 0x6423, 0x6C64, 0x4362, 0x2A61, 0x3282, 0x3262, 0x2A41, 0x2A61, 0x3261,
    0x42C3, 0x42E2, 0x4323, 0x3AA2, 0x6304, 0x62C4, 0x6304, 0x52C3, 0x3A81, 0x4B42, 0x4B45, 0x2A69, 0x2A88, 0x4B03, 0x5303, 0x5B43,
    0x6384, 0x5382, 0x5382, 0x4B82, 0x5362, 0x6BE4, 0x53A2, 0x3B41, 0x3321, 0x3321, 0x3341, 0x3B41, 0x3B41, 0x3B61, 0x3B81, 0x43E1,
    0x3BA1, 0x43C1, 0x43C1, 0x4361, 0x4342, 0x42E2, 0x3242, 0x4302, 0x3B22, 0x32E2, 0x3B22, 0x3B22, 0x3AE4, 0x3AE4, 0x0A2E, 0x0212,
    0x0212, 0x0212, 0x0212, 0x0212, 0x0212, 0x0212, 0x0212, 0x0212, 0x0212, 0x01F0, 0x4346, 0x4B65, 0x0A0E, 0x01F2, 0x0212, 0x0212,
    0x0212, 0x0212, 0x0212, 0x0212, 0x0212, 0x0212, 0x0212, 0x0211, 0x0211, 0x0A31, 0x0211, 0x0211, 0x0211, 0x0211, 0x0211, 0x0211,
    0x0211, 0x0A30, 0x1250, 0x0211, 0x0211, 0x0211, 0x0211, 0x0212, 0x0211, 0x0211, 0x0211, 0x0211, 0x0211, 0x0211, 0x0211, 0x0211,
    0x0211, 0x0211, 0x01F1, 0x0211, 0x0212, 0x0212, 0x0212, 0x0212, 0x0212, 0x0212, 0x0212, 0x0212, 0x0212, 0x0212, 0x0212, 0x0212,
    0x0212, 0x0212, 0x0212, 0x0212, 0x0212, 0x0212, 0x0212, 0x0212, 0x0211, 0x0212, 0x0230, 0x1A06, 0x5B08, 0x9C8F, 0x5AC7, 0x4A82,
    0x52E2, 0x3A62, 0x3223, 0x4245, 0x5AA7, 0x4A84, 0x4302, 0x84C4, 0xA507, 0xBD08, 0xBCE8, 0xC509, 0xC529, 0xAD27, 0x9504, 0x7CC3,
    0x7CE4, 0x74A4, 0x4BA3, 0x3B04, 0x4323, 0x3AE4, 0x3B03, 0x32A1, 0x2A41, 0x2A22, 0x2222, 0x2A41, 0x2A61, 0x2261, 0x2A61, 0x3AC1,
    0x42C1, 0x4AC1, 0x52E1, 0x4AC4, 0x1A4C, 0x2A6A, 0x4AC2, 0x42A2, 0x3AA2, 0x3A81, 0x3A82, 0x3A62, 0x4282, 0x3A62, 0x2A21, 0x3241,
    0x3A61, 0x4AA2, 0x4282, 0x3A62, 0x3262, 0x2A61, 0x2A61, 0x3283, 0x3285, 0x2A89, 0x0210, 0x0212, 0x0212, 0x0212, 0x0212, 0x0212,
    0x0212, 0x0212, 0x0211, 0x0212, 0x0212, 0x0212, 0x0212, 0x0212, 0x0212, 0x0212, 0x0212, 0x0212, 0x0212, 0x0212, 0x0212, 0x0211,
    0x0212, 0x0212, 0x0212, 0x0212, 0x0212, 0x0212, 0x0211, 0x0211, 0x0211, 0x0211, 0x0211, 0x0211, 0x0211, 0x0211, 0x0211, 0x0211,
    0x0212, 0x0A2E, 0x334A, 0x2ACB, 0x0A2F, 0x0211, 0x1A6D, 0x4B87, 0x6442, 0x6461, 0x6CA2, 0x6C64, 0x1A4B, 0x01EE, 0x3B49, 0x6443,
    0x6C83, 0x6422, 0x5C02, 0x6403, 0x5BC3, 0x7463, 0x7484, 0x6423, 0x6423, 0x6423, 0x6C83, 0x6C63, 0x6C43, 0x5BC2, 0x6402, 0x6C63,
    0x6422, 0x53E2, 0x53C2, 0x4BC2, 0x4381, 0x4BC1, 0x5402, 0x6462, 0x6462, 0x6442, 0x6482, 0x6C82, 0x6C82, 0x6C62, 0x6C62, 0x6C63,
    0x7483, 0x6C62, 0x7C83, 0x7C63, 0x7C44, 0x8445, 0x9486, 0x9486, 0x9466, 0x9485, 0x9485, 0x94A5, 0x9CA5, 0xA4C6, 0x94C5, 0x7C63,
    0xA4C6, 0xB4C8, 0xB4C8, 0xB4A8, 0xB4A8, 0xA487, 0xB4C8, 0xB4C8, 0xACC8, 0xACA7, 0x9C86, 0xA4A6, 0x9CA5, 0xA4A7, 0xB4C8, 0xBCA9,
    0xBCC9, 0xACA8, 0xA4A7, 0x94A6, 0x9CC6, 0x94E6, 0x6C83, 0x5C03, 0x4362, 0x32A2, 0x3262, 0x42A3, 0x5AC4, 0x6305, 0x5AE4, 0x52C3,
    0x7365, 0x7386, 0x42C2, 0x4AE3, 0x6304, 0x6B05, 0x5AC6, 0x6325, 0x52E3, 0x3A83, 0x2A25, 0x2A65, 0x4AE2, 0x5B44, 0x5343, 0x4B43,
    0x4B42, 0x4B62, 0x5382, 0x6383, 0x8426, 0x73C4, 0x5382, 0x5382, 0x4B82, 0x3321, 0x3321, 0x3321, 0x3301, 0x3B61, 0x43A1, 0x43A1,
    0x4BE1, 0x5422, 0x3B41, 0x3B01, 0x3AE1, 0x3AA2, 0x3261, 0x3B22, 0x3B22, 0x2AA1, 0x32E1, 0x32C5, 0x2A68, 0x4304, 0x124C, 0x0212,
    0x0212, 0x0212, 0x0212, 0x0212, 0x0212, 0x0212, 0x0212, 0x0212, 0x0212, 0x01F0, 0x32EA, 0x228B, 0x01F1, 0x0212, 0x0212, 0x0212,
    0x0212, 0x0212, 0x0212, 0x0212, 0x0212, 0x0212, 0x0212, 0x0212, 0x0212, 0x0212, 0x0212, 0x0212, 0x0211, 0x0211, 0x0A31, 0x0211,
    0x0212, 0x0212, 0x0211, 0x0212, 0x0212, 0x0212, 0x0211, 0x0211, 0x0211, 0x0211, 0x0211, 0x0211, 0x0211, 0x0211, 0x0211, 0x0211,
    0x0211, 0x0212, 0x0211, 0x0211, 0x0212, 0x0212, 0x0212, 0x0212, 0x0212, 0x0212, 0x0212, 0x0212, 0x0212, 0x0212, 0x0212, 0x0212,
    0x0212, 0x0212, 0x0212, 0x0212, 0x0212, 0x0212, 0x0212, 0x0212, 0x0212, 0x0212, 0x0210, 0x2289, 0x2A44, 0x4AA7, 0x6B2A, 0x4A66,
    0x4A83, 0x52E4, 0x3A23, 0x31E3, 0x4204, 0x4204, 0x4AC3, 0x9CE6, 0xC548, 0xCD49, 0xD549, 0xD56A, 0xC54A, 0xB528, 0x9D25, 0x84E3,
    0x74C2, 0x7CE3, 0x6C83, 0x4B84, 0x4B65, 0x53A4, 0x3AE2, 0x32A1, 0x2A41, 0x2202, 0x1A02, 0x2242, 0x2A61, 0x2A61, 0x2A81, 0x32C1,
    0x3AC1, 0x4AE1, 0x4AE1, 0x42C1, 0x42C3, 0x4AE3, 0x42C2, 0x3AA2, 0x3AA2, 0x3262, 0x3224, 0x3A83, 0x3AA2, 0x2A42, 0x1A01, 0x2201,
    0x2221, 0x3261, 0x3261, 0x2A61, 0x2A61, 0x3280, 0x2A65, 0x120D, 0x226B, 0x2AAA, 0x0210, 0x0212, 0x0212, 0x0212, 0x0212, 0x0212,
    0x0212, 0x0211, 0x0212, 0x0211, 0x0211, 0x0212, 0x0211, 0x0211, 0x0212, 0x0212, 0x0212, 0x0212, 0x0212, 0x0212, 0x0212, 0x0212,
    0x0212, 0x0212, 0x0212, 0x0212, 0x0212, 0x0212, 0x0212, 0x0211, 0x0211, 0x0211, 0x0211, 0x0211, 0x0211, 0x0211, 0x0211, 0x0211,
    0x0211, 0x0212, 0x01F1, 0x01F2, 0x0212, 0x0211, 0x2AED, 0x4BA9, 0x4388, 0x3329, 0x334A, 0x1A6C, 0x2ACB, 0x7487, 0x7483, 0x6422,
    0x6C63, 0x5382, 0x4B82, 0x4BA2, 0x53A2, 0x5BE3, 0x6403, 0x5BE3, 0x53A2, 0x5BC3, 0x5C02, 0x7483, 0x7464, 0x5C02, 0x6C63, 0x6442,
    0x6C62, 0x7463, 0x5C02, 0x53C2, 0x5C02, 0x5C02, 0x4BA1, 0x6C83, 0x74A3, 0x7483, 0x6C83, 0x7483, 0x7483, 0x7483, 0x7483, 0x7483,
    0x7483, 0x7C83, 0x8483, 0x8C84, 0x7C25, 0x9486, 0xA487, 0xA487, 0x9C86, 0x9485, 0xA4A6, 0xACA6, 0xACA7, 0xACC7, 0xACE6, 0xA4E5,
    0xB4E7, 0xBCE8, 0xB4C8, 0xBCC9, 0xBCC9, 0xB4C9, 0xBCC8, 0xC4C9, 0xBCC9, 0xB4A8, 0xACA8, 0xACA7, 0x9C66, 0xA4A6, 0xB4A8, 0xB4A8,
    0xBCA9, 0xBCA9, 0xB4C9, 0xACC7, 0x9CC6, 0x8485, 0x4361, 0x3B22, 0x4323, 0x42C2, 0x3A82, 0x5AC3, 0x6B05, 0x7B25, 0x7366, 0x6BA8,
    0x8BE7, 0x6B24, 0x4AC2, 0x4AE2, 0x6B65, 0x7B65, 0x52E4, 0x5B43, 0x5342, 0x5323, 0x42E2, 0x5B43, 0x6BA5, 0x4B02, 0x32A1, 0x32C1,
    0x3B02, 0x4342, 0x63A3, 0x8C26, 0xA448, 0x83E6, 0x73C4, 0x7404, 0x63E4, 0x4362, 0x3B41, 0x3321, 0x3B41, 0x43A1, 0x43C1, 0x4BC1,
    0x5C61, 0x4C01, 0x3321, 0x3B01, 0x4322, 0x4303, 0x4303, 0x2AA1, 0x3B02, 0x3B02, 0x3B02, 0x1A49, 0x120C, 0x3AC3, 0x2289, 0x01F1,
    0x0212, 0x0212, 0x0212, 0x0212, 0x0212, 0x0212, 0x0212, 0x0212, 0x0212, 0x124F, 0x122E, 0x01F1, 0x0212, 0x0212, 0x0212, 0x0212,
    0x0212, 0x0212, 0x0211, 0x0212, 0x0212, 0x0212, 0x0212, 0x0212, 0x0212, 0x0211, 0x0212, 0x0212, 0x0211, 0x0211, 0x0211, 0x0211,
    0x0212, 0x0212, 0x0212, 0x0212, 0x0212, 0x0212, 0x0212, 0x0211, 0x0211, 0x0211, 0x0211, 0x0211, 0x0212, 0x0212, 0x0211, 0x0211,
    0x0211, 0x0211, 0x0211, 0x0212, 0x0212, 0x0212, 0x0212, 0x0212, 0x0212, 0x0212, 0x0212, 0x0212, 0x0212, 0x0212, 0x0211, 0x0212,
    0x0212, 0x0212, 0x0212, 0x0212, 0x0212, 0x0212, 0x0212, 0x0212, 0x0212, 0x0212, 0x0211, 0x122C, 0x2245, 0x11E4, 0x29E4, 0x4245,
    0x3A03, 0x4243, 0x3A23, 0x29E2, 0x31E3, 0x4244, 0x4242, 0x94A5, 0xCD68, 0xD549, 0xCD49, 0xC508, 0xC509, 0xBD08, 0xB527, 0x9D05,
    0x7CE3, 0x7CE2, 0x7CE3, 0x6443, 0x5C04, 0x6404, 0x5382, 0x3AE1, 0x3AA2, 0x32A2, 0x2A81, 0x2A81, 0x2A62, 0x2244, 0x2AA1, 0x2AA0,
    0x32E1, 0x32E1, 0x32C1, 0x32E1, 0x32E1, 0x42E2, 0x3AE2, 0x32A2, 0x3AA2, 0x3282, 0x42C3, 0x3A62, 0x3242, 0x2A22, 0x2221, 0x2222,
    0x11E8, 0x120A, 0x1A29, 0x1A29, 0x1229, 0x1A4A, 0x0A0F, 0x0A30, 0x32C7, 0x1A29, 0x01F1, 0x0211, 0x0212, 0x0212, 0x0212, 0x0212,
    0x0211, 0x0211, 0x0211, 0x0211, 0x0211, 0x0211, 0x0211, 0x0211, 0x0211, 0x0211, 0x0212, 0x0212, 0x0212, 0x0212, 0x0212, 0x0212,
    0x0212, 0x0212, 0x0212, 0x0212, 0x0212, 0x0212, 0x0211, 0x0212, 0x0211, 0x0211, 0x0211, 0x0211, 0x0211, 0x0212, 0x0212, 0x0212,
    0x0211, 0x0211, 0x0211, 0x0211, 0x0211, 0x0A30, 0x1AAF, 0x0A30, 0x0211, 0x0210, 0x01D0, 0x1A6C, 0x6447, 0x8D05, 0x6C23, 0x4361,
    0x3B21, 0x4B42, 0x6C04, 0x5BC3, 0x5BE3, 0x5383, 0x3AE1, 0x53A3, 0x6403, 0x5BE3, 0x4B82, 0x6C64, 0x6403, 0x6C63, 0x6483, 0x6462,
    0x6462, 0x6442, 0x6C63, 0x6C62, 0x6C63, 0x6443, 0x6C43, 0x6423, 0x6C64, 0x7CA3, 0x7483, 0x7484, 0x7463, 0x7CA3, 0x7CA3, 0x7CA3,
    0x7C83, 0x8CA4, 0x9485, 0x9CA6, 0x9C87, 0xACA7, 0xACA8, 0xACA7, 0x9CA6, 0x9CA5, 0x9C85, 0xB4C7, 0xB4C8, 0xACC7, 0xACE7, 0xB4E7,
    0xB4E8, 0xBCE9, 0xC4E9, 0xC4EA, 0xCD0A, 0xBCCA, 0xC4EA, 0xCCCA, 0xC4CA, 0xBCC9, 0xBCC9, 0xBCC9, 0xB4A8, 0xB4A8, 0xA4A7, 0xA486,
    0xACA8, 0xBCCA, 0xC4EA, 0xC4EA, 0xB4E9, 0x94A6, 0x5BA2, 0x4B43, 0x4B23, 0x5303, 0x5AE4, 0x7346, 0x93C8, 0x93A7, 0x8BA7, 0xB4CC,
    0xD52B, 0xBC89, 0x8BE6, 0x7384, 0x7384, 0x9C48, 0x7BA5, 0x6362, 0x5342, 0x4341, 0x4B42, 0x6384, 0x6385, 0x3281, 0x2A61, 0x3AC2,
    0x3B01, 0x5362, 0x8C46, 0xB4A9, 0xBCA9, 0xAC89, 0xAC88, 0xA4A7, 0x8C66, 0x5BC3, 0x3B41, 0x3B41, 0x4BC1, 0x5422, 0x4BE1, 0x5422,
    0x64A2, 0x4401, 0x3341, 0x3B42, 0x3AE1, 0x3AC2, 0x3AE2, 0x4322, 0x4362, 0x3B02, 0x3AE2, 0x1A4A, 0x0A0E, 0x2A83, 0x2A86, 0x0210,
    0x0212, 0x0212, 0x0212, 0x0212, 0x0212, 0x0212, 0x0212, 0x0212, 0x0211, 0x122F, 0x0211, 0x0212, 0x0211, 0x0212, 0x0212, 0x0212,
    0x0212, 0x0212, 0x0212, 0x0212, 0x0212, 0x0212, 0x0212, 0x0212, 0x0211, 0x0211, 0x0211, 0x0211, 0x0211, 0x0211, 0x0211, 0x0212,
    0x0212, 0x0212, 0x0212, 0x0212, 0x0212, 0x0212, 0x0211, 0x0211, 0x0211, 0x0211, 0x0211, 0x0211, 0x0211, 0x0212, 0x0212, 0x0212,
    0x0212, 0x0212, 0x0212, 0x0212, 0x0212, 0x0212, 0x0212, 0x0212, 0x0212, 0x0212, 0x0212, 0x0212, 0x0212, 0x0212, 0x0212, 0x0212,
    0x0212, 0x0212, 0x0212, 0x0212, 0x0212, 0x0212, 0x0212, 0x0212, 0x0212, 0x0211, 0x0212, 0x0211, 0x0A0C, 0x1A26, 0x2225, 0x2A06,
    0x29E3, 0x3202, 0x4263, 0x3242, 0x2A21, 0x2A22, 0x3221, 0x73C4, 0xCD69, 0xD549, 0xCD29, 0xCD29, 0xC529, 0xBCE8, 0xB4E7, 0xACE6,
    0x94C4, 0x7482, 0x74A2, 0x7CC2, 0x7482, 0x7483, 0x6403, 0x2A83, 0x2263, 0x32C2, 0x3B02, 0x3AE1, 0x3AC2, 0x2AA5, 0x3303, 0x3300,
    0x3321, 0x2B01, 0x2AE1, 0x3301, 0x32E1, 0x3B01, 0x3302, 0x3AE2, 0x3AE2, 0x2AA1, 0x32C2, 0x3282, 0x2A42, 0x2221, 0x2A43, 0x1A08,
    0x122B, 0x1A4B, 0x122D, 0x1A6E, 0x0A51, 0x0232, 0x0212, 0x228C, 0x3282, 0x32A4, 0x2A87, 0x124C, 0x0211, 0x0212, 0x0212, 0x0212,
    0x0211, 0x0211, 0x0211, 0x0212, 0x0211, 0x0211, 0x0211, 0x0211, 0x0211, 0x0211, 0x0212, 0x0211, 0x0211, 0x0212, 0x0212, 0x0212,
    0x0212, 0x0212, 0x0212, 0x0212, 0x0212, 0x0212, 0x0212, 0x0212, 0x0211, 0x0211, 0x0212, 0x0212, 0x0212, 0x0212, 0x0212, 0x0212,
    0x0212, 0x0212, 0x0212, 0x0211, 0x0211, 0x0211, 0x0211, 0x0231, 0x0210, 0x3B2C, 0x53C7, 0x6403, 0x7483, 0x7C64, 0x8CA5, 0x5BC2,
    0x53C2, 0x5363, 0x5BA4, 0x6C44, 0x6423, 0x6423, 0x5362, 0x4B42, 0x5BC3, 0x6403, 0x6C64, 0x4361, 0x4342, 0x3B01, 0x4B82, 0x3B61,
    0x4BC2, 0x6483, 0x6CA3, 0x74A3, 0x74A3, 0x7483, 0x7483, 0x6C44, 0x5BC4, 0x6C24, 0x74A4, 0x7484, 0x7484, 0x7463, 0x7C63, 0x8484,
    0x8CA4, 0x8C85, 0xA4C7, 0xA4A7, 0xACC8, 0xBCE9, 0xC4E9, 0xB4A8, 0xB4A8, 0xB4A8, 0xB4A8, 0xB4C8, 0xBCE8, 0xB4E7, 0xB4E7, 0xBCE8,
    0xBCC9, 0xC4EA, 0xCD0A, 0xCD2B, 0xCD2B, 0xCD2B, 0xD52C, 0xCCEB, 0xC4AA, 0xCCA9, 0xCCCA, 0xCCCA, 0xC4A9, 0xB4A8, 0xACA7, 0xA487,
    0xB4A8, 0xB4A9, 0xBCEA, 0xC50B, 0xBCE9, 0x9CA6, 0x7C44, 0x6BC4, 0x5343, 0x5B44, 0x5B04, 0x83C7, 0x9C09, 0xB48B, 0xCCEC, 0xC4CB,
    0xB428, 0xD50B, 0xC4CA, 0xAC68, 0xA488, 0xA468, 0xA447, 0x9C87, 0x7404, 0x5382, 0x63A3, 0x8426, 0x4B02, 0x2A61, 0x32C1, 0x4B42,
    0x63C3, 0x8C46, 0xAC88, 0xC4EB, 0xCCEB, 0xC4EA, 0xBCEA, 0xCD4B, 0x9CA7, 0x63E4, 0x3B41, 0x3B41, 0x5402, 0x5C42, 0x5402, 0x5422,
    0x5401, 0x4BE1, 0x3B41, 0x2AC1, 0x2AA1, 0x32E1, 0x4BA2, 0x5C03, 0x3B01, 0x3AE1, 0x3B02, 0x1A2A, 0x0A0F, 0x2A86, 0x1A29, 0x0210,
    0x0212, 0x0212, 0x0212, 0x0212, 0x0212, 0x0212, 0x0212, 0x0212, 0x0230, 0x0211, 0x0212, 0x0212, 0x0211, 0x0212, 0x0212, 0x0212,
    0x0212, 0x0212, 0x0212, 0x0212, 0x0212, 0x0212, 0x0212, 0x0212, 0x0212, 0x0211, 0x0211, 0x0211, 0x0211, 0x0211, 0x0211, 0x0212,
    0x0212, 0x0212, 0x0212, 0x0212, 0x0212, 0x0212, 0x0212, 0x0211, 0x0211, 0x0211, 0x0211, 0x0212, 0x0212, 0x0212, 0x0212, 0x0212,
    0x0212, 0x0212, 0x0212, 0x0212, 0x0212, 0x0212, 0x0212, 0x0212, 0x0212, 0x0212, 0x0212, 0x0212, 0x0212, 0x0212, 0x0212, 0x0212,
    0x0212, 0x0212, 0x0212, 0x0212, 0x0212, 0x0212, 0x0212, 0x0212, 0x0212, 0x0212, 0x0212, 0x0212, 0x0212, 0x0A0E, 0x1A27, 0x1A46,
    0x2A24, 0x3202, 0x5B25, 0x4B03, 0x2A60, 0x2A61, 0x3261, 0x3A61, 0xA467, 0xD54A, 0xDD8B, 0xCD29, 0xC509, 0xBCE8, 0xACA7, 0xA4A6,
    0x9CA5, 0x84A3, 0x7482, 0x74A2, 0x74A3, 0x7483, 0x6C42, 0x4B83, 0x3B03, 0x3303, 0x2AA2, 0x32E1, 0x32C3, 0x228A, 0x122C, 0x22A5,
    0x3301, 0x3301, 0x3301, 0x2AC0, 0x3B02, 0x4322, 0x3B42, 0x3B22, 0x2AC2, 0x2AC2, 0x32E2, 0x4343, 0x3AE2, 0x2A43, 0x2A66, 0x2A85,
    0x32A3, 0x2A84, 0x0A0D, 0x0211, 0x0211, 0x0211, 0x124E, 0x32A5, 0x3AC1, 0x42E1, 0x42E1, 0x1A48, 0x0210, 0x0212, 0x0212, 0x0212,
    0x0212, 0x0212, 0x0211, 0x0212, 0x0212, 0x0212, 0x0211, 0x0212, 0x0212, 0x0211, 0x0211, 0x01F1, 0x0211, 0x0212, 0x0212, 0x0211,
    0x0212, 0x0212, 0x0212, 0x0212, 0x0212, 0x0212, 0x0212, 0x0212, 0x0212, 0x0212, 0x0212, 0x0212, 0x0212, 0x0212, 0x0212, 0x0212,
    0x0212, 0x0212, 0x0212, 0x0212, 0x0212, 0x0211, 0x124E, 0x53E9, 0x5C27, 0x6425, 0x7CA3, 0x6C22, 0x84A5, 0x7C84, 0x7C84, 0x5C42,
    0x6463, 0x4B63, 0x4322, 0x53E3, 0x5423, 0x5C02, 0x6403, 0x53A3, 0x4B42, 0x63C3, 0x8CC5, 0x6423, 0x53A2, 0x4B81, 0x6C84, 0x6464,
    0x3AE1, 0x4342, 0x6483, 0x74A3, 0x7463, 0x7463, 0x7483, 0x7483, 0x7C84, 0x7C84, 0x7C84, 0x7484, 0x7CA4, 0x84A4, 0x7C84, 0x84A5,
    0x8CA5, 0x8CA6, 0x9487, 0xACE8, 0xA487, 0xBCE9, 0xD52B, 0xD50B, 0xC4A9, 0xCCC9, 0xCCE9, 0xCCE9, 0xC4E8, 0xC509, 0xC509, 0xCD0A,
    0xCCC9, 0xCD0A, 0xD54B, 0xD58C, 0xE5ED, 0xDD8C, 0xD52B, 0xD4EB, 0xCCCA, 0xCCCA, 0xCCCA, 0xCCEA, 0xCCCA, 0xCCC9, 0xC4C9, 0xBC88,
    0xBCA9, 0xC4EA, 0xBCA9, 0xB4C9, 0xBD09, 0xACC7, 0xA4E8, 0x8489, 0x9468, 0x9468, 0x7BC6, 0x6B44, 0x8BC7, 0xA44A, 0xB48B, 0xBCAB,
    0xF62F, 0xF5EE, 0xD50C, 0xB4A9, 0x9C27, 0x9C47, 0x8C06, 0x9C67, 0x9C87, 0x8C26, 0xA488, 0x9C68, 0x73A5, 0x4AC2, 0x6BA4, 0x8425,
    0xA488, 0xBCC9, 0xCCEB, 0xD52C, 0xCCEB, 0xCD4B, 0xC52B, 0xC52A, 0x9487, 0x4B42, 0x32E1, 0x53A2, 0x6C43, 0x6442, 0x5C42, 0x43A1,
    0x3301, 0x3301, 0x3321, 0x3B61, 0x5402, 0x5C42, 0x5C42, 0x4B82, 0x3261, 0x3AE2, 0x2A64, 0x09CE, 0x0A2F, 0x1A49, 0x01F0, 0x0212,
    0x0212, 0x0212, 0x0212, 0x0212, 0x0212, 0x0212, 0x0212, 0x0211, 0x0211, 0x0212, 0x0212, 0x0212, 0x0212, 0x0212, 0x0212, 0x0212,
    0x0212, 0x0212, 0x0212, 0x0212, 0x0212, 0x0212, 0x0212, 0x0212, 0x0212, 0x0212, 0x0211, 0x0211, 0x0211, 0x0211, 0x0211, 0x0212,
    0x0211, 0x0211, 0x0212, 0x0211, 0x0212, 0x0212, 0x0211, 0x0211, 0x0212, 0x0212, 0x0211, 0x0211, 0x0212, 0x0211, 0x0211, 0x0211,
    0x0211, 0x0211, 0x0211, 0x0211, 0x0212, 0x0212, 0x0211, 0x0212, 0x0212, 0x0212, 0x0212, 0x0212, 0x0212, 0x0212, 0x0212, 0x0212,
    0x0212, 0x0212, 0x0212, 0x0212, 0x0212, 0x0212, 0x0212, 0x0212, 0x0212, 0x0212, 0x0212, 0x0212, 0x0212, 0x0212, 0x1229, 0x2A83,
    0x2A43, 0x4243, 0xB4A9, 0xB4C8, 0x73C4, 0x3260, 0x3AA2, 0x4AA2, 0x83A6, 0xDD6B, 0xCD2A, 0xBCC8, 0xCD29, 0xB4C8, 0xB4C8, 0xB4E7,
    0x9CA5, 0x8C64, 0x7C83, 0x7CC2, 0x74E2, 0x7CA2, 0x84C3, 0x5BE3, 0x4362, 0x4362, 0x3B02, 0x2AC7, 0x0A0E, 0x01F2, 0x01D2, 0x01CF,
    0x1A66, 0x2AE1, 0x2AC1, 0x2AC1, 0x2AC1, 0x3B23, 0x2B01, 0x2B01, 0x2AE1, 0x22E1, 0x2AE1, 0x2AE1, 0x2AA2, 0x32A5, 0x3B24, 0x2AA1,
    0x32C1, 0x2286, 0x020F, 0x0211, 0x0211, 0x0211, 0x126D, 0x2288, 0x2AA8, 0x2AA6, 0x2A65, 0x2A66, 0x0A2E, 0x0212, 0x0211, 0x0211,
    0x0212, 0x0211, 0x0211, 0x0211, 0x0212, 0x0212, 0x0212, 0x0212, 0x0212, 0x0211, 0x0211, 0x0211, 0x0211, 0x0212, 0x0211, 0x0211,
    0x0212, 0x0212, 0x0212, 0x0212, 0x0212, 0x0212, 0x0212, 0x0212, 0x0212, 0x0212, 0x0212, 0x0212, 0x0212, 0x0212, 0x0212, 0x0212,
    0x0212, 0x0212, 0x0212, 0x0212, 0x0212, 0x0212, 0x0210, 0x22AD, 0x53C7, 0x8CE4, 0x84A4, 0x8484, 0x6C23, 0x6422, 0x6C63, 0x6442,
    0x5C23, 0x4BA3, 0x4BA2, 0x4B83, 0x4343, 0x4B23, 0x42E2, 0x3AA2, 0x2A21, 0x3241, 0x7424, 0x7464, 0x6C43, 0x8CA4, 0x7CC4, 0x74E3,
    0x6C64, 0x32A0, 0x4321, 0x74A4, 0x6C63, 0x7CA4, 0x84A4, 0x8CA4, 0x8CA4, 0x8484, 0x7C64, 0x8484, 0x8CC4, 0x8CA5, 0x7C65, 0x84A5,
    0x84A5, 0x8466, 0xA4C7, 0xB4E8, 0xBCE9, 0xACA8, 0xCD2B, 0xD50B, 0xDD2B, 0xDD6C, 0xE5AC, 0xE58C, 0xDD6B, 0xDD6C, 0xD52A, 0xD52A,
    0xDD2B, 0xDD6C, 0xF5EE, 0xEE0E, 0xEE2E, 0xE5CD, 0xDD6C, 0xD50B, 0xD52B, 0xDD2C, 0xDD2C, 0xDD2B, 0xD50B, 0xD4EA, 0xD4E9, 0xCCEA,
    0xD50A, 0xD50A, 0xD52B, 0xC4EA, 0xAC88, 0x9C46, 0xA4A9, 0x948A, 0xA489, 0xB4AA, 0xC52C, 0xAC89, 0x7B65, 0x8BC7, 0xA429, 0xB46B,
    0xE5EE, 0xEDCE, 0xD54D, 0xBC8A, 0xA447, 0x9C27, 0x9426, 0xAC88, 0xC50A, 0xC50A, 0xC4EA, 0xC4CA, 0xAC68, 0xA447, 0xAC68, 0xBCEA,
    0xC4EA, 0xC4EB, 0xCD0B, 0xCCEB, 0xDD2C, 0xDD4C, 0xBCC9, 0xACC8, 0x6BE4, 0x3AE1, 0x5B63, 0x8466, 0x8465, 0x7463, 0x6443, 0x4BC2,
    0x3301, 0x2AA0, 0x4BC2, 0x64A2, 0x5C62, 0x5442, 0x4BE2, 0x32C1, 0x32C2, 0x32A2, 0x122B, 0x01F2, 0x0A2F, 0x1A69, 0x020F, 0x0212,
    0x0212, 0x0212, 0x0212, 0x0212, 0x0212, 0x0211, 0x0211, 0x0211, 0x0212, 0x0212, 0x0212, 0x0212, 0x0211, 0x0211, 0x0212, 0x0212,
    0x0212, 0x0212, 0x0212, 0x0212, 0x0212, 0x0212, 0x0212, 0x0212, 0x0212, 0x0212, 0x0211, 0x0211, 0x0211, 0x0211, 0x0211, 0x0212,
    0x0211, 0x0211, 0x0211, 0x0212, 0x0212, 0x0212, 0x0212, 0x0212, 0x0212, 0x0211, 0x0212, 0x0212, 0x0212, 0x0212, 0x0211, 0x0211,
    0x0211, 0x0211, 0x0211, 0x0211, 0x0211, 0x0211, 0x0212, 0x0212, 0x0212, 0x0212, 0x0212, 0x0212, 0x0212, 0x0212, 0x0212, 0x0212,
    0x0212, 0x0212, 0x0212, 0x0212, 0x0212, 0x0212, 0x0212, 0x0212, 0x0212, 0x0212, 0x0212, 0x0212, 0x0212, 0x0211, 0x1A6A, 0x32A2,
    0x3283, 0x5AC5, 0xB468, 0xD52A, 0xB4E8, 0x42C1, 0x3241, 0x5B04, 0x5AC4, 0x8BC7, 0x8BC6, 0xB488, 0xD549, 0xD569, 0xCD49, 0xC529,
    0xACE6, 0xA4A6, 0x8CA4, 0x84E2, 0x74E2, 0x7CE2, 0x7CC3, 0x5C43, 0x43C2, 0x3B61, 0x3305, 0x1A4C, 0x228B, 0x2AA9, 0x11EC, 0x120D,
    0x2268, 0x2AA1, 0x32E0, 0x32E0, 0x2AC1, 0x2AE1, 0x22E1, 0x2301, 0x2B21, 0x2B21, 0x2300, 0x3341, 0x4BA3, 0x3B42, 0x2280, 0x32E2,
    0x3301, 0x2284, 0x09EC, 0x0A10, 0x020F, 0x0A4D, 0x0210, 0x0212, 0x01F1, 0x0A2F, 0x0A2E, 0x22AB, 0x0A2F, 0x0212, 0x0211, 0x0211,
    0x0211, 0x0211, 0x0211, 0x0212, 0x0212, 0x0212, 0x0212, 0x0212, 0x0212, 0x0211, 0x0211, 0x0211, 0x0211, 0x0212, 0x0212, 0x0212,
    0x0211, 0x0211, 0x0212, 0x0212, 0x0212, 0x0212, 0x0212, 0x0212, 0x0212, 0x0212, 0x0212, 0x0212, 0x0212, 0x0212, 0x0212, 0x0212,
    0x0212, 0x0212, 0x0212, 0x0212, 0x0212, 0x0212, 0x0212, 0x01F2, 0x020F, 0x6429, 0x94E5, 0x7C63, 0x6443, 0x6483, 0x6462, 0x6C83,
    0x5BE3, 0x4B45, 0x5326, 0x42A5, 0x4AE5, 0x4AA4, 0x3201, 0x3202, 0x3241, 0x4302, 0x6404, 0x6C44, 0x7C64, 0x8C84, 0x84A4, 0x6422,
    0x5C22, 0x6463, 0x3B01, 0x6403, 0x7CA4, 0x7C83, 0x84C5, 0x6C06, 0x8486, 0x8C64, 0x8466, 0x7408, 0x4329, 0x32C8, 0x6C45, 0x84C4,
    0x84C5, 0x94C5, 0xA4C7, 0xB4C8, 0xCCEA, 0xCCEB, 0xBCE9, 0xC54A, 0x9CAC, 0x4BAC, 0x43EB, 0xAD6C, 0xF62F, 0xE58C, 0xE58C, 0xE56C,
    0xEDAD, 0xD58D, 0xCD8E, 0xF62F, 0xEDEE, 0xF62F, 0xF64F, 0xDD8D, 0xDD6D, 0xE56D, 0xE58D, 0xDD6C, 0xDD4B, 0xDD4B, 0xBD2C, 0x9CCC,
    0xBD4D, 0xAD0C, 0x948B, 0xCD4B, 0xBCE9, 0x9C68, 0xB4CA, 0xA448, 0x93C6, 0xAC8A, 0xDDCE, 0xF650, 0xCD0C, 0x9C09, 0x9BE9, 0xAC2A,
    0xC4CC, 0xDD8E, 0xD54D, 0xDD4D, 0xDD4C, 0xCD0B, 0xA447, 0x8BC5, 0xA448, 0xD50B, 0xDD2B, 0xDD0B, 0xDD0B, 0xD4EA, 0xD4EA, 0xD4EB,
    0xD4EB, 0xD4EB, 0xD50B, 0xDD2C, 0xE58D, 0xDD4C, 0xCD2B, 0xA4A7, 0x63C3, 0x5B83, 0x8C66, 0x9CA7, 0xA4E8, 0x8CC5, 0x6C63, 0x5403,
    0x2AC0, 0x3B42, 0x5422, 0x5401, 0x4C01, 0x43E1, 0x3321, 0x2AA1, 0x32C1, 0x2267, 0x0231, 0x0212, 0x0A2F, 0x2289, 0x0A2E, 0x0212,
    0x0212, 0x0212, 0x0212, 0x0212, 0x0211, 0x0231, 0x0231, 0x0212, 0x0212, 0x0212, 0x0212, 0x0212, 0x0211, 0x0211, 0x0212, 0x0212,
    0x0212, 0x0212, 0x0212, 0x0212, 0x0212, 0x0212, 0x0212, 0x0212, 0x0212, 0x0212, 0x0211, 0x0211, 0x0211, 0x0211, 0x0211, 0x0211,
    0x0211, 0x0211, 0x0212, 0x0212, 0x0212, 0x0212, 0x0212, 0x0212, 0x0212, 0x0211, 0x0212, 0x0212, 0x0212, 0x0211, 0x0212, 0x0211,
    0x0212, 0x0211, 0x0212, 0x0211, 0x0212, 0x0211, 0x0212, 0x0212, 0x0212, 0x0212, 0x0212, 0x0212, 0x0212, 0x0212, 0x0212, 0x0212,
    0x0212, 0x0212, 0x0212, 0x0212, 0x0212, 0x0212, 0x0212, 0x0212, 0x0212, 0x0212, 0x0212, 0x0212, 0x0212, 0x0212, 0x124B, 0x3AE3,
    0x2202, 0x7366, 0xCD0B, 0xBD0A, 0x83E5, 0x6B84, 0x3200, 0x5284, 0x6AE5, 0x8B86, 0x8BA6, 0xC4EA, 0xCD29, 0xCD49, 0xCD29, 0xCD49,
    0xB507, 0xACC7, 0x9CC5, 0x9503, 0x84E3, 0x7CC2, 0x74A2, 0x6462, 0x5C42, 0x4BC1, 0x4BA2, 0x3B42, 0x4361, 0x4341, 0x3AE4, 0x2A87,
    0x32C9, 0x1A48, 0x1A48, 0x1A66, 0x32E2, 0x3301, 0x2B21, 0x2B21, 0x3361, 0x3B81, 0x5423, 0x6484, 0x4BC2, 0x32E1, 0x2AA1, 0x3B21,
    0x3300, 0x2AC2, 0x2286, 0x1A4B, 0x1249, 0x1A68, 0x0210, 0x0212, 0x0212, 0x0212, 0x0212, 0x0211, 0x0212, 0x0212, 0x0211, 0x0211,
    0x0211, 0x0212, 0x0212, 0x0212, 0x0212, 0x0212, 0x0212, 0x0212, 0x0212, 0x0211, 0x0211, 0x0211, 0x0211, 0x0211, 0x0212, 0x0211,
    0x0212, 0x0211, 0x0212, 0x0211, 0x0212, 0x0212, 0x0212, 0x0212, 0x0212, 0x0212, 0x0212, 0x0212, 0x0212, 0x0212, 0x0212, 0x0212,
    0x0212, 0x0212, 0x0212, 0x0212, 0x0211, 0x0211, 0x0211, 0x0231, 0x01F2, 0x226C, 0x8D06, 0x6C83, 0x4BE1, 0x4C02, 0x5C42, 0x6423,
    0x5324, 0x5B27, 0x4283, 0x3262, 0x3262, 0x3AA1, 0x3AE4, 0x3242, 0x2A41, 0x4B83, 0x5C03, 0x6444, 0x7464, 0x8C84, 0x8CC4, 0x5BE2,
    0x4B62, 0x6423, 0x4B42, 0x5362, 0x8CE5, 0x84A5, 0x4B6A, 0x01CD, 0x32AA, 0x9487, 0x73C8, 0x120C, 0x01CE, 0x3329, 0x7CE5, 0x74A4,
    0x84E4, 0x9D06, 0xB4C8, 0xBCC9, 0xCCCA, 0xD54B, 0x9468, 0x3B09, 0x0A8E, 0x02AF, 0x032B, 0x8D4D, 0xFE70, 0xEDEE, 0xEDEE, 0xF62F,
    0xCDAF, 0xAD4E, 0xC5CF, 0xEE2F, 0xFE6F, 0xF66F, 0xFF33, 0xF650, 0xEDEF, 0xF5EF, 0xF5EE, 0xEDAD, 0xE58C, 0xCD8D, 0x74AE, 0xD631,
    0xEE50, 0xC56C, 0xB52B, 0xCD6B, 0xA4C9, 0x6C08, 0xA48A, 0x93E7, 0xB4AA, 0xF670, 0xFED1, 0xFEB1, 0xE5CE, 0xD54D, 0xC4EC, 0xC4EC,
    0xBC8B, 0xBC6A, 0xBC8B, 0xC4AB, 0xE58D, 0xE58E, 0xE58D, 0xDD4B, 0xDD2C, 0xE54D, 0xED6D, 0xED6D, 0xE52C, 0xE52C, 0xF58D, 0xED6C,
    0xED4C, 0xED4C, 0xD4EB, 0xC4CA, 0xC4EA, 0xD52C, 0xCD2B, 0xBD2A, 0x8C66, 0x8465, 0xAD29, 0xC56A, 0xAD08, 0x9CE6, 0x7443, 0x5C03,
    0x4342, 0x4382, 0x43C2, 0x43A1, 0x4BE2, 0x43C2, 0x2AE1, 0x2A80, 0x2A64, 0x0A2F, 0x0233, 0x0232, 0x0231, 0x0230, 0x0211, 0x0212,
    0x0212, 0x0212, 0x0211, 0x0A30, 0x0A30, 0x0211, 0x0212, 0x0212, 0x0212, 0x0212, 0x0212, 0x0212, 0x0212, 0x0212, 0x0212, 0x0212,
    0x0212, 0x0212, 0x0212, 0x0212, 0x0212, 0x0212, 0x0212, 0x0212, 0x0212, 0x0211, 0x0211, 0x0211, 0x0211, 0x0211, 0x0211, 0x0211,
    0x0212, 0x0212, 0x0212, 0x0212, 0x0212, 0x0212, 0x0212, 0x0212, 0x0212, 0x0212, 0x0211, 0x0212, 0x0212, 0x0211, 0x0212, 0x0212,
    0x0212, 0x0212, 0x0211, 0x0211, 0x0212, 0x0212, 0x0211, 0x0212, 0x0211, 0x0212, 0x0212, 0x0212, 0x0212, 0x0212, 0x0212, 0x0212,
    0x0212, 0x0212, 0x0212, 0x0212, 0x0212, 0x0212, 0x0212, 0x0212, 0x0212, 0x0212, 0x0212, 0x0212, 0x0211, 0x0212, 0x124C, 0x4B63,
    0x3A42, 0x9C29, 0xBCCA, 0x8BC6, 0x6303, 0x4AA2, 0x4221, 0x62C4, 0x8366, 0x6AE4, 0x62C4, 0x93A7, 0x9C07, 0xBCC8, 0xCD29, 0xCD49,
    0xC549, 0xBD28, 0xA4E6, 0x94E4, 0x8CE3, 0x7CC3, 0x7CC3, 0x6C82, 0x74A3, 0x6C83, 0x5401, 0x4BA1, 0x4B81, 0x4B62, 0x2249, 0x11EC,
    0x4B27, 0x32A9, 0x09EF, 0x09EF, 0x1A69, 0x3302, 0x3300, 0x4361, 0x5C03, 0x5C23, 0x6464, 0x43A2, 0x32E1, 0x32C1, 0x3301, 0x3301,
    0x2265, 0x2A84, 0x2A81, 0x2284, 0x1228, 0x01ED, 0x0211, 0x0211, 0x0212, 0x0211, 0x0212, 0x0212, 0x0212, 0x0212, 0x0212, 0x0212,
    0x0212, 0x0212, 0x0212, 0x0212, 0x0212, 0x0212, 0x0212, 0x0211, 0x0212, 0x0211, 0x0212, 0x0212, 0x0211, 0x0212, 0x01F1, 0x0212,
    0x0212, 0x0212, 0x0212, 0x0211, 0x0212, 0x0212, 0x0212, 0x0212, 0x0212, 0x0212, 0x0212, 0x0212, 0x0212, 0x0212, 0x0212, 0x0212,
    0x0212, 0x0212, 0x0212, 0x0212, 0x0212, 0x0212, 0x0211, 0x0211, 0x0212, 0x126D, 0x7486, 0x74A2, 0x5422, 0x4BE2, 0x4362, 0x4B23,
    0x4AE4, 0x4282, 0x63E3, 0x8D26, 0x84C5, 0x8506, 0x2AAB, 0x224B, 0x42E3, 0x4322, 0x3B22, 0x53E3, 0x6444, 0x7C84, 0x84A4, 0x5362,
    0x4B21, 0x5321, 0x5B62, 0x7424, 0x94E5, 0x6C28, 0x01CE, 0x01F1, 0x09CE, 0x6BAA, 0x844A, 0x224B, 0x2AAB, 0x5BC7, 0x6423, 0x74C4,
    0x7CE4, 0x8504, 0xAD07, 0xBCC9, 0xD50A, 0xACCA, 0x1A2A, 0x01F1, 0x0271, 0x4C2F, 0xCE92, 0xDE50, 0xEE30, 0xF6B3, 0xFEF3, 0xE6D3,
    0x8530, 0x7CEF, 0xF6D3, 0xEE0E, 0xEE6F, 0xDE0C, 0xD60D, 0xEE91, 0xF60F, 0xF5EF, 0xF5AE, 0xF5CE, 0xEDAD, 0xD5AD, 0xC5AF, 0xDDCD,
    0xEDAC, 0xDD6B, 0xB4E8, 0x6B63, 0x4AA2, 0x6B65, 0xACAA, 0xBCAA, 0xE5EF, 0xF670, 0xF670, 0xF630, 0xDD4D, 0xC4CC, 0xC4CC, 0xBC8C,
    0xB42B, 0xBC8B, 0xC4CC, 0xC4AC, 0xB46A, 0xD56E, 0xDD4D, 0xE58E, 0xF5EF, 0xF5EF, 0xF5CE, 0xF5EE, 0xF60F, 0xFE0F, 0xF5EE, 0xFE0F,
    0xF5EE, 0xFDCE, 0xED8D, 0xCCCA, 0xD52B, 0xE58D, 0xD58C, 0xAD09, 0x7C24, 0x9CE7, 0xBD69, 0xCDCB, 0xAD28, 0x8484, 0x7464, 0x53E3,
    0x32C1, 0x3B22, 0x43A2, 0x53E3, 0x6C45, 0x3301, 0x2AA1, 0x32A4, 0x122D, 0x0233, 0x0212, 0x0212, 0x128F, 0x22CC, 0x0231, 0x0213,
    0x0212, 0x0230, 0x124F, 0x0A2F, 0x0211, 0x0212, 0x0211, 0x0212, 0x0211, 0x0212, 0x0211, 0x0211, 0x0212, 0x0212, 0x0212, 0x0212,
    0x0212, 0x0212, 0x0212, 0x0212, 0x0211, 0x0211, 0x0212, 0x0211, 0x0211, 0x0211, 0x0211, 0x0211, 0x0211, 0x0211, 0x0211, 0x0212,
    0x0211, 0x0212, 0x0212, 0x0212, 0x0212, 0x0212, 0x0211, 0x0212, 0x0212, 0x0212, 0x0211, 0x0212, 0x0212, 0x0212, 0x0212, 0x0212,
    0x0212, 0x0212, 0x0211, 0x0211, 0x0211, 0x0211, 0x0211, 0x0212, 0x0212, 0x0212, 0x0212, 0x0212, 0x0212, 0x0212, 0x0212, 0x0212,
    0x0212, 0x0212, 0x0212, 0x0212, 0x0212, 0x0212, 0x0212, 0x0212, 0x0212, 0x0212, 0x0212, 0x0212, 0x0212, 0x01F2, 0x1A6B, 0x4B44,
    0x4243, 0xA408, 0x93A6, 0x8B86, 0xAC48, 0x7B24, 0x5AA3, 0x8385, 0x8BA6, 0x7325, 0x5284, 0x8BC8, 0xBCEC, 0x9BE6, 0xDD8B, 0xAC87,
    0x9C66, 0xC548, 0xAD07, 0xA506, 0x9D05, 0x94E4, 0x84C4, 0x6C82, 0x6C82, 0x6C62, 0x5C22, 0x5402, 0x6402, 0x6C05, 0x1A0C, 0x3AE9,
    0x6C23, 0x4347, 0x01CE, 0x32EA, 0x5386, 0x5BA5, 0x4B64, 0x3B04, 0x3B42, 0x3B41, 0x3321, 0x3301, 0x32E1, 0x32E2, 0x2287, 0x122C,
    0x1A6B, 0x2AC4, 0x0A08, 0x020E, 0x0210, 0x0211, 0x0211, 0x0211, 0x0212, 0x0212, 0x0212, 0x0212, 0x0212, 0x0212, 0x0212, 0x0212,
    0x0212, 0x0212, 0x0212, 0x0212, 0x0212, 0x0212, 0x0212, 0x0212, 0x0212, 0x0211, 0x0211, 0x0212, 0x0212, 0x0212, 0x0211, 0x0212,
    0x0212, 0x0212, 0x0212, 0x0211, 0x0212, 0x0212, 0x0212, 0x0212, 0x0212, 0x0212, 0x0212, 0x0212, 0x0212, 0x0212, 0x0212, 0x0212,
    0x0212, 0x0212, 0x0212, 0x0211, 0x0211, 0x0211, 0x01F1, 0x01F1, 0x01F2, 0x1A8D, 0x5BE3, 0x8D04, 0x8D24, 0x4B81, 0x5B82, 0x8446,
    0x6BA3, 0x4B03, 0x32A7, 0x32C7, 0x4B23, 0x7C65, 0x3ACC, 0x0190, 0x226B, 0x5365, 0x4B21, 0x3AC1, 0x4B63, 0x6403, 0x6423, 0x5BC2,
    0x9505, 0x9CE5, 0xA526, 0x9505, 0x9507, 0x2AAC, 0x01D1, 0x0211, 0x01F1, 0x122F, 0x0A0E, 0x01F1, 0x0211, 0x0A0E, 0x2AC8, 0x4B62,
    0x6423, 0x6443, 0x7C84, 0xA507, 0xBD28, 0x9CA9, 0x122E, 0x0212, 0x020F, 0xA552, 0xFE91, 0xEDEF, 0xF651, 0xF6B3, 0xFF56, 0xEF57,
    0xB5AF, 0xA52D, 0xF6D2, 0xF6B0, 0xF6F1, 0xF6B1, 0xEE0E, 0xE5ED, 0xD5AC, 0xE5AD, 0xEDCE, 0xED8D, 0xE58C, 0xDD6B, 0xDD8C, 0xD54B,
    0xD54B, 0xB4C8, 0x9C46, 0x9427, 0x9427, 0x7BC5, 0x9C68, 0xB50A, 0xC52C, 0xDDAE, 0xE60F, 0xDD8E, 0xEE30, 0xEDEF, 0xC4EC, 0xBC8C,
    0xC4CD, 0xCCEE, 0xC48C, 0xCCCD, 0xCCED, 0xDD8F, 0xDD6E, 0xDDCF, 0xDDAF, 0xE5AE, 0xFE30, 0xFE30, 0xF5EF, 0xF5CE, 0xF5EF, 0xFE30,
    0xFE0F, 0xF5CD, 0xF5CD, 0xED8D, 0xE58D, 0xCD4B, 0xA4A8, 0x8425, 0x94A6, 0xC58A, 0xCDCB, 0xC58A, 0xA527, 0x84A4, 0x6443, 0x3B21,
    0x3B02, 0x4342, 0x2AC1, 0x4BC3, 0x53E3, 0x32E1, 0x2A82, 0x122B, 0x0212, 0x0212, 0x0232, 0x0212, 0x126D, 0x3B44, 0x2AC8, 0x126D,
    0x0A4F, 0x0A2F, 0x0210, 0x0212, 0x0212, 0x0211, 0x0211, 0x0211, 0x0211, 0x0212, 0x01F2, 0x0211, 0x0211, 0x01F1, 0x0212, 0x0212,
    0x0212, 0x0212, 0x0211, 0x0211, 0x0211, 0x0211, 0x0211, 0x0211, 0x0211, 0x0211, 0x0211, 0x0211, 0x0211, 0x0211, 0x0212, 0x0212,
    0x0212, 0x0212, 0x0212, 0x0212, 0x0212, 0x0212, 0x0212, 0x0212, 0x0212, 0x0212, 0x0212, 0x0212, 0x0212, 0x0212, 0x0212, 0x0212,
    0x0212, 0x0212, 0x0211, 0x0212, 0x0212, 0x0211, 0x0211, 0x0212, 0x0212, 0x0212, 0x0212, 0x0212, 0x0212, 0x0212, 0x0212, 0x0212,
    0x0212, 0x0212, 0x0212, 0x0212, 0x0212, 0x0212, 0x0212, 0x0211, 0x0212, 0x0212, 0x0212, 0x0212, 0x0212, 0x0211, 0x2289, 0x3262,
    0x4A83, 0xAC28, 0xC48A, 0xBC8A, 0xBC68, 0xBCA9, 0x8BA5, 0xAC27, 0xC4CA, 0x8BC7, 0x5AA3, 0x8BA8, 0xD56D, 0xBCEA, 0xDD8B, 0xBCE8,
    0x9C25, 0xC549, 0xBD49, 0xA4E6, 0x9D05, 0x8CC4, 0x7C64, 0x6C42, 0x6442, 0x7463, 0x6423, 0x53E1, 0x6C23, 0x6C07, 0x120C, 0x4368,
    0x7422, 0x6C26, 0x2ACB, 0x5BC7, 0x84A5, 0x42E8, 0x2AAA, 0x2289, 0x3B44, 0x3300, 0x3B42, 0x3301, 0x3B23, 0x124B, 0x0211, 0x0212,
    0x0A4F, 0x0A2D, 0x0211, 0x0212, 0x0211, 0x0211, 0x0211, 0x0212, 0x0212, 0x0212, 0x0212, 0x0212, 0x0212, 0x0212, 0x0212, 0x0212,
    0x0212, 0x0212, 0x0212, 0x0212, 0x0212, 0x0212, 0x0212, 0x0212, 0x0212, 0x0212, 0x0212, 0x0212, 0x0212, 0x0212, 0x0212, 0x0212,
    0x0211, 0x0211, 0x0212, 0x0212, 0x0212, 0x0212, 0x0212, 0x0212, 0x0212, 0x0212, 0x0212, 0x0212, 0x0212, 0x0212, 0x0212, 0x0212,
    0x0212, 0x0212, 0x0A2F, 0x32E9, 0x3AE7, 0x3287, 0x2A88, 0x2A8A, 0x226B, 0x3B08, 0x63E3, 0x7C84, 0x8CE4, 0x6C05, 0x4B4A, 0x63AB,
    0x5327, 0x224B, 0x01D0, 0x016F, 0x2A88, 0x6BC3, 0x7C27, 0x2AAD, 0x01B1, 0x22AD, 0x5BC8, 0x5BA3, 0x4302, 0x4B22, 0x5383, 0x5382,
    0x7484, 0x84C4, 0x7CA4, 0x7CC4, 0x5C0A, 0x01CF, 0x0211, 0x0211, 0x0211, 0x0211, 0x0212, 0x0212, 0x0212, 0x0233, 0x0231, 0x1A6B,
    0x32A4, 0x4B03, 0x5B84, 0x63C4, 0x7C44, 0x8446, 0x228D, 0x0212, 0x01F1, 0x3B31, 0xEEF6, 0xFED3, 0xF692, 0xFF14, 0xFF97, 0xFFD8,
    0xE62D, 0xE62D, 0xFEF2, 0xFEF2, 0xFE91, 0xFE30, 0xFE0F, 0xF5EE, 0xE5CC, 0xD56A, 0xCD4B, 0xE5ED, 0xD56C, 0xDD8C, 0xCD4B, 0xBD0A,
    0xAC88, 0x8BE6, 0x9427, 0xA468, 0x8C27, 0x7BC5, 0x6B84, 0x7BE6, 0x83E6, 0x8BE6, 0x8387, 0x9BE9, 0x9BC9, 0xA409, 0xB46B, 0xBCAC,
    0xAC0A, 0xCCCD, 0xDD2E, 0xCCEE, 0xCCEE, 0xDD4F, 0xD50E, 0xC4CC, 0xCCED, 0xD4ED, 0xD50D, 0xE54E, 0xF5AF, 0xF651, 0xFE91, 0xFE30,
    0xFE50, 0xFEB1, 0xFE6F, 0xFDEE, 0xEDAD, 0xBD0A, 0x8426, 0xB54A, 0xDDED, 0xCDAB, 0xBD69, 0xAD48, 0x84A4, 0x6443, 0x53E2, 0x4BC2,
    0x3B42, 0x2AC1, 0x2AA1, 0x2A82, 0x2AC2, 0x2A83, 0x120A, 0x01F1, 0x0211, 0x0212, 0x0212, 0x0A4F, 0x3308, 0x32E1, 0x32E1, 0x3306,
    0x124D, 0x0211, 0x0212, 0x0212, 0x0211, 0x0211, 0x0211, 0x01F1, 0x0211, 0x0211, 0x0211, 0x0211, 0x0211, 0x0211, 0x0211, 0x0212,
    0x0211, 0x0212, 0x0211, 0x0211, 0x0212, 0x0211, 0x0211, 0x0211, 0x0211, 0x0211, 0x0211, 0x0211, 0x0211, 0x0211, 0x0211, 0x0211,
    0x0212, 0x0212, 0x0212, 0x0212, 0x0212, 0x0212, 0x0212, 0x0212, 0x0212, 0x0212, 0x0212, 0x0212, 0x0212, 0x0212, 0x0212, 0x0212,
    0x0212, 0x0212, 0x0212, 0x0212, 0x0212, 0x0211, 0x0212, 0x0212, 0x0212, 0x0212, 0x0212, 0x0212, 0x0212, 0x0212, 0x0212, 0x0212,
    0x0212, 0x0212, 0x0212, 0x0212, 0x0212, 0x0212, 0x0212, 0x0212, 0x0212, 0x0212, 0x0212, 0x0212, 0x0212, 0x0211, 0x2268, 0x2A01,
    0x5AA4, 0x9BA7, 0xCCCB, 0xBC49, 0xBC49, 0xCCCA, 0xDD6C, 0xC4A9, 0xAC69, 0x7324, 0x8386, 0x9C09, 0xCD2C, 0xDD6C, 0xC4E9, 0xC509,
    0xC549, 0xC549, 0xBD49, 0xB527, 0x94E5, 0x8484, 0x7C63, 0x6C62, 0x6462, 0x6C62, 0x7463, 0x6422, 0x7C83, 0x6C08, 0x01CD, 0x4B68,
    0x84A3, 0x8CC4, 0x6407, 0x4B89, 0x3B0A, 0x3B27, 0x53C4, 0x4BA2, 0x4362, 0x4342, 0x3B01, 0x3B21, 0x3306, 0x01EF, 0x0212, 0x0211,
    0x0212, 0x0212, 0x0212, 0x0211, 0x0211, 0x0212, 0x0212, 0x0212, 0x0212, 0x0212, 0x0212, 0x0212, 0x0212, 0x0211, 0x0212, 0x0212,
    0x0212, 0x0212, 0x0212, 0x0212, 0x0212, 0x0212, 0x0212, 0x0212, 0x0212, 0x0212, 0x0212, 0x0212, 0x0212, 0x0212, 0x0212, 0x0212,
    0x0212, 0x0212, 0x0212, 0x0212, 0x0212, 0x0212, 0x0212, 0x0212, 0x0212, 0x0212, 0x0212, 0x0212, 0x0212, 0x0212, 0x0212, 0x0212,
    0x0212, 0x0212, 0x124D, 0x5B64, 0x5321, 0x73A3, 0xA487, 0x8BE5, 0x7385, 0x7BC5, 0x5B02, 0x5303, 0x52E2, 0x5307, 0x0A10, 0x01D1,
    0x01F0, 0x01D1, 0x0A10, 0x224E, 0x120D, 0x63E8, 0x7403, 0x63C8, 0x0A30, 0x01F2, 0x0A51, 0x3B2C, 0x5B86, 0x4B02, 0x63C4, 0x5BE3,
    0x4322, 0x5BA3, 0x63E2, 0x7445, 0x1A8B, 0x01F2, 0x0212, 0x0212, 0x01F2, 0x0211, 0x0211, 0x0212, 0x0212, 0x0212, 0x0232, 0x0232,
    0x122D, 0x2A24, 0x3A63, 0x3242, 0x3A82, 0x6BA5, 0x5B6B, 0x01F0, 0x0253, 0x01F1, 0x4371, 0xE6F6, 0xFF56, 0xFF35, 0xEF36, 0xDE73,
    0xE62E, 0xDDEC, 0xFED1, 0xFE91, 0xFE51, 0xF631, 0xFE30, 0xFE0E, 0xF5EE, 0xEDEC, 0xDDAB, 0xAC88, 0xA467, 0x9C47, 0x8C06, 0x7BC5,
    0x6344, 0x436A, 0x742C, 0x83C8, 0x7B47, 0x7326, 0x7B88, 0x7B87, 0x8BA8, 0x8BA9, 0x9BEA, 0xBCCE, 0xD550, 0xD591, 0xDD91, 0xE5B2,
    0xDD91, 0xD550, 0xDD90, 0xDD4F, 0xDD4F, 0xDD2F, 0xDD2E, 0xDD0D, 0xDD4E, 0xE590, 0xDD6F, 0xDD2E, 0xFE51, 0xFEB2, 0xFE50, 0xF5CE,
    0xFE70, 0xFE70, 0xF60E, 0xEDCD, 0xDD6C, 0xB4E9, 0x73E4, 0xA508, 0xCDCB, 0xB548, 0xA4E7, 0x8CA5, 0x6C43, 0x53E2, 0x4BA2, 0x3B42,
    0x32C1, 0x4303, 0x2A67, 0x09CC, 0x120D, 0x0A0E, 0x01F1, 0x0211, 0x0211, 0x0212, 0x0211, 0x22AB, 0x2287, 0x32E5, 0x2266, 0x01EF,
    0x0212, 0x0212, 0x0212, 0x0212, 0x0211, 0x0211, 0x0211, 0x0211, 0x0211, 0x0211, 0x01F1, 0x0211, 0x0211, 0x0211, 0x0211, 0x01F1,
    0x01F1, 0x01F1, 0x0211, 0x0212, 0x0211, 0x01F1, 0x0211, 0x0211, 0x0211, 0x0212, 0x0211, 0x0212, 0x0211, 0x0211, 0x0211, 0x0212,
    0x0212, 0x0212, 0x0212, 0x0212, 0x0212, 0x0212, 0x0212, 0x0212, 0x0212, 0x0212, 0x0212, 0x0212, 0x0212, 0x0212, 0x0211, 0x0212,
    0x0212, 0x0211, 0x0211, 0x0212, 0x0212, 0x0212, 0x0212, 0x0211, 0x0212, 0x01F2, 0x0212, 0x0212, 0x0212, 0x0212, 0x0212, 0x0212,
    0x0212, 0x0212, 0x0212, 0x0212, 0x0212, 0x0212, 0x0212, 0x0212, 0x0212, 0x0212, 0x0212, 0x0212, 0x0212, 0x0211, 0x2268, 0x3A63,
    0x8346, 0xA3C7, 0xBC6A, 0xC4AB, 0xC48A, 0xAC29, 0xAC08, 0xAC29, 0x93E7, 0x7B65, 0xCD4D, 0xF651, 0xDDCF, 0xCD4D, 0xB489, 0xC4E9,
    0xCD29, 0xCD69, 0xC548, 0xBD48, 0x9CE6, 0x8464, 0x8464, 0x7463, 0x6C42, 0x6C62, 0x7483, 0x6422, 0x6442, 0x7465, 0x4349, 0x6C26,
    0x7C82, 0x6C24, 0x32E9, 0x22CA, 0x3B66, 0x4BE3, 0x3B60, 0x3B21, 0x32E1, 0x2AC1, 0x3B21, 0x3AE2, 0x2AA6, 0x0A0E, 0x0212, 0x0211,
    0x0211, 0x0211, 0x0211, 0x0211, 0x0211, 0x0211, 0x0211, 0x0212, 0x0211, 0x0211, 0x0211, 0x0212, 0x0211, 0x0211, 0x0212, 0x0212,
    0x0212, 0x0212, 0x0212, 0x0212, 0x0212, 0x0212, 0x0212, 0x0212, 0x0212, 0x0212, 0x0212, 0x0212, 0x0212, 0x0212, 0x0212, 0x0212,
    0x0212, 0x0212, 0x0212, 0x0212, 0x0212, 0x0212, 0x0212, 0x0212, 0x0212, 0x0212, 0x0212, 0x0212, 0x0212, 0x0212, 0x0212, 0x0212,
    0x0212, 0x0212, 0x0A2F, 0x5B67, 0x8405, 0xAC87, 0xDD4A, 0xBCC9, 0x7344, 0xB4A8, 0xCCE9, 0x9C27, 0x6326, 0x328B, 0x0231, 0x0212,
    0x0211, 0x01F1, 0x120F, 0x224D, 0x01D1, 0x124F, 0x5B89, 0x73E5, 0x842A, 0x536E, 0x0210, 0x0212, 0x3AEC, 0x6364, 0x6BA4, 0x63A3,
    0x5302, 0x5302, 0x7C04, 0x94C6, 0x4B49, 0x124F, 0x0A31, 0x0A2F, 0x226B, 0x3287, 0x3AC8, 0x2A8B, 0x0A2F, 0x0232, 0x0212, 0x0211,
    0x122E, 0x3AA5, 0x4262, 0x5AE4, 0x6345, 0x52C3, 0x6344, 0x32ED, 0x0212, 0x0233, 0x22F2, 0x4BF0, 0x9D73, 0xFF55, 0xEED4, 0xC590,
    0xFED2, 0xE5EC, 0xE5ED, 0xFE90, 0xFE71, 0xFE50, 0xFE2F, 0xEDCC, 0xE5AC, 0xEDCC, 0xAC88, 0x5AE3, 0x6343, 0x6B64, 0x6B45, 0x8BC7,
    0x9429, 0x9C8D, 0x8BAA, 0x8B69, 0xA44B, 0xB4AC, 0xCD0D, 0xCD4E, 0xDDAF, 0xBCAD, 0xC4CE, 0xDDD1, 0xEE34, 0xE613, 0xE5F3, 0xE5D2,
    0xF653, 0xE612, 0xD54F, 0xE5AF, 0xEDD0, 0xF5F0, 0xF610, 0xFE31, 0xF5F0, 0xF5D0, 0xEDAF, 0xF651, 0xEE50, 0xDDAF, 0xDD6D, 0xE56D,
    0xE54C, 0xD52B, 0xC4CA, 0xB489, 0xA468, 0x6B84, 0x5B82, 0x7464, 0x84A4, 0x8CA4, 0x7C64, 0x6C43, 0x5402, 0x3B41, 0x3B41, 0x3B22,
    0x3AC1, 0x3287, 0x0210, 0x0212, 0x0212, 0x0211, 0x0211, 0x0211, 0x0211, 0x0212, 0x0230, 0x124D, 0x0A10, 0x0A30, 0x0A30, 0x0212,
    0x0212, 0x0212, 0x0211, 0x0211, 0x0211, 0x0211, 0x0211, 0x0211, 0x0211, 0x0211, 0x0211, 0x0211, 0x0211, 0x0211, 0x0211, 0x0212,
    0x0211, 0x0211, 0x0211, 0x0212, 0x0212, 0x0211, 0x0212, 0x0211, 0x0211, 0x0212, 0x0212, 0x0212, 0x0211, 0x0211, 0x0211, 0x0212,
    0x0211, 0x0212, 0x0212, 0x0212, 0x0212, 0x0211, 0x0211, 0x0212, 0x0212, 0x0211, 0x0211, 0x0212, 0x0212, 0x0212, 0x0212, 0x0211,
    0x0211, 0x0211, 0x0211, 0x0211, 0x0211, 0x0212, 0x0212, 0x0212, 0x0212, 0x01F2, 0x0212, 0x0212, 0x0212, 0x0212, 0x0212, 0x0212,
    0x0212, 0x0212, 0x0212, 0x0212, 0x0212, 0x0212, 0x0212, 0x0212, 0x0212, 0x0212, 0x0212, 0x0212, 0x0212, 0x0212, 0x226A, 0x3223,
    0x5A64, 0x9387, 0xB46B, 0xBC8C, 0xC48B, 0xAC28, 0xAC49, 0xDDD1, 0xBD0D, 0x93C7, 0xA46A, 0xBCCB, 0xC54D, 0x8386, 0x8BA6, 0xCD2A,
    0xCD4A, 0xC529, 0xB4E8, 0x9CC6, 0x8484, 0x8484, 0x7C64, 0x6C63, 0x6C83, 0x6462, 0x6442, 0x5422, 0x5421, 0x6441, 0x7482, 0x7482,
    0x7482, 0x84A4, 0x6C45, 0x5C42, 0x5421, 0x4BC1, 0x4B81, 0x4341, 0x4341, 0x4343, 0x32C7, 0x120B, 0x01EE, 0x0211, 0x0212, 0x0211,
    0x0211, 0x0211, 0x0211, 0x0212, 0x0211, 0x0211, 0x0212, 0x0211, 0x0211, 0x0211, 0x0211, 0x0211, 0x0212, 0x0212, 0x0211, 0x0211,
    0x0212, 0x0212, 0x0212, 0x0212, 0x0212, 0x0212, 0x0212, 0x0212, 0x0212, 0x0212, 0x0212, 0x0212, 0x0212, 0x0212, 0x0212, 0x0212,
    0x0212, 0x0212, 0x0212, 0x0212, 0x0212, 0x0212, 0x0212, 0x0212, 0x0212, 0x0212, 0x0212, 0x0212, 0x0212, 0x0212, 0x0212, 0x0212,
    0x0212, 0x0212, 0x0A2F, 0x52E6, 0x9446, 0xAC87, 0xB488, 0x9C06, 0xA447, 0x9C06, 0xAC67, 0x7BAA, 0x1A0D, 0x01D0, 0x01F1, 0x0212,
    0x0212, 0x01F2, 0x2AAE, 0x4B2C, 0x01F0, 0x0212, 0x0211, 0x2A8D, 0x6B87, 0xA488, 0x8C4D, 0x2AB0, 0x32CD, 0x7C06, 0x6363, 0x6B65,
    0x6367, 0x42C9, 0x4AE9, 0x844A, 0x434B, 0x436C, 0x63C8, 0x5B66, 0x6B84, 0x7BC4, 0x8C04, 0x73A4, 0x4AE5, 0x42E8, 0x3ACA, 0x42C9,
    0x52E7, 0x6B45, 0x7324, 0x6303, 0x7BA5, 0xA488, 0x93E6, 0x8C07, 0x3AEF, 0x0213, 0x0A71, 0x6473, 0xA572, 0xF6D4, 0xFED3, 0xFED2,
    0xFE71, 0xFE71, 0xF670, 0xF691, 0xF650, 0xF62F, 0xEE0E, 0xCD4A, 0xBD09, 0xDDEC, 0xACA7, 0xA4E8, 0xAD08, 0x8C26, 0x83A9, 0xAC4C,
    0x8B28, 0x93A9, 0xA409, 0xD58F, 0xDDF0, 0xEE71, 0xEE50, 0xF691, 0xFF13, 0xF6B2, 0xEE72, 0xEE73, 0xE632, 0xEE94, 0xEE53, 0xDDB1,
    0xDDD0, 0xE5F0, 0xE5F1, 0xEDF0, 0xEDF0, 0xE58F, 0xF611, 0xF5F0, 0xF5CF, 0xF60F, 0xFE50, 0xEE0F, 0xD54C, 0xDD8D, 0xD54D, 0xBCCA,
    0xAC69, 0xB4A9, 0xB4A9, 0x9C28, 0x7385, 0x4AE3, 0x4302, 0x63E2, 0x7CA4, 0x5387, 0x5385, 0x7483, 0x4B81, 0x3B41, 0x4362, 0x3AE1,
    0x3283, 0x1A4D, 0x0212, 0x0211, 0x0211, 0x0211, 0x0211, 0x0211, 0x0211, 0x0211, 0x0210, 0x2AA9, 0x1A6A, 0x0211, 0x0212, 0x0212,
    0x0212, 0x0212, 0x0212, 0x0211, 0x0211, 0x0211, 0x0211, 0x0211, 0x0211, 0x0211, 0x0211, 0x0211, 0x0211, 0x0211, 0x0211, 0x0211,
    0x0211, 0x0212, 0x0211, 0x0211, 0x0212, 0x0212, 0x0212, 0x0211, 0x0212, 0x0212, 0x0212, 0x0212, 0x0212, 0x0211, 0x0211, 0x0211,
    0x0211, 0x0211, 0x0211, 0x0212, 0x0211, 0x0212, 0x01F1, 0x0212, 0x0212, 0x0212, 0x0211, 0x0212, 0x0212, 0x0212, 0x0212, 0x0211,
    0x0211, 0x0211, 0x0211, 0x0211, 0x0211, 0x0212, 0x0212, 0x0212, 0x0212, 0x0212, 0x0211, 0x0212, 0x0212, 0x0212, 0x0212, 0x0212,
    0x0212, 0x0212, 0x0212, 0x0212, 0x0212, 0x0212, 0x0212, 0x0212, 0x0212, 0x0212, 0x0212, 0x0212, 0x0212, 0x0211, 0x1A2A, 0x5AE4,
    0x7B04, 0x6AA4, 0xAC6B, 0xBCAC, 0xC4CC, 0xBC6A, 0xB469, 0xCD90, 0xE652, 0x9C07, 0x9C08, 0xB4CB, 0x9C28, 0x6B44, 0x7345, 0xC4E9,
    0xCD09, 0xCD49, 0xC529, 0xB4E7, 0x9CA5, 0x94A5, 0x8C84, 0x6C42, 0x6462, 0x5C62, 0x5C42, 0x5C42, 0x6462, 0x6C62, 0x6462, 0x6462,
    0x6C62, 0x84A4, 0x6C62, 0x4BE0, 0x4BE1, 0x4381, 0x4B61, 0x5BE2, 0x5BC2, 0x4B66, 0x09EE, 0x01F1, 0x0211, 0x0211, 0x0211, 0x0211,
    0x0211, 0x0211, 0x0211, 0x0211, 0x0211, 0x0211, 0x0211, 0x0211, 0x0211, 0x0211, 0x0211, 0x0211, 0x0212, 0x0212, 0x0211, 0x0212,
    0x0212, 0x0212, 0x0212, 0x0212, 0x0212, 0x0212, 0x0212, 0x0212, 0x0212, 0x0212, 0x0212, 0x0212, 0x0212, 0x0212, 0x0211, 0x0211,
    0x0212, 0x0212, 0x0212, 0x0212, 0x0212, 0x0212, 0x0212, 0x0212, 0x0211, 0x0212, 0x0212, 0x0212, 0x0212, 0x0212, 0x0212, 0x0212,
    0x0212, 0x01F2, 0x226D, 0x6B65, 0x9445, 0x9C25, 0xA446, 0xCCE9, 0xD52A, 0xA427, 0x6B26, 0x120E, 0x01B0, 0x2290, 0x1230, 0x0211,
    0x0212, 0x01F2, 0x42ED, 0x73EC, 0x01D0, 0x0212, 0x0212, 0x0212, 0x120F, 0x5B49, 0x5B2B, 0x3AEF, 0x1A4E, 0x6388, 0x6B84, 0x5B26,
    0x222C, 0x0A10, 0x1A2C, 0x6347, 0x6345, 0x73C6, 0x9445, 0xB4C7, 0xC509, 0xCD29, 0xC508, 0xACA7, 0x8BC4, 0x83C4, 0x83A5, 0x7B64,
    0x7B65, 0x8B85, 0x93A6, 0xA448, 0x6B43, 0x7B84, 0xD56B, 0xBD2C, 0x32AE, 0x0233, 0x0210, 0x94F2, 0xE651, 0xEE32, 0xF652, 0xFE71,
    0xFE51, 0xFE50, 0xFE91, 0xFE91, 0xF670, 0xE60E, 0xE60D, 0xDDCC, 0xDDCC, 0xBCE9, 0xAC88, 0x9407, 0x8388, 0x8369, 0x8B6A, 0x9BAA,
    0xC4EC, 0xCD4D, 0xDDF0, 0xF6F4, 0xFEF4, 0xFEF3, 0xFEF3, 0xFED3, 0xFEB2, 0xFEF3, 0xFF14, 0xFF76, 0xFF76, 0xFF14, 0xF6B3, 0xEE93,
    0xEE93, 0xEE72, 0xE611, 0xD58F, 0xE611, 0xF673, 0xEE11, 0xF5F0, 0xF58D, 0xF60E, 0xFE6F, 0xF62F, 0xF64F, 0xFE0F, 0xE58E, 0xD54C,
    0xCD4C, 0xC4EA, 0xB4CA, 0x8C07, 0x6323, 0x63A3, 0x63E2, 0x6C44, 0x32E9, 0x120C, 0x5387, 0x4346, 0x2A87, 0x4BA5, 0x5BE2, 0x32A4,
    0x120D, 0x0232, 0x0212, 0x0212, 0x0212, 0x0212, 0x0212, 0x0211, 0x0211, 0x0211, 0x01F0, 0x2AA6, 0x32A4, 0x020F, 0x0212, 0x0211,
    0x0212, 0x0212, 0x0211, 0x0211, 0x0211, 0x0211, 0x0211, 0x0211, 0x0211, 0x0211, 0x0212, 0x0211, 0x0211, 0x0211, 0x0211, 0x0211,
    0x0211, 0x0211, 0x0211, 0x0211, 0x0212, 0x0212, 0x0212, 0x0212, 0x0212, 0x0211, 0x0212, 0x0212, 0x0212, 0x0212, 0x0211, 0x0211,
    0x0211, 0x0211, 0x0211, 0x0212, 0x0212, 0x0212, 0x0212, 0x0212, 0x0212, 0x0212, 0x0212, 0x0212, 0x0212, 0x0211, 0x0211, 0x0211,
    0x0211, 0x0211, 0x0211, 0x0211, 0x0212, 0x0212, 0x0212, 0x0212, 0x0212, 0x0212, 0x0211, 0x0212, 0x0212, 0x0212, 0x0212, 0x0212,
    0x0212, 0x0212, 0x0212, 0x0212, 0x0212, 0x0212, 0x0212, 0x0212, 0x0212, 0x0212, 0x0212, 0x0212, 0x0212, 0x0212, 0x0A2D, 0x5B25,
    0x9BE6, 0x5A42, 0x9C09, 0xCD2E, 0xBC6A, 0xB46A, 0xAC29, 0xBCCC, 0xCD6F, 0x9BE7, 0xCCEC, 0xB48A, 0x9407, 0x7BA6, 0x62C4, 0xAC68,
    0xCD29, 0xCD29, 0xC508, 0xC508, 0xB4E7, 0x9CA5, 0x8C84, 0x7483, 0x6482, 0x5C42, 0x6442, 0x6C82, 0x6C62, 0x6C62, 0x6442, 0x4C01,
    0x5421, 0x6442, 0x4C01, 0x4401, 0x3B81, 0x4341, 0x53A2, 0x4B81, 0x4B85, 0x1A6C, 0x01F1, 0x0211, 0x0211, 0x0211, 0x0211, 0x0212,
    0x0211, 0x0211, 0x0211, 0x0211, 0x0211, 0x0211, 0x0211, 0x0211, 0x0211, 0x0211, 0x0211, 0x0211, 0x0211, 0x0211, 0x0211, 0x0211,
    0x0211, 0x0211, 0x0212, 0x0212, 0x0212, 0x0212, 0x0212, 0x0212, 0x0212, 0x0212, 0x0212, 0x0212, 0x0212, 0x0212, 0x0211, 0x0211,
    0x0212, 0x0A31, 0x0211, 0x0211, 0x0212, 0x0212, 0x0212, 0x0212, 0x0212, 0x0212, 0x0212, 0x0212, 0x0212, 0x0212, 0x0212, 0x0212,
    0x0212, 0x01F1, 0x42EB, 0x9C86, 0xA486, 0xBD08, 0xAC66, 0xBC68, 0xDD2B, 0xDD4A, 0x83CA, 0x09EF, 0x0A11, 0x1A50, 0x0A10, 0x0211,
    0x0212, 0x01F2, 0x32AF, 0x3AEE, 0x01F1, 0x0212, 0x01F2, 0x01F2, 0x01D2, 0x3AAD, 0x430D, 0x01F1, 0x0232, 0x226D, 0x4AA4, 0x6345,
    0x32AB, 0x01F0, 0x1A2D, 0x7387, 0x9C25, 0xA446, 0xAC87, 0xCD2A, 0xEDED, 0xCD2A, 0xD52A, 0xD529, 0xCD09, 0xB4A8, 0x8364, 0x7B44,
    0x8365, 0x7B67, 0x93EA, 0xAC29, 0xB489, 0x8BC5, 0xB4A7, 0x7BEB, 0x01F0, 0x0232, 0x01F1, 0x1A2E, 0xCE33, 0xEE51, 0xE5D0, 0xFE51,
    0xFE50, 0xFE50, 0xFE50, 0xFE70, 0xF64F, 0xEE4F, 0xEE4F, 0xE5ED, 0xA468, 0x7345, 0x62C5, 0x62A6, 0x93ED, 0x8BCC, 0x9BEC, 0xA40A,
    0xCD4D, 0xD56D, 0xEE72, 0xFF14, 0xFED3, 0xFED3, 0xFEB2, 0xFEB3, 0xFEB2, 0xFEF3, 0xFF35, 0xEEB4, 0xDE12, 0xD5D1, 0xDDF1, 0xD5F1,
    0xC54F, 0xCD90, 0xC52F, 0xC50F, 0xA42B, 0xA46A, 0xDDCF, 0xF611, 0xF630, 0xFE6F, 0xFE6F, 0xDD8D, 0xD52B, 0xF5CD, 0xE56D, 0xDD8D,
    0xB4E9, 0x9446, 0x7BE5, 0x6363, 0x7424, 0x8CA5, 0x6BE6, 0x2269, 0x01EF, 0x124E, 0x22AD, 0x01CF, 0x01B0, 0x3B08, 0x6C42, 0x3B05,
    0x0A30, 0x0232, 0x0212, 0x0212, 0x0212, 0x0212, 0x0212, 0x0211, 0x0211, 0x01F2, 0x0A0E, 0x3B05, 0x2245, 0x020F, 0x0212, 0x0211,
    0x0212, 0x0211, 0x0211, 0x0211, 0x0211, 0x0211, 0x0211, 0x0211, 0x0211, 0x0211, 0x0211, 0x0211, 0x0212, 0x0211, 0x0211, 0x0211,
    0x0211, 0x0212, 0x0212, 0x0212, 0x0211, 0x0211, 0x0212, 0x0212, 0x0212, 0x0212, 0x0212, 0x0212, 0x0211, 0x0212, 0x0211, 0x0212,
    0x0211, 0x0211, 0x0211, 0x0211, 0x0211, 0x0211, 0x0212, 0x0212, 0x0212, 0x0212, 0x0212, 0x0212, 0x0212, 0x0212, 0x0211, 0x0212,
    0x0211, 0x0212, 0x0212, 0x0212, 0x0212, 0x0212, 0x0212, 0x0211, 0x0211, 0x0212, 0x0211, 0x0211, 0x0212, 0x0212, 0x0212, 0x0212,
    0x0212, 0x0212, 0x0212, 0x0212, 0x0212, 0x0212, 0x0212, 0x0212, 0x0212, 0x0212, 0x0212, 0x0212, 0x0212, 0x0212, 0x0211, 0x2AAA,
    0xA4A9, 0x8385, 0x7305, 0xC4AC, 0xBC8C, 0xBCAC, 0xB48B, 0xC50D, 0xA429, 0xA409, 0xD50C, 0xB469, 0x8385, 0x7B85, 0x8B86, 0xB468,
    0xD529, 0xC4E7, 0xBCE7, 0xBD07, 0xB4E6, 0x9CC5, 0x8484, 0x7CA3, 0x6C62, 0x5401, 0x53E1, 0x53E1, 0x6C83, 0x6C62, 0x53E1, 0x43A1,
    0x5402, 0x4BE1, 0x43A1, 0x3B61, 0x3B21, 0x4341, 0x4B81, 0x4342, 0x32E8, 0x0A10, 0x0212, 0x0211, 0x0211, 0x0211, 0x0211, 0x0211,
    0x0211, 0x0211, 0x0211, 0x0211, 0x0212, 0x0211, 0x0212, 0x0211, 0x0211, 0x0211, 0x0211, 0x0211, 0x0211, 0x0212, 0x0211, 0x0211,
    0x0211, 0x0212, 0x0212, 0x0212, 0x0212, 0x0212, 0x0212, 0x0212, 0x0212, 0x0212, 0x0212, 0x0212, 0x0212, 0x0212, 0x0212, 0x0212,
    0x0211, 0x0A11, 0x0211, 0x0211, 0x0211, 0x0211, 0x0212, 0x0212, 0x0212, 0x0212, 0x0212, 0x0211, 0x0212, 0x0212, 0x0212, 0x0212,
    0x0212, 0x0212, 0x120D, 0x9CA9, 0xACC6, 0x9C46, 0xB4A7, 0xC4A8, 0xC487, 0xC4C9, 0x532D, 0x0211, 0x0232, 0x0212, 0x0212, 0x0212,
    0x01F2, 0x0212, 0x01F2, 0x01D2, 0x0212, 0x01F2, 0x2290, 0x4B2E, 0x42ED, 0x32AE, 0x1250, 0x0212, 0x0212, 0x01EF, 0x4AC9, 0x6B44,
    0x5309, 0x1A0E, 0x120F, 0x52EB, 0x9C27, 0xBCA8, 0xAC67, 0xA406, 0xCD2A, 0xF64E, 0xC4C9, 0x9BE6, 0xAC47, 0x93C5, 0x8B84, 0x93E5,
    0x9C26, 0x83A8, 0x93E9, 0x9C0A, 0xB48D, 0xCD0C, 0xB488, 0x4B08, 0x0210, 0x0212, 0x0211, 0x122F, 0xDE75, 0xE5EF, 0xC48B, 0xD50C,
    0xF610, 0xFE50, 0xF62F, 0xF62E, 0xF62E, 0xEE2E, 0xEE2E, 0xD58A, 0xBCE8, 0xACC8, 0x93E7, 0x7B26, 0x7B29, 0x8B6A, 0xA42D, 0x938B,
    0x8B88, 0xDE0F, 0xFF14, 0xFF14, 0xFEF3, 0xFED3, 0xFED3, 0xFEF3, 0xFF14, 0xE693, 0xCD91, 0xD591, 0xCD50, 0xCD50, 0xE673, 0xF6F4,
    0xEE92, 0xDDD0, 0xBCCD, 0xBCAC, 0xB48B, 0x8BC7, 0x7BC6, 0x9C69, 0xC52D, 0xF630, 0xF62E, 0xC4CA, 0xE58C, 0xF5ED, 0xEDCE, 0xDD8C,
    0x9C67, 0x73C4, 0x7C04, 0x7C44, 0x84A4, 0x84A4, 0x7C66, 0x432B, 0x0A0E, 0x1A4E, 0x01CF, 0x0211, 0x01D0, 0x330A, 0x5BC4, 0x5BC2,
    0x2AE8, 0x0211, 0x0212, 0x0212, 0x0212, 0x0212, 0x0212, 0x0212, 0x0212, 0x01F1, 0x2AC9, 0x4302, 0x122A, 0x0211, 0x0211, 0x0212,
    0x0212, 0x0211, 0x0211, 0x0211, 0x0211, 0x0211, 0x0211, 0x0211, 0x0211, 0x01F2, 0x0211, 0x0211, 0x0212, 0x01F1, 0x0211, 0x0211,
    0x0211, 0x0211, 0x0211, 0x0211, 0x0211, 0x0212, 0x0212, 0x0212, 0x0212, 0x0212, 0x0212, 0x0212, 0x0212, 0x0211, 0x0211, 0x0212,
    0x0211, 0x0211, 0x0211, 0x0211, 0x0211, 0x0211, 0x0211, 0x0212, 0x0212, 0x0212, 0x0211, 0x0211, 0x0212, 0x0212, 0x0212, 0x0212,
    0x0212, 0x0212, 0x0212, 0x0212, 0x0212, 0x0212, 0x01F2, 0x0212, 0x0212, 0x0212, 0x0212, 0x0212, 0x0212, 0x0212, 0x0212, 0x0212,
    0x0212, 0x0212, 0x0212, 0x0212, 0x0212, 0x0212, 0x0212, 0x0212, 0x0212, 0x0212, 0x0212, 0x0212, 0x0212, 0x0212, 0x0212, 0x01EF,
    0x73CA, 0xBCE9, 0x7B44, 0xAC4A, 0xC4CD, 0xC4ED, 0xB46B, 0xAC2A, 0xB42A, 0xCC8B, 0xD4CC, 0xC4CB, 0x8BA7, 0x7B24, 0x93C8, 0x9386,
    0xC4E9, 0xBCC7, 0xBCE7, 0xBCE6, 0xBD06, 0xA4E5, 0x84A3, 0x8CE3, 0x74A3, 0x5C21, 0x53E2, 0x53C1, 0x6462, 0x6442, 0x6C42, 0x53E2,
    0x5BE2, 0x4381, 0x3B61, 0x4361, 0x3B41, 0x4B81, 0x53C1, 0x5383, 0x1A6B, 0x0211, 0x0212, 0x0212, 0x0211, 0x0212, 0x0212, 0x0211,
    0x0211, 0x0211, 0x0211, 0x0211, 0x0211, 0x0211, 0x0212, 0x0211, 0x0211, 0x0211, 0x0211, 0x0212, 0x0211, 0x0211, 0x0211, 0x0211,
    0x0211, 0x0211, 0x0211, 0x0212, 0x0212, 0x0212, 0x0212, 0x0212, 0x0212, 0x0212, 0x0212, 0x0212, 0x0212, 0x0212, 0x0212, 0x0212,
    0x0212, 0x0212, 0x0212, 0x0211, 0x0A11, 0x0211, 0x0212, 0x0212, 0x0212, 0x0212, 0x0212, 0x0212, 0x0212, 0x0212, 0x0212, 0x0212,
    0x0212, 0x0212, 0x0A0F, 0x534C, 0x5B09, 0xA428, 0xCCE8, 0xB448, 0xAC68, 0x636C, 0x01F1, 0x01F2, 0x01F1, 0x0210, 0x1230, 0x0A0F,
    0x0A0F, 0x122E, 0x120D, 0x42EE, 0x3ACF, 0x0A11, 0x1A70, 0x7C0E, 0x948E, 0x0A0F, 0x0212, 0x0211, 0x0211, 0x01D1, 0x326C, 0x6B69,
    0x2A4C, 0x1230, 0x1230, 0x2A6E, 0x5B09, 0x9C48, 0x9C27, 0x62E5, 0xB468, 0xE5CC, 0x9407, 0x6B25, 0x93C5, 0xC4E8, 0xCD08, 0xD549,
    0xBCE7, 0xA445, 0x9C05, 0xA429, 0x9C0B, 0xCD0C, 0xCD2B, 0x7345, 0x3268, 0x122D, 0x020F, 0x228E, 0xB54F, 0xAC4A, 0xD54E, 0xCD0C,
    0xC4EC, 0xDDAD, 0xEE2E, 0xE60E, 0xEDED, 0xF62D, 0xEE8E, 0xEE2E, 0xE60D, 0xE60D, 0xCD2B, 0x93C9, 0x9BEB, 0x9C0B, 0x940D, 0x9C0E,
    0x8B69, 0xB4ED, 0xC5B0, 0xD5EF, 0xEEB2, 0xFF34, 0xF6F5, 0xE694, 0xE674, 0xCD70, 0xD570, 0xCD6F, 0xCD4E, 0xD58E, 0xD5D0, 0xE651,
    0xEE71, 0xEE30, 0xD56D, 0xD56D, 0xD56D, 0x9C69, 0x73A6, 0x5B24, 0x6B25, 0xBCCB, 0xDD6D, 0xDD8C, 0xDD8C, 0xC50A, 0xB4E9, 0xC52B,
    0x9447, 0x8405, 0x7404, 0x7C84, 0x7CA3, 0x7CA4, 0x9505, 0x8CC7, 0x63E8, 0x8488, 0x430A, 0x0A0F, 0x01F1, 0x01D0, 0x2A89, 0x53A2,
    0x4383, 0x126C, 0x0212, 0x0212, 0x0212, 0x0212, 0x0212, 0x0211, 0x1A6D, 0x2AC9, 0x4B44, 0x32A3, 0x124E, 0x0212, 0x0212, 0x0211,
    0x0212, 0x0211, 0x0211, 0x0211, 0x0211, 0x0211, 0x0211, 0x0212, 0x0211, 0x0212, 0x0212, 0x0211, 0x0211, 0x0211, 0x0211, 0x0211,
    0x0211, 0x0211, 0x0212, 0x0211, 0x0211, 0x0211, 0x0212, 0x0212, 0x0212, 0x0212, 0x0212, 0x0212, 0x0211, 0x0212, 0x0211, 0x0211,
    0x0211, 0x0211, 0x0211, 0x0211, 0x0211, 0x0211, 0x0212, 0x0212, 0x0211, 0x0212, 0x0212, 0x0212, 0x0212, 0x0212, 0x0212, 0x0212,
    0x0212, 0x0212, 0x0212, 0x0212, 0x0211, 0x0211, 0x0212, 0x0212, 0x0212, 0x0212, 0x0212, 0x0212, 0x0212, 0x0212, 0x0212, 0x0212,
    0x0212, 0x0212, 0x0212, 0x0212, 0x0212, 0x0212, 0x0212, 0x0212, 0x0212, 0x0212, 0x0212, 0x0212, 0x0212, 0x0211, 0x0212, 0x01F1,
    0x3AAC, 0xBCCA, 0xBCA8, 0x8B86, 0xB48B, 0xB48C, 0xB44A, 0xCCAC, 0xB3E9, 0xDD0D, 0xE54E, 0xC48B, 0xE5AF, 0x9BC8, 0x6AA4, 0x9386,
    0xBCA8, 0xBCA7, 0xC4E7, 0xC4E6, 0xBCE5, 0xB505, 0x8CC3, 0x7C83, 0x5BE1, 0x5BE1, 0x53E1, 0x7CC3, 0x7CE4, 0x4BC1, 0x53E2, 0x53C2,
    0x4361, 0x4B82, 0x4B62, 0x4341, 0x53A1, 0x5BE2, 0x5BE1, 0x5BC3, 0x1A6B, 0x0212, 0x0212, 0x0212, 0x0212, 0x0212, 0x0212, 0x0212,
    0x0212, 0x0212, 0x0211, 0x0212, 0x0212, 0x0212, 0x0212, 0x0211, 0x0211, 0x0211, 0x0211, 0x0211, 0x0211, 0x0211, 0x0211, 0x0211,
    0x0211, 0x0211, 0x0211, 0x0212, 0x0212, 0x0212, 0x0212, 0x0212, 0x0212, 0x0212, 0x0212, 0x0212, 0x0212, 0x0212, 0x0212, 0x0212,
    0x0211, 0x0212, 0x0212, 0x0212, 0x0212, 0x0212, 0x0212, 0x0212, 0x0212, 0x0212, 0x0212, 0x0212, 0x0212, 0x0212, 0x0212, 0x0212,
    0x0212, 0x0212, 0x0211, 0x01F1, 0x01B0, 0x42AD, 0x42AA, 0x11ED, 0x0A0F, 0x01F1, 0x0A31, 0x42EE, 0x7BCD, 0x940B, 0xAC6B, 0x9429,
    0x9C89, 0xA489, 0xAC48, 0xD52A, 0x942C, 0x09EF, 0x0212, 0x01F0, 0x1A50, 0x0211, 0x0211, 0x0211, 0x0211, 0x01F1, 0x01F0, 0x120E,
    0x122F, 0x0211, 0x0211, 0x1230, 0x224F, 0x2A6D, 0x3AED, 0x09CD, 0x4AEC, 0x5B2B, 0x2A6D, 0x3A8A, 0xB4A8, 0xE5CC, 0xEDED, 0xEE2D,
    0xF64E, 0xEE2E, 0xE5CC, 0xB487, 0xA3E6, 0xB448, 0xD50B, 0xB468, 0xAC89, 0x7387, 0x5B48, 0x6BA9, 0xAC6B, 0xC4ED, 0xD56F, 0xDD4E,
    0xD54E, 0xC4CB, 0xE5EE, 0xF66F, 0xF62D, 0xEDEC, 0xE60E, 0xE5EE, 0xEE0E, 0xEE0E, 0xA409, 0x7B07, 0x72E7, 0x72C6, 0x72C7, 0x9C2E,
    0xA46F, 0x9C0D, 0xAC6E, 0xB4CE, 0xC590, 0xC570, 0xB4CF, 0xC52F, 0xDDB1, 0xDDD0, 0xD56F, 0xDD8F, 0xD54E, 0xCCEC, 0xC4CC, 0xC4EC,
    0xD58F, 0xCD4E, 0xD58E, 0xDDF0, 0xDDF0, 0xCD4C, 0x9C28, 0x8C27, 0x6B44, 0xAC8A, 0xCD2C, 0xD54C, 0xC50A, 0x8C27, 0x4B02, 0x8426,
    0x9468, 0x73C5, 0x5B63, 0x7464, 0x7484, 0x7CA4, 0x7C84, 0x7C84, 0x7C66, 0x2AAA, 0x09EE, 0x01F1, 0x01F1, 0x01F1, 0x226B, 0x5BA3,
    0x4B41, 0x2269, 0x0211, 0x0212, 0x0212, 0x0212, 0x0211, 0x1A6E, 0x3AE5, 0x3281, 0x4B22, 0x4327, 0x020F, 0x0212, 0x0211, 0x0211,
    0x0211, 0x0211, 0x0211, 0x0211, 0x0211, 0x0211, 0x0211, 0x0212, 0x0212, 0x0212, 0x0212, 0x0211, 0x0212, 0x0212, 0x0211, 0x0211,
    0x0211, 0x0211, 0x0211, 0x0212, 0x0212, 0x0211, 0x0212, 0x0212, 0x0212, 0x0212, 0x0212, 0x0212, 0x0211, 0x0212, 0x0211, 0x0211,
    0x0211, 0x0211, 0x0211, 0x0211, 0x0211, 0x0211, 0x0211, 0x0211, 0x0211, 0x0211, 0x0212, 0x0212, 0x0212, 0x0212, 0x0212, 0x0212,
    0x0212, 0x0212, 0x0212, 0x0212, 0x0212, 0x0211, 0x0212, 0x0212, 0x0212, 0x0212, 0x0212, 0x0212, 0x0212, 0x0212, 0x0212, 0x0212,
    0x0212, 0x0212, 0x0212, 0x0212, 0x0212, 0x0212, 0x0212, 0x0212, 0x0212, 0x0212, 0x0212, 0x0212, 0x0212, 0x0212, 0x0212, 0x0212,
    0x01F0, 0x736B, 0xCD09, 0xAC6A, 0xCD4F, 0xC4ED, 0xCCEC, 0xB429, 0xA409, 0xBC8B, 0xF5CF, 0xCCCC, 0xD50C, 0xC48A, 0xA3C7, 0xBC68,
    0xCCC9, 0xC4A8, 0xC4E7, 0xBCC6, 0xBD05, 0xAD04, 0x7C82, 0x6C62, 0x53C2, 0x5BA2, 0x7483, 0x8D04, 0x6C83, 0x4BC1, 0x53C1, 0x53A2,
    0x53A2, 0x4301, 0x3AC1, 0x53A2, 0x5BC2, 0x5BA1, 0x5BE2, 0x4324, 0x1A4C, 0x0211, 0x0212, 0x0212, 0x0212, 0x0212, 0x0212, 0x0212,
    0x0212, 0x0212, 0x0212, 0x0211, 0x0212, 0x0212, 0x0212, 0x0211, 0x0211, 0x0212, 0x0212, 0x0211, 0x0211, 0x0211, 0x0211, 0x0211,
    0x0211, 0x0211, 0x0211, 0x0211, 0x0211, 0x0211, 0x0211, 0x0211, 0x0212, 0x0212, 0x0212, 0x0212, 0x0212, 0x0212, 0x0212, 0x0212,
    0x0212, 0x0212, 0x0212, 0x0212, 0x0212, 0x0212, 0x0211, 0x0212, 0x0212, 0x0212, 0x0212, 0x0212, 0x0212, 0x0212, 0x0212, 0x0212,
    0x0212, 0x0212, 0x0212, 0x0232, 0x01F1, 0x326D, 0x5B2D, 0x224E, 0x2A8F, 0x42CD, 0xAC8D, 0xDD0B, 0xED6C, 0xFE30, 0xF60F, 0xEDEE,
    0xD54A, 0xD529, 0xED6B, 0xF5ED, 0xD5D0, 0x1A4F, 0x0212, 0x0A31, 0x0211, 0x0211, 0x01F1, 0x0211, 0x01F1, 0x01F1, 0x0211, 0x01F1,
    0x1A50, 0x3B0F, 0x2290, 0x0211, 0x0232, 0x0212, 0x01F1, 0x01F1, 0x120F, 0x42EF, 0x0A11, 0x2A6C, 0xCD6D, 0xFEB1, 0xEEB1, 0xEEB2,
    0xF6F2, 0xFEF1, 0xFEB0, 0xEE2D, 0xA406, 0xA3E6, 0xD509, 0xE56C, 0xD50B, 0xD52C, 0xC4EB, 0xBCEC, 0xDDB0, 0xEE94, 0xDDD1, 0xCD0E,
    0xCD2D, 0xBCAB, 0xD54D, 0xEDCD, 0xE5AC, 0xD52A, 0xCCEB, 0xBC6A, 0xC4CB, 0xA3C8, 0x72E6, 0x5A65, 0x5A84, 0x6AE6, 0x7307, 0x7B09,
    0x93CC, 0x9C2E, 0xC511, 0xCD52, 0xBD10, 0xCD51, 0xD550, 0xDDB0, 0xE5D0, 0xE5EF, 0xEE10, 0xE5AF, 0xCD2D, 0xBCAC, 0xC4EB, 0xC4AA,
    0xBCAA, 0xC4CA, 0xBCCA, 0xBCAB, 0xAC69, 0x9C45, 0x9485, 0x7C23, 0x63A3, 0x83E7, 0xBCCB, 0xA469, 0x83E6, 0x7BC6, 0x5B23, 0x7BE6,
    0x9447, 0x6BC4, 0x6403, 0x7483, 0x7483, 0x7483, 0x7CA4, 0x7465, 0x226B, 0x01D1, 0x0212, 0x0211, 0x0211, 0x01F0, 0x32CA, 0x5B83,
    0x3AC2, 0x1A4A, 0x01F1, 0x0230, 0x22AC, 0x2AA8, 0x2AC7, 0x32E4, 0x2A61, 0x2243, 0x32A6, 0x2ACC, 0x0210, 0x0212, 0x0211, 0x0211,
    0x0211, 0x0211, 0x0211, 0x0211, 0x0212, 0x0211, 0x0211, 0x0211, 0x0212, 0x0212, 0x0212, 0x0212, 0x0212, 0x0212, 0x0211, 0x0211,
    0x0212, 0x0212, 0x0211, 0x0212, 0x0212, 0x0212, 0x0212, 0x0212, 0x0212, 0x0212, 0x0212, 0x0212, 0x0211, 0x0212, 0x0212, 0x0212,
    0x0211, 0x0211, 0x0211, 0x0211, 0x0211, 0x0211, 0x0212, 0x0212, 0x0212, 0x0211, 0x0212, 0x0212, 0x0212, 0x0212, 0x0212, 0x0211,
    0x0212, 0x01F2, 0x0212, 0x0211, 0x0212, 0x0212, 0x0212, 0x0212, 0x0212, 0x0212, 0x0212, 0x0212, 0x0212, 0x0212, 0x0212, 0x0212,
    0x0212, 0x0212, 0x0212, 0x0212, 0x0212, 0x0212, 0x0212, 0x0212, 0x0212, 0x0212, 0x0212, 0x0212, 0x0212, 0x0212, 0x0212, 0x0212,
    0x0211, 0x226E, 0x6B68, 0x9C29, 0xCD4E, 0xCD2E, 0xC4CC, 0xCCCB, 0xBC6A, 0x8345, 0xB449, 0xD4EC, 0xC46A, 0xDCCB, 0xDCEB, 0xDCCA,
    0xD50A, 0xD509, 0xCCE8, 0xC4E7, 0xBD26, 0xA4E4, 0x7CA3, 0x5C01, 0x4BA1, 0x4B81, 0x74A3, 0x74A3, 0x5421, 0x53E1, 0x53E1, 0x53C2,
    0x4B82, 0x4B62, 0x53A2, 0x53A2, 0x5381, 0x5BC2, 0x4B44, 0x122B, 0x0211, 0x0212, 0x0212, 0x0211, 0x0212, 0x0212, 0x0212, 0x0212,
    0x0212, 0x0212, 0x0212, 0x0212, 0x0212, 0x0212, 0x0211, 0x0211, 0x0212, 0x0211, 0x0211, 0x0211, 0x0211, 0x0211, 0x0211, 0x0211,
    0x0211, 0x0211, 0x0211, 0x0211, 0x0211, 0x0211, 0x0211, 0x0211, 0x0211, 0x0211, 0x0212, 0x0212, 0x0212, 0x0212, 0x0212, 0x0212,
    0x0212, 0x0212, 0x0212, 0x0212, 0x0212, 0x0212, 0x0212, 0x0212, 0x0212, 0x0212, 0x0212, 0x0212, 0x0212, 0x0212, 0x0232, 0x0212,
    0x0212, 0x0232, 0x0232, 0x0212, 0x01CE, 0x9C2B, 0xC4A8, 0xB469, 0xDD0C, 0xDCEB, 0xF5AE, 0xF56E, 0xF5AF, 0xEDAF, 0xEDCF, 0xFE51,
    0xEE71, 0xEE91, 0xEE50, 0xFF35, 0x8CB2, 0x01F0, 0x0232, 0x0232, 0x0212, 0x0211, 0x01F1, 0x01F1, 0x01F1, 0x0211, 0x0211, 0x0212,
    0x0211, 0x1251, 0x1231, 0x0212, 0x0232, 0x0211, 0x0211, 0x01F1, 0x1A50, 0x32D0, 0x01F1, 0x42CD, 0xE651, 0xF6D3, 0xFED2, 0xF6B2,
    0xF6D3, 0xEEF3, 0xE670, 0xFE90, 0xE5AC, 0xAC26, 0xC488, 0xCCCA, 0xCCAA, 0xD52E, 0xE5F1, 0xF672, 0xF6B3, 0xF6B4, 0xE612, 0xDD90,
    0xE5D0, 0xEE0F, 0xEE0F, 0xDD6C, 0xBC69, 0xC4AA, 0xBC49, 0xAC2A, 0xA3E9, 0xA3C9, 0x93A9, 0x9BE8, 0x9C67, 0x5B23, 0x4AC3, 0x7328,
    0x9BEC, 0x8B6A, 0xAC8E, 0xAC4D, 0xB46C, 0xC4CD, 0xCD0D, 0xCD0D, 0xDD4D, 0xDD6E, 0xDD6E, 0xDDAE, 0xCD4D, 0xC4ED, 0xC4EB, 0xC4C9,
    0xBC88, 0x9C26, 0x9405, 0x9C46, 0xA426, 0x8C25, 0x63C2, 0x6C23, 0x63E3, 0x5323, 0x9469, 0x73A5, 0x42A2, 0x6365, 0x7BE6, 0x73C5,
    0x73E5, 0x7C64, 0x74C3, 0x6CC3, 0x6483, 0x6C83, 0x6442, 0x7464, 0x4329, 0x01EF, 0x0212, 0x0211, 0x0212, 0x0210, 0x2ACB, 0x2268,
    0x09EB, 0x01EF, 0x0A0F, 0x22A9, 0x32C5, 0x2AC4, 0x2AA3, 0x3B05, 0x2269, 0x122C, 0x020F, 0x01F1, 0x0212, 0x0211, 0x0211, 0x0211,
    0x0211, 0x0211, 0x0211, 0x0211, 0x0211, 0x0212, 0x0211, 0x0212, 0x0212, 0x0212, 0x0211, 0x0212, 0x0212, 0x0211, 0x0211, 0x0212,
    0x0212, 0x0212, 0x0212, 0x0212, 0x0212, 0x0212, 0x0212, 0x0212, 0x0212, 0x0212, 0x0212, 0x0211, 0x0211, 0x0211, 0x0211, 0x0211,
    0x0211, 0x0211, 0x0211, 0x0211, 0x0212, 0x0211, 0x0212, 0x0212, 0x0212, 0x0212, 0x0212, 0x0212, 0x0212, 0x0212, 0x0212, 0x0212,
    0x0212, 0x0212, 0x0212, 0x0212, 0x0212, 0x0212, 0x0212, 0x0212, 0x0212, 0x0211, 0x0212, 0x0212, 0x0212, 0x0212, 0x0212, 0x0212,
    0x0212, 0x0212, 0x0212, 0x0212, 0x0212, 0x0212, 0x0212, 0x0212, 0x0212, 0x0212, 0x0212, 0x0212, 0x0212, 0x0212, 0x0212, 0x0212,
    0x0212, 0x0211, 0x0A0F, 0x42AC, 0x9C2B, 0xB4AC, 0xD56F, 0xE56E, 0xE56D, 0xC4AB, 0x8B45, 0x7B05, 0x9BA7, 0xD4CB, 0xC449, 0xD4AA,
    0xE52B, 0xDD2B, 0xD509, 0xD528, 0xC526, 0xA4E4, 0x9CE4, 0x84A3, 0x5BE2, 0x32E0, 0x6423, 0x6C83, 0x53E1, 0x5401, 0x5401, 0x4BC1,
    0x4B81, 0x53A1, 0x4BA1, 0x5BC2, 0x63E2, 0x3AE6, 0x09ED, 0x0211, 0x0212, 0x0212, 0x0212, 0x0212, 0x0212, 0x0212, 0x0212, 0x0212,
    0x0212, 0x0212, 0x0212, 0x0211, 0x0212, 0x0211, 0x0211, 0x0211, 0x0212, 0x0211, 0x0211, 0x0211, 0x0211, 0x0211, 0x0211, 0x0211,
    0x0212, 0x0211, 0x0211, 0x0211, 0x0211, 0x0212, 0x0211, 0x0211, 0x0211, 0x0211, 0x0211, 0x0212, 0x0211, 0x0212, 0x0211, 0x0212,
    0x0212, 0x0212, 0x0212, 0x0212, 0x0212, 0x0212, 0x0212, 0x0212, 0x0212, 0x0212, 0x0212, 0x0211, 0x0211, 0x0212, 0x0212, 0x0212,
    0x0212, 0x0232, 0x0212, 0x2A6F, 0xA48D, 0xDD4B, 0xAC27, 0xCD0C, 0xF5CF, 0xF5AE, 0xF56E, 0xED6E, 0xED6E, 0xF5F0, 0xFE71, 0xFEB2,
    0xFF96, 0xFFD8, 0xFF98, 0xFF56, 0xA532, 0x2AB0, 0x01D0, 0x01B0, 0x01B1, 0x01F1, 0x01F1, 0x01F1, 0x0212, 0x01F1, 0x01B0, 0x01B0,
    0x01F1, 0x0212, 0x0212, 0x0212, 0x0212, 0x0211, 0x0211, 0x0211, 0x0211, 0x0212, 0x01D0, 0x842E, 0xFED2, 0xFED3, 0xFE92, 0xFE71,
    0xFEB2, 0xF6F3, 0xDE72, 0xE66F, 0xFEB0, 0xD54A, 0xAC26, 0x9385, 0xBC49, 0xD50D, 0xCCEE, 0xDD6F, 0xEE32, 0xEE73, 0xDDF1, 0xE5F1,
    0xDD6F, 0xD50D, 0xE5CF, 0xD52D, 0xC48A, 0xB449, 0xA3E9, 0xABE9, 0xAC29, 0xD58F, 0x9BC8, 0xB48A, 0xE64E, 0xAD28, 0x5302, 0x3A42,
    0x7B8A, 0xA42D, 0x9BCA, 0xA40B, 0xBC8B, 0xD52C, 0xCCCB, 0xCCEC, 0xD50C, 0xCCEB, 0xCD0B, 0xDD6D, 0xD54D, 0xCD2D, 0xCD2B, 0xB487,
    0xB488, 0xAC67, 0x7BA4, 0x6B63, 0x7BA4, 0x73A3, 0x63A3, 0x5BC2, 0x63C3, 0x4AC2, 0x4AE3, 0x42C2, 0x3AA1, 0x3281, 0x32A1, 0x3AC1,
    0x4B02, 0x7423, 0x8524, 0x74E3, 0x74C3, 0x6CA3, 0x5C62, 0x5C22, 0x84C5, 0x32CA, 0x01F1, 0x0212, 0x0212, 0x0211, 0x0A2F, 0x01F0,
    0x01F2, 0x0A2E, 0x2287, 0x2243, 0x2267, 0x2268, 0x0A0C, 0x0A2E, 0x0211, 0x0212, 0x0212, 0x0212, 0x0211, 0x0211, 0x0211, 0x0211,
    0x0211, 0x0211, 0x0211, 0x0211, 0x0211, 0x0211, 0x0211, 0x0211, 0x0212, 0x0212, 0x0211, 0x0211, 0x0211, 0x0211, 0x0212, 0x0212,
    0x0212, 0x0212, 0x0212, 0x0212, 0x0212, 0x0212, 0x0212, 0x0212, 0x0212, 0x0212, 0x0212, 0x0211, 0x0211, 0x0211, 0x0211, 0x0211,
    0x0212, 0x0211, 0x0211, 0x0211, 0x0212, 0x0212, 0x0211, 0x0212, 0x01F2, 0x0212, 0x0212, 0x0212, 0x0212, 0x0211, 0x0212, 0x0212,
    0x0212, 0x0212, 0x0212, 0x0212, 0x0212, 0x0211, 0x0212, 0x0212, 0x0211, 0x0211, 0x0212, 0x0211, 0x0212, 0x0212, 0x0212, 0x0212,
    0x0212, 0x0212, 0x0212, 0x0212, 0x0212, 0x0212, 0x0212, 0x0212, 0x0212, 0x0212, 0x0212, 0x0212, 0x0212, 0x0212, 0x0212, 0x0212,
    0x0212, 0x0212, 0x0232, 0x01D0, 0x634D, 0xBCAC, 0xE5F0, 0xFE91, 0xEDAE, 0xD4EB, 0xBC49, 0xBC6A, 0xBC6A, 0xE54D, 0xBC8A, 0xDCEB,
    0xED6D, 0xE54C, 0xD4EA, 0xCCE8, 0xACE5, 0xA4E4, 0x94C4, 0x6C42, 0x4BA1, 0x3AE1, 0x6403, 0x53E2, 0x4BA1, 0x53E1, 0x53E1, 0x53E1,
    0x4B81, 0x5BC1, 0x63E1, 0x5BE3, 0x2AC8, 0x01EF, 0x0212, 0x0211, 0x0211, 0x0212, 0x0212, 0x0212, 0x0211, 0x0212, 0x0212, 0x0212,
    0x0212, 0x0211, 0x0211, 0x0212, 0x0212, 0x0212, 0x0211, 0x0212, 0x0211, 0x0211, 0x0211, 0x0211, 0x0211, 0x0211, 0x0211, 0x0211,
    0x0211, 0x0211, 0x0211, 0x0211, 0x0211, 0x0212, 0x0211, 0x0211, 0x0211, 0x0211, 0x0211, 0x0211, 0x0211, 0x0212, 0x0212, 0x0212,
    0x0211, 0x0212, 0x0212, 0x0212, 0x0212, 0x0212, 0x0212, 0x0212, 0x0211, 0x0212, 0x0211, 0x0A31, 0x0A31, 0x0212, 0x0232, 0x0232,
    0x0232, 0x0212, 0x2A6F, 0xDD6F, 0xFDEE, 0xC4AA, 0xB449, 0xE54E, 0xED4D, 0xED2D, 0xED4D, 0xF5AD, 0xFE0F, 0xFE51, 0xFE51, 0xFED1,
    0xFF53, 0xFF96, 0xFF96, 0xFF54, 0xFF13, 0xEE94, 0xAD11, 0x8C71, 0x4B30, 0x01D0, 0x01F2, 0x0232, 0x0212, 0x2A90, 0x8C92, 0x9515,
    0x2270, 0x01D0, 0x01B0, 0x01B0, 0x01F1, 0x0212, 0x0212, 0x0212, 0x0212, 0x01F1, 0x11ED, 0xBCCD, 0xDD2D, 0xE5AF, 0xFEB2, 0xFE92,
    0xFE91, 0xFED2, 0xEEF3, 0xE690, 0xEE8F, 0xFE8F, 0xE5AC, 0xBCA8, 0xA3E6, 0xD52C, 0xE5B0, 0xD52E, 0xDD6F, 0xE5D0, 0xEE53, 0xDD90,
    0xE590, 0xD50E, 0xDD6F, 0xE5F0, 0xDD8E, 0xB48A, 0xC50B, 0xBCCB, 0xDE11, 0xD5D0, 0xA3E8, 0xEE70, 0xE68F, 0xCDCA, 0xB5A9, 0x5362,
    0x4263, 0x7B69, 0xAC6D, 0xBC8C, 0xC4AB, 0xC4CB, 0xCD2C, 0xD54D, 0xD52C, 0xCD0B, 0xD56C, 0xCD4C, 0xCD4C, 0xD54B, 0xB4C8, 0x9C46,
    0x9C47, 0x9407, 0x7384, 0x5B23, 0x5B03, 0x6343, 0x5B42, 0x5B43, 0x5B43, 0x3A42, 0x3A62, 0x4322, 0x4322, 0x4302, 0x4322, 0x3AE2,
    0x5BC3, 0x8CC5, 0x7CA3, 0x7CE3, 0x7D04, 0x8504, 0x84E4, 0x6C84, 0x7483, 0x6407, 0x09EE, 0x0211, 0x0211, 0x0211, 0x0211, 0x0211,
    0x0212, 0x0A2E, 0x2AA4, 0x2264, 0x09EC, 0x0210, 0x0211, 0x0212, 0x0211, 0x0211, 0x0211, 0x0211, 0x0211, 0x0211, 0x0211, 0x0211,
    0x0211, 0x0211, 0x0211, 0x0211, 0x0211, 0x0211, 0x0211, 0x0212, 0x0212, 0x0212, 0x0211, 0x0211, 0x0211, 0x0211, 0x0212, 0x0212,
    0x0211, 0x0212, 0x0212, 0x0212, 0x0212, 0x0212, 0x0212, 0x0212, 0x0212, 0x0212, 0x0212, 0x0211, 0x0211, 0x0211, 0x0211, 0x0212,
    0x0212, 0x0212, 0x0211, 0x0211, 0x0212, 0x0212, 0x0212, 0x0212, 0x0212, 0x0211, 0x0212, 0x0212, 0x0212, 0x0212, 0x0212, 0x0212,
    0x0212, 0x0212, 0x0212, 0x0211, 0x0212, 0x0212, 0x0211, 0x0212, 0x0212, 0x0212, 0x0211, 0x0212, 0x0212, 0x0212, 0x0212, 0x0212,
    0x0212, 0x0212, 0x0212, 0x0212, 0x0212, 0x0212, 0x0212, 0x0212, 0x0212, 0x0212, 0x0212, 0x0212, 0x0212, 0x0212, 0x0212, 0x0212,
    0x0212, 0x0212, 0x0211, 0x0212, 0x224E, 0xA44C, 0xB4CF, 0xC571, 0xEDCE, 0xCCCA, 0xBC69, 0xD4AA, 0xF5EF, 0xEDEF, 0xF630, 0xEDAE,
    0xED8E, 0xED6D, 0xDD0A, 0xBCC7, 0x9C84, 0xA4E4, 0x8CA4, 0x6402, 0x3B01, 0x3AE1, 0x4B62, 0x3B41, 0x3B61, 0x43A0, 0x4BE0, 0x6421,
    0x6C22, 0x7C63, 0x7442, 0x3B07, 0x01D0, 0x0212, 0x0211, 0x0211, 0x0211, 0x0211, 0x0212, 0x0212, 0x0211, 0x0212, 0x0212, 0x0212,
    0x0212, 0x0211, 0x0211, 0x0212, 0x0212, 0x0212, 0x0212, 0x0212, 0x0212, 0x0211, 0x0211, 0x0211, 0x0211, 0x0211, 0x0211, 0x0211,
    0x0211, 0x0211, 0x0211, 0x0211, 0x0211, 0x0211, 0x0211, 0x0211, 0x0211, 0x0211, 0x0212, 0x0212, 0x0211, 0x0211, 0x0211, 0x0212,
    0x0211, 0x0212, 0x0212, 0x0212, 0x0212, 0x0212, 0x0212, 0x0212, 0x0212, 0x0212, 0x0211, 0x0212, 0x0212, 0x0212, 0x0212, 0x0232,
    0x0232, 0x01F1, 0x9470, 0xF60F, 0xCCAC, 0xAC0A, 0xCCCD, 0xF5B0, 0xE52D, 0xED8E, 0xFE0F, 0xFE0F, 0xFE71, 0xFE71, 0xFE50, 0xFEB1,
    0xFF32, 0xFF53, 0xFF33, 0xFF33, 0xFE91, 0xFE70, 0xFE91, 0xFED2, 0xFEF4, 0x5350, 0x09D0, 0x01D1, 0x018F, 0xA533, 0xFFD7, 0xFF97,
    0xE6F6, 0xB5D5, 0x63F2, 0x4B92, 0x2291, 0x01F0, 0x0A4F, 0x2B0D, 0x22AE, 0x1A6F, 0x8470, 0xE60F, 0xFEB2, 0xF651, 0xF651, 0xFE72,
    0xFEB2, 0xFED2, 0xFF54, 0xF713, 0xE690, 0xE690, 0xD5EE, 0xFEB0, 0xD54B, 0xB468, 0xD54D, 0xDD8F, 0xD54F, 0xD54F, 0xD54F, 0xDDB0,
    0xE5B0, 0xCCEE, 0xCD4F, 0xF715, 0xFEF3, 0xFEB1, 0xFE70, 0xF671, 0xE652, 0xCD2F, 0xCD2D, 0xEEB1, 0xF6F1, 0xCDEA, 0xC5EA, 0x9D67,
    0x5BA3, 0x3201, 0x62E7, 0xA42C, 0xC4EC, 0xBCAA, 0xB48A, 0xB4AB, 0xC4EB, 0xBD0C, 0xB4CA, 0xB4AA, 0xBCCA, 0xBCA9, 0xA447, 0x8BE6,
    0x8385, 0x8366, 0x7B46, 0x6304, 0x6304, 0x52C3, 0x5B03, 0x4242, 0x3A22, 0x29E1, 0x5B83, 0x6423, 0x5BC2, 0x4B62, 0x3B01, 0x32C1,
    0x3B01, 0x6C23, 0x7463, 0x5C02, 0x53E2, 0x6C82, 0x8524, 0x7D04, 0x7CC3, 0x7C65, 0x2AAC, 0x01D1, 0x0211, 0x0212, 0x0212, 0x0212,
    0x0212, 0x0210, 0x1A68, 0x1A49, 0x0210, 0x0212, 0x0211, 0x0211, 0x0211, 0x0211, 0x0211, 0x0211, 0x0211, 0x0211, 0x0211, 0x0211,
    0x0211, 0x0211, 0x0211, 0x0211, 0x0211, 0x0211, 0x0211, 0x0212, 0x0211, 0x0211, 0x0211, 0x0211, 0x0211, 0x0211, 0x0211, 0x01F1,
    0x01F1, 0x0212, 0x0212, 0x0212, 0x0212, 0x0212, 0x0212, 0x0212, 0x0212, 0x0212, 0x0212, 0x0211, 0x0211, 0x0211, 0x0211, 0x0212,
    0x0212, 0x0212, 0x0211, 0x0211, 0x0212, 0x0212, 0x0212, 0x0211, 0x0211, 0x0212, 0x0212, 0x0212, 0x0212, 0x0212, 0x0211, 0x01F1,
    0x0212, 0x0212, 0x0212, 0x0212, 0x0212, 0x0212, 0x0211, 0x0211, 0x0212, 0x0212, 0x0212, 0x0211, 0x0212, 0x0212, 0x0212, 0x0212,
    0x0212, 0x0212, 0x0212, 0x0212, 0x0212, 0x0212, 0x0212, 0x0212, 0x0212, 0x0212, 0x0212, 0x0212, 0x0212, 0x0212, 0x0212, 0x0212,
    0x0212, 0x0212, 0x0212, 0x0232, 0x01D0, 0x73AE, 0x7B8D, 0x018C, 0xC550, 0xCCC9, 0xA3E6, 0xABE7, 0xD4EC, 0xEDCF, 0xE5AE, 0xD54D,
    0xE56E, 0xE56D, 0xCCE9, 0xACA6, 0x9444, 0x9C84, 0x8484, 0x53A2, 0x3AE0, 0x5361, 0x63E2, 0x4340, 0x4362, 0x4363, 0x4BA4, 0x6C23,
    0x6C22, 0x6C22, 0x6403, 0x228B, 0x0212, 0x0212, 0x0211, 0x0211, 0x0212, 0x0212, 0x0212, 0x0212, 0x0212, 0x0212, 0x0212, 0x0212,
    0x0212, 0x0212, 0x0212, 0x0212, 0x0212, 0x0212, 0x0212, 0x0211, 0x0211, 0x0211, 0x0211, 0x0211, 0x0211, 0x0211, 0x0211, 0x0211,
    0x0211, 0x0211, 0x0211, 0x0211, 0x0211, 0x0212, 0x0212, 0x0212, 0x0211, 0x0211, 0x0211, 0x0212, 0x0211, 0x0212, 0x0211, 0x0212,
    0x0212, 0x0211, 0x0212, 0x0212, 0x0212, 0x0212, 0x0212, 0x0212, 0x0212, 0x0212, 0x0212, 0x0212, 0x0212, 0x0212, 0x0212, 0x0212,
    0x0232, 0x0210, 0x944F, 0xC48C, 0xA3A9, 0xBC4C, 0xDD4F, 0xF5F1, 0xF5EF, 0xFE90, 0xFE8F, 0xFE8F, 0xFEF1, 0xFEF2, 0xFEB1, 0xFF12,
    0xFF52, 0xFF12, 0xFEB0, 0xFED2, 0xFEF3, 0xFEB1, 0xFE91, 0xFE92, 0xFEB2, 0xFEF5, 0xDE75, 0x84B4, 0x2A8F, 0xC656, 0xFFD7, 0xF714,
    0xFF75, 0xFF96, 0xFFB6, 0xFFD9, 0xE6F6, 0xCE55, 0xCE94, 0xA56B, 0xD691, 0xF756, 0xFF76, 0xF692, 0xF630, 0xFE51, 0xF672, 0xFED3,
    0xFF12, 0xFF33, 0xFF54, 0xFF74, 0xFF74, 0xEEF4, 0xE6D3, 0xF6F3, 0xF6F3, 0xC50A, 0xB468, 0xD54D, 0xD56F, 0xCD2E, 0xC4CD, 0xD590,
    0xEE52, 0xCCCC, 0xDDB0, 0xFF15, 0xFEF3, 0xFE91, 0xF672, 0xEE32, 0xBCCD, 0xC4EE, 0xC52D, 0xDE4E, 0xD62B, 0xC5CA, 0xC5CA, 0xA567,
    0x8D05, 0x5382, 0x3A42, 0x6307, 0x93EB, 0xAC6B, 0xC4CB, 0xB469, 0xB48A, 0xAC49, 0xA449, 0xAC48, 0xAC69, 0xA449, 0x83A6, 0x7B66,
    0x7B48, 0x7B49, 0x7B49, 0x7306, 0x62E4, 0x6304, 0x52C3, 0x4A43, 0x31C2, 0x4302, 0x6443, 0x6402, 0x5BE2, 0x53C2, 0x53A2, 0x3B01,
    0x4341, 0x6C63, 0x6C82, 0x6C83, 0x53C2, 0x5402, 0x6463, 0x5402, 0x6C43, 0x94C8, 0x4B0C, 0x01D0, 0x0211, 0x0211, 0x0212, 0x0212,
    0x0212, 0x0231, 0x0A2F, 0x0210, 0x0212, 0x0211, 0x0211, 0x0211, 0x0211, 0x0211, 0x0211, 0x0211, 0x0211, 0x0211, 0x0211, 0x0211,
    0x0211, 0x0211, 0x0211, 0x0211, 0x0211, 0x0211, 0x0211, 0x0211, 0x0212, 0x0211, 0x0211, 0x0211, 0x0211, 0x0211, 0x0211, 0x0211,
    0x0211, 0x0212, 0x0212, 0x0212, 0x0212, 0x0212, 0x0212, 0x0212, 0x0212, 0x0212, 0x0212, 0x0211, 0x0211, 0x0211, 0x0212, 0x0211,
    0x0212, 0x0212, 0x0211, 0x0211, 0x0211, 0x0211, 0x0212, 0x0212, 0x0212, 0x0212, 0x0212, 0x0211, 0x0212, 0x0212, 0x0212, 0x0212,
    0x01F2, 0x0212, 0x0212, 0x0212, 0x0211, 0x0211, 0x0211, 0x0212, 0x0211, 0x0211, 0x0212, 0x0212, 0x0212, 0x0212, 0x0212, 0x0212,
    0x0212, 0x0212, 0x0212, 0x0212, 0x0212, 0x0212, 0x0212, 0x0212, 0x0212, 0x0212, 0x0212, 0x0212, 0x0212, 0x0212, 0x0212, 0x0212,
    0x0212, 0x0212, 0x0212, 0x0212, 0x0212, 0x222F, 0x9C70, 0x222C, 0x73CE, 0xDD6C, 0x93E4, 0x7B63, 0xBC69, 0xD4EC, 0xD4EC, 0xCCEC,
    0xC4CB, 0xDDAD, 0xBCE8, 0x9444, 0x7BE3, 0x9464, 0x8C63, 0x6C04, 0x4326, 0x3B28, 0x53A6, 0x4B83, 0x2AA7, 0x126E, 0x0A2F, 0x22AD,
    0x228B, 0x4327, 0x7C84, 0x32EA, 0x0212, 0x0232, 0x0212, 0x0212, 0x0212, 0x0212, 0x0212, 0x0212, 0x0212, 0x0212, 0x0212, 0x0212,
    0x0212, 0x0212, 0x0212, 0x0212, 0x0212, 0x0212, 0x0212, 0x0211, 0x0211, 0x0211, 0x0211, 0x0211, 0x0211, 0x0211, 0x0211, 0x0211,
    0x0211, 0x0211, 0x0211, 0x0211, 0x0211, 0x0211, 0x0212, 0x0211, 0x0212, 0x0211, 0x0212, 0x0212, 0x0211, 0x0212, 0x0212, 0x0212,
    0x0211, 0x0211, 0x0212, 0x0212, 0x0212, 0x0212, 0x0212, 0x0212, 0x0212, 0x0212, 0x0212, 0x0211, 0x0211, 0x0212, 0x0211, 0x0232,
    0x01D1, 0x1A2F, 0xBCF0, 0xC46C, 0xD4CD, 0xED6F, 0xF5F1, 0xFE51, 0xFE2F, 0xF64F, 0xFF11, 0xFF32, 0xFED2, 0xFE92, 0xFE91, 0xFED1,
    0xFEF1, 0xFEB0, 0xFE90, 0xFEF3, 0xFEF3, 0xFE91, 0xFE71, 0xFEB2, 0xFED4, 0xFEF4, 0xFF56, 0xFFB8, 0xFF78, 0xFFB8, 0xFFB7, 0xFFB7,
    0xFFB8, 0xF798, 0xF777, 0xF736, 0xFF35, 0xFF75, 0xFF75, 0xE6F3, 0xD672, 0xE6D4, 0xE672, 0xE5F0, 0xF5CE, 0xF5CE, 0xFE31, 0xFE91,
    0xFED1, 0xFF12, 0xFF54, 0xFF54, 0xFF54, 0xFFB6, 0xEF16, 0x538F, 0x4B4F, 0xCDD1, 0xC4EA, 0xB489, 0xCD0C, 0xD52D, 0xC4CD, 0xAC0A,
    0xEE10, 0xD4ED, 0xD52F, 0xF693, 0xE5AF, 0xDDAF, 0xEE94, 0xCD90, 0xC52F, 0xE5F1, 0xC52D, 0xCE0C, 0xCDEB, 0xDE4D, 0xD60B, 0xBDC9,
    0xA546, 0x9566, 0x5C03, 0x3AC2, 0x3A22, 0x5AC6, 0x8BAA, 0xB48C, 0xAC08, 0x9BE7, 0x9BE6, 0x8B85, 0x93A7, 0x8BA6, 0x6AE4, 0x62A4,
    0x72E7, 0x6AC8, 0x6AE9, 0x7349, 0x7306, 0x6304, 0x5AC4, 0x5284, 0x3A42, 0x5382, 0x6402, 0x6423, 0x63E3, 0x5382, 0x4342, 0x3B21,
    0x4361, 0x74C3, 0x5C42, 0x4382, 0x5C03, 0x6443, 0x3B41, 0x3B42, 0x53A3, 0x6BE5, 0x3AEC, 0x01D1, 0x0211, 0x0211, 0x0211, 0x0212,
    0x0212, 0x0211, 0x0211, 0x0212, 0x0212, 0x0212, 0x0212, 0x0211, 0x0211, 0x0211, 0x0212, 0x0211, 0x0211, 0x0211, 0x0211, 0x0212,
    0x0212, 0x0211, 0x0211, 0x0211, 0x0211, 0x0211, 0x0211, 0x0211, 0x0211, 0x0211, 0x0211, 0x0211, 0x0211, 0x0211, 0x0211, 0x0211,
    0x0211, 0x0212, 0x0212, 0x0212, 0x0212, 0x0211, 0x0212, 0x0211, 0x0211, 0x0212, 0x0212, 0x0211, 0x0211, 0x0211, 0x0211, 0x0212,
    0x0212, 0x0211, 0x0211, 0x0212, 0x0212, 0x0212, 0x0211, 0x0212, 0x0212, 0x0212, 0x0212, 0x0212, 0x0212, 0x0212, 0x0212, 0x0212,
    0x0211, 0x0211, 0x0212, 0x0212, 0x0212, 0x0211, 0x0211, 0x0212, 0x0211, 0x0212, 0x0211, 0x0212, 0x0212, 0x0212, 0x0212, 0x0212,
    0x0212, 0x0212, 0x0212, 0x0212, 0x0212, 0x0212, 0x0212, 0x0212, 0x0212, 0x0212, 0x0212, 0x0212, 0x0212, 0x0212, 0x0212, 0x0212,
    0x0212, 0x0212, 0x0212, 0x0212, 0x0211, 0x01F1, 0x2A4E, 0x7BCE, 0x2A4C, 0xB530, 0xACA7, 0x6B62, 0x9C06, 0xC48A, 0xD4EC, 0xD52C,
    0xD54C, 0xAC88, 0xC529, 0xB4E7, 0x9CA5, 0x9484, 0x8467, 0x32AB, 0x01CF, 0x01F1, 0x0210, 0x0A4E, 0x0A2F, 0x0211, 0x0212, 0x0212,
    0x0213, 0x0A2E, 0x7C67, 0x5BC8, 0x0210, 0x0232, 0x0212, 0x0212, 0x0212, 0x0212, 0x0212, 0x0212, 0x0212, 0x0212, 0x0212, 0x0212,
    0x0212, 0x0212, 0x0212, 0x0212, 0x0212, 0x0212, 0x0212, 0x0212, 0x0211, 0x0212, 0x0211, 0x0211, 0x0211, 0x0211, 0x0211, 0x0211,
    0x0211, 0x0211, 0x0211, 0x0212, 0x0212, 0x0212, 0x0212, 0x0212, 0x0212, 0x0211, 0x0211, 0x0212, 0x0211, 0x0211, 0x0211, 0x0211,
    0x0211, 0x0211, 0x0212, 0x0211, 0x0212, 0x0212, 0x0212, 0x0212, 0x0212, 0x0212, 0x0211, 0x0A10, 0x1251, 0x0A10, 0x1A50, 0x01AF,
    0x2A6F, 0xA4B1, 0xE54F, 0xE58F, 0xFE72, 0xFE92, 0xFEB2, 0xFE90, 0xFE90, 0xFEB0, 0xFF12, 0xFED3, 0xF632, 0xF5D0, 0xFE31, 0xFE91,
    0xFED1, 0xFED2, 0xFEF3, 0xFEB2, 0xFE71, 0xFE71, 0xFE71, 0xFE71, 0xF632, 0xF673, 0xFF36, 0xFF77, 0xFF97, 0xFF76, 0xFF76, 0xFFB8,
    0xFFB7, 0xFFB7, 0xFFB8, 0xFF97, 0xFF96, 0xFF95, 0xF754, 0xE713, 0xDE72, 0xA510, 0xB4AD, 0xCD0C, 0xF5EF, 0xFE10, 0xFE0F, 0xFEB0,
    0xFEB0, 0xFEB1, 0xFEB1, 0xFEF2, 0xFF54, 0xFF54, 0xF757, 0x3B11, 0x0170, 0x7C31, 0xEE50, 0xCD4B, 0xC4EA, 0xC4AA, 0xBC8A, 0x9BC8,
    0xC4ED, 0xE5AF, 0xD52F, 0xDDD2, 0xDDF2, 0xD5B0, 0xE612, 0xCD50, 0xDE11, 0xF733, 0xCE0C, 0xDE6D, 0xF6B0, 0xFEB1, 0xFE90, 0xEE6E,
    0xCDEA, 0xBDE9, 0x9D86, 0x7CE4, 0x6404, 0x3A81, 0x4263, 0x6308, 0x940B, 0xAC8C, 0xBCEC, 0xAC4A, 0xA40A, 0xA42A, 0x9BEA, 0x9BEB,
    0x5A87, 0x31C4, 0x4A85, 0x6B8A, 0x6B48, 0x4A83, 0x4263, 0x31E1, 0x3282, 0x4322, 0x4B82, 0x4B41, 0x4B62, 0x4362, 0x4BA2, 0x4341,
    0x4B81, 0x74C3, 0x5BE2, 0x3AE1, 0x5BE2, 0x5C22, 0x4382, 0x4363, 0x4342, 0x4B65, 0x1A6E, 0x01F2, 0x0211, 0x0211, 0x0211, 0x0212,
    0x0212, 0x0231, 0x0211, 0x0212, 0x0212, 0x0212, 0x0212, 0x0212, 0x0212, 0x0212, 0x0212, 0x0212, 0x0212, 0x0212, 0x0212, 0x0212,
    0x0212, 0x0212, 0x0211, 0x0211, 0x0212, 0x0212, 0x0211, 0x0211, 0x0211, 0x0211, 0x0211, 0x0211, 0x0211, 0x01F1, 0x0211, 0x0211,
    0x0211, 0x0212, 0x0212, 0x0212, 0x0212, 0x0211, 0x0212, 0x0211, 0x01F1, 0x0212, 0x0212, 0x0212, 0x0211, 0x0211, 0x0212, 0x0212,
    0x0211, 0x0211, 0x0211, 0x0212, 0x0212, 0x0212, 0x0212, 0x0211, 0x0211, 0x0212, 0x0212, 0x0212, 0x0212, 0x0212, 0x0211, 0x0212,
    0x0212, 0x0212, 0x0212, 0x0212, 0x0212, 0x0211, 0x0211, 0x0212, 0x0212, 0x0212, 0x0212, 0x0212, 0x0212, 0x0212, 0x0212, 0x0212,
    0x0212, 0x0212, 0x0212, 0x0212, 0x0212, 0x0212, 0x0212, 0x0212, 0x0212, 0x0212, 0x0212, 0x0212, 0x0212, 0x0212, 0x0212, 0x0212,
    0x0212, 0x0212, 0x0212, 0x0211, 0x0211, 0x0211, 0x224F, 0xC550, 0x636D, 0x224D, 0xA50C, 0x73C2, 0x7383, 0xB448, 0xDD0C, 0xD52D,
    0xD56D, 0xA469, 0xCD4A, 0xCD69, 0xAD07, 0x7C27, 0x120C, 0x01D1, 0x0212, 0x0212, 0x0212, 0x0212, 0x0212, 0x0212, 0x0211, 0x0211,
    0x0232, 0x0A10, 0x7449, 0x84A6, 0x1A6E, 0x0212, 0x0211, 0x0212, 0x0212, 0x0212, 0x0212, 0x0212, 0x0212, 0x0212, 0x0212, 0x0212,
    0x0212, 0x0212, 0x0212, 0x0212, 0x0212, 0x0212, 0x0212, 0x0212, 0x0211, 0x0212, 0x0211, 0x0212, 0x0211, 0x0211, 0x0211, 0x0211,
    0x0211, 0x0211, 0x0211, 0x0212, 0x0211, 0x0212, 0x0212, 0x0211, 0x0212, 0x0211, 0x0211, 0x0211, 0x0212, 0x0211, 0x0211, 0x0211,
    0x0211, 0x0211, 0x0212, 0x0211, 0x0212, 0x0212, 0x0212, 0x0212, 0x0212, 0x0212, 0x0211, 0x0210, 0x1231, 0x1231, 0x018E, 0x7C52,
    0xF674, 0xF58F, 0xF611, 0xFEF4, 0xFEF3, 0xFF33, 0xFED2, 0xFE91, 0xFEB1, 0xFF32, 0xFF54, 0xFEB3, 0xF611, 0xF5F1, 0xFE71, 0xFF13,
    0xFEF2, 0xFED1, 0xFE90, 0xFE0E, 0xF5EF, 0xFE30, 0xFE50, 0xFEB2, 0xFEB3, 0xFEF4, 0xDDB0, 0xE632, 0xFF97, 0xFF97, 0xF755, 0xFF96,
    0xFFB5, 0xFF95, 0xFFB6, 0xFFB5, 0xFF95, 0xFF96, 0xF796, 0xDED3, 0xFF33, 0xB510, 0x322C, 0x6B8E, 0xDD2E, 0xE56E, 0xFEF2, 0xFF33,
    0xF650, 0xF630, 0xFEB1, 0xFE91, 0xFEF2, 0xFF34, 0xFFB7, 0xC677, 0x120F, 0x1230, 0x6BCF, 0xD5F1, 0xFED1, 0xDDAE, 0xBCCC, 0xBCEE,
    0xD5F3, 0xD591, 0xD54F, 0xCD50, 0xEE95, 0xEE94, 0xDDD2, 0xB4AD, 0xC58D, 0xDE6D, 0xEEAF, 0xFED1, 0xFE90, 0xF66F, 0xEE4E, 0xD5CB,
    0xC5AA, 0xC5EA, 0xB5C8, 0x9D85, 0x9565, 0x8504, 0x6C23, 0x5362, 0x42E3, 0x42A5, 0x6349, 0x5AE8, 0x52A7, 0x4A87, 0x5287, 0x5AE8,
    0x29C2, 0x4B24, 0x5365, 0x3AC3, 0x42C4, 0x4AA3, 0x4A83, 0x4283, 0x4B03, 0x4322, 0x4B62, 0x4B62, 0x53A2, 0x4362, 0x4B62, 0x4B82,
    0x4BA2, 0x6483, 0x5C02, 0x53E2, 0x74A3, 0x4BA2, 0x3AE1, 0x32C2, 0x4323, 0x2AAB, 0x0211, 0x0212, 0x0212, 0x0212, 0x0211, 0x0211,
    0x0211, 0x0211, 0x0211, 0x0212, 0x0212, 0x0212, 0x0212, 0x0212, 0x0212, 0x0212, 0x0212, 0x0212, 0x0212, 0x0211, 0x0211, 0x0212,
    0x0212, 0x0212, 0x0212, 0x0212, 0x0212, 0x0211, 0x0211, 0x0211, 0x0211, 0x0211, 0x0211, 0x0211, 0x0211, 0x0211, 0x0211, 0x0211,
    0x0211, 0x0212, 0x0212, 0x0212, 0x0212, 0x0211, 0x0211, 0x0211, 0x0211, 0x0212, 0x0212, 0x0212, 0x0211, 0x0211, 0x0212, 0x0212,
    0x0212, 0x0212, 0x0212, 0x0211, 0x0211, 0x0212, 0x0212, 0x0212, 0x0211, 0x0211, 0x0211, 0x0211, 0x0211, 0x0211, 0x0211, 0x0211,
    0x0212, 0x0212, 0x0212, 0x0212, 0x0211, 0x0212, 0x0212, 0x0211, 0x0212, 0x0212, 0x0212, 0x0212, 0x0212, 0x0212, 0x0212, 0x0212,
    0x0212, 0x0212, 0x0212, 0x0212, 0x0212, 0x0212, 0x0212, 0x0212, 0x0212, 0x0212, 0x0212, 0x0212, 0x0212, 0x0212, 0x0212, 0x0212,
    0x0212, 0x0212, 0x0212, 0x0211, 0x0212, 0x0212, 0x0A10, 0x6B8F, 0xBD30, 0x224E, 0x32CE, 0x8C87, 0x6BA2, 0x93E6, 0xBC49, 0xDD4D,
    0xCD4C, 0xC4EB, 0xBCEA, 0xC52A, 0xCD69, 0x842B, 0x01AE, 0x0212, 0x0211, 0x0211, 0x0212, 0x0212, 0x0212, 0x0212, 0x0212, 0x0212,
    0x0232, 0x01F1, 0x32EB, 0x84A6, 0x3B2C, 0x0A51, 0x1291, 0x0211, 0x0212, 0x0212, 0x0212, 0x0212, 0x0212, 0x0212, 0x0212, 0x0212,
    0x0212, 0x0212, 0x0212, 0x0212, 0x0212, 0x0212, 0x0212, 0x0212, 0x0211, 0x0212, 0x0212, 0x0212, 0x0212, 0x0212, 0x0212, 0x0211,
    0x0211, 0x0211, 0x0212, 0x0212, 0x0212, 0x0211, 0x0211, 0x01F1, 0x0212, 0x0211, 0x0211, 0x0211, 0x0211, 0x0211, 0x0211, 0x0211,
    0x0211, 0x0211, 0x0211, 0x0211, 0x0212, 0x0212, 0x0212, 0x0212, 0x0212, 0x0212, 0x0212, 0x0212, 0x0212, 0x01D1, 0x4331, 0xF736,
    0xFE72, 0xED6F, 0xF5F0, 0xF692, 0xFEB3, 0xFE92, 0xEE11, 0xF631, 0xFEB2, 0xFF53, 0xFF54, 0xFEF3, 0xFEB3, 0xFEB3, 0xF672, 0xEDEF,
    0xE56D, 0xEDCE, 0xF5ED, 0xF60E, 0xFE2F, 0xF60F, 0xFE71, 0xFEF2, 0xFF13, 0xFF55, 0xDDAF, 0xDDAF, 0xFF96, 0xFF96, 0xFF76, 0xFFB6,
    0xFF95, 0xFF54, 0xFFB6, 0xFF95, 0xFF95, 0xFF96, 0xFFD8, 0xE715, 0xDE71, 0xDDD1, 0x326F, 0x016E, 0xA491, 0xD50E, 0xE5F0, 0xEE31,
    0xEDAF, 0xF631, 0xFEB2, 0xFED2, 0xFE70, 0xFED2, 0xFF34, 0xFFD7, 0xA5B5, 0x01AE, 0x018F, 0x32AF, 0x7C51, 0x63D0, 0x530D, 0xCDB2,
    0xD5B2, 0xCD71, 0xBCF0, 0xCD71, 0xDE13, 0xDDF3, 0xCD71, 0xC52F, 0xD5CD, 0xEE8D, 0xFED0, 0xFEB0, 0xF64E, 0xEE4D, 0xD5EB, 0xCDCB,
    0xC5AA, 0xC5AA, 0xC5CA, 0xB588, 0xA566, 0xA5A6, 0xA5A5, 0xB607, 0x9D65, 0x7483, 0x5C02, 0x53A2, 0x4B42, 0x5383, 0x53A3, 0x53C3,
    0x6404, 0x5BC4, 0x3A83, 0x3263, 0x42E4, 0x4AA3, 0x5AE4, 0x6324, 0x5B03, 0x5B82, 0x5BC2, 0x63E3, 0x6403, 0x4B62, 0x4322, 0x4B42,
    0x5BE3, 0x6442, 0x4BC2, 0x4362, 0x4BA2, 0x3B22, 0x32C2, 0x32A1, 0x32C8, 0x0210, 0x0212, 0x0212, 0x0212, 0x0212, 0x0211, 0x0230,
    0x0230, 0x0211, 0x0212, 0x0211, 0x0212, 0x0212, 0x0211, 0x0211, 0x0212, 0x0212, 0x0212, 0x0212, 0x0211, 0x0211, 0x0212, 0x0212,
    0x0212, 0x0211, 0x0212, 0x0212, 0x0212, 0x0212, 0x0212, 0x0212, 0x0211, 0x0211, 0x01F1, 0x0211, 0x0211, 0x0211, 0x0211, 0x0211,
    0x0211, 0x0212, 0x0211, 0x0212, 0x0211, 0x0211, 0x0211, 0x0211, 0x0211, 0x0211, 0x0211, 0x0211, 0x0211, 0x0211, 0x0211, 0x0212,
    0x0212, 0x0212, 0x0212, 0x0211, 0x0211, 0x0211, 0x0212, 0x0211, 0x0211, 0x0211, 0x0211, 0x0211, 0x0211, 0x0211, 0x0211, 0x0211,
    0x0212, 0x0212, 0x0212, 0x0212, 0x0212, 0x0212, 0x0212, 0x0212, 0x0212, 0x0212, 0x0212, 0x0212, 0x0212, 0x0212, 0x0212, 0x0212,
    0x0212, 0x0212, 0x0212, 0x0212, 0x0212, 0x0212, 0x0212, 0x0212, 0x0212, 0x0212, 0x0212, 0x0212, 0x0212, 0x0212, 0x0211, 0x0212,
    0x0212, 0x0212, 0x0212, 0x0212, 0x0212, 0x0212, 0x0212, 0x0190, 0x530E, 0x7BEF, 0x018E, 0x742E, 0x7C04, 0x52A2, 0x9BA7, 0xCCAB,
    0xDDAF, 0xC50B, 0xA448, 0xB4E9, 0xD5AA, 0x9CAC, 0x0A0F, 0x0212, 0x0211, 0x0211, 0x0211, 0x0212, 0x0212, 0x0212, 0x0212, 0x0212,
    0x0212, 0x0212, 0x01EE, 0x4B68, 0x2AAC, 0x0211, 0x0A70, 0x0A51, 0x01F1, 0x0212, 0x0212, 0x0211, 0x0212, 0x0212, 0x0212, 0x0212,
    0x0212, 0x0212, 0x0212, 0x0212, 0x0211, 0x0211, 0x0212, 0x0212, 0x0212, 0x0212, 0x0212, 0x0212, 0x0212, 0x0212, 0x0211, 0x0211,
    0x0212, 0x0211, 0x0211, 0x0212, 0x0212, 0x0212, 0x0212, 0x0212, 0x0212, 0x0211, 0x0211, 0x0211, 0x0211, 0x0211, 0x0211, 0x0211,
    0x0211, 0x0211, 0x0211, 0x0212, 0x0212, 0x0212, 0x0212, 0x0212, 0x0212, 0x0212, 0x0212, 0x0212, 0x0212, 0x1230, 0xE6F7, 0xFF35,
    0xF652, 0xFEB3, 0xFE93, 0xFEF4, 0xFF55, 0xFED4, 0xF652, 0xF632, 0xFEB2, 0xFF53, 0xFF95, 0xFF13, 0xF651, 0xFE52, 0xEDD1, 0xE5F1,
    0xEE52, 0xDD8F, 0xCCEC, 0xDD6D, 0xFE30, 0xF5EF, 0xF64F, 0xFF11, 0xFF52, 0xFEF2, 0xFE91, 0xFF33, 0xFF96, 0xFFB7, 0xFFD8, 0xFFB7,
    0xFEF3, 0xF692, 0xFF95, 0xFF95, 0xFF74, 0xF754, 0xF754, 0xFFB5, 0xEEB2, 0xEDF0, 0x9C50, 0x018F, 0x224F, 0xBCD0, 0xBC6C, 0xBC6D,
    0xE5B1, 0xF673, 0xF6B3, 0xFED2, 0xFEB1, 0xFE91, 0xF691, 0xFF75, 0xE716, 0x7430, 0x2290, 0x01B0, 0x010E, 0x2AAF, 0x430F, 0x5BB2,
    0x94F4, 0xAD54, 0xC616, 0xC5D4, 0xBD94, 0xB573, 0xB594, 0xBD71, 0xF6D1, 0xE64C, 0xF6AE, 0xFEAF, 0xF6AF, 0xE66D, 0xCDCA, 0xD5EB,
    0xBD89, 0xBDA9, 0xBDA9, 0xCDCA, 0xBD88, 0xB5A8, 0xB5A7, 0xC5E8, 0xCE08, 0xBDE7, 0xA585, 0x8D03, 0x8503, 0x5C02, 0x4BA3, 0x4362,
    0x53C3, 0x3282, 0x3AC3, 0x4B64, 0x3AC3, 0x3AA3, 0x4AC3, 0x5AE3, 0x6343, 0x6BC3, 0x6383, 0x5B82, 0x5382, 0x4342, 0x4342, 0x3B01,
    0x4B82, 0x53C2, 0x4342, 0x3B21, 0x53E3, 0x4362, 0x3B01, 0x4B44, 0x226D, 0x01F1, 0x0231, 0x0212, 0x0212, 0x0212, 0x0212, 0x0211,
    0x0211, 0x0211, 0x0211, 0x0211, 0x0211, 0x0211, 0x01F1, 0x0211, 0x0211, 0x0212, 0x0212, 0x0212, 0x0211, 0x0211, 0x0211, 0x0212,
    0x0212, 0x0212, 0x0212, 0x01F2, 0x01F2, 0x0212, 0x0211, 0x0211, 0x0211, 0x0211, 0x01F1, 0x0211, 0x0211, 0x0211, 0x0212, 0x0212,
    0x01F1, 0x0212, 0x0211, 0x0211, 0x0211, 0x0211, 0x0211, 0x0211, 0x0211, 0x0211, 0x0211, 0x0211, 0x0211, 0x0211, 0x0211, 0x0212,
    0x0212, 0x0212, 0x0212, 0x0212, 0x0211, 0x0212, 0x0212, 0x0211, 0x0211, 0x0212, 0x0212, 0x0212, 0x0211, 0x0211, 0x0212, 0x0212,
    0x0212, 0x0212, 0x0212, 0x0212, 0x0212, 0x0212, 0x0211, 0x0212, 0x0212, 0x0212, 0x0211, 0x0212, 0x0212, 0x0212, 0x0212, 0x0212,
    0x0212, 0x0212, 0x0212, 0x0212, 0x0212, 0x0212, 0x0212, 0x0212, 0x0212, 0x0212, 0x0212, 0x0212, 0x0212, 0x0212, 0x0212, 0x0212,
    0x0212, 0x0212, 0x0212, 0x0212, 0x0211, 0x0212, 0x0212, 0x0212, 0x1A2F, 0x9CB0, 0x224E, 0x01CF, 0x5B8B, 0x52E2, 0x7B45, 0xC46A,
    0xCCAB, 0xCCEC, 0xA449, 0x83E6, 0xBD69, 0x534C, 0x01F1, 0x0212, 0x0212, 0x0212, 0x0212, 0x0212, 0x0212, 0x0212, 0x0212, 0x0212,
    0x0212, 0x0212, 0x0211, 0x124F, 0x01CF, 0x1B33, 0x1B52, 0x0A30, 0x0211, 0x0212, 0x0211, 0x0212, 0x0212, 0x0212, 0x0212, 0x0212,
    0x0212, 0x0212, 0x0212, 0x0212, 0x0211, 0x0211, 0x0212, 0x0212, 0x0212, 0x0211, 0x0212, 0x0212, 0x0212, 0x0212, 0x0212, 0x0212,
    0x0212, 0x0212, 0x0212, 0x0212, 0x0212, 0x0212, 0x0212, 0x0212, 0x0212, 0x0211, 0x0211, 0x0212, 0x0211, 0x0212, 0x0211, 0x01F1,
    0x0212, 0x0212, 0x01F2, 0x0212, 0x0212, 0x0212, 0x0212, 0x0212, 0x0212, 0x0212, 0x0212, 0x0232, 0x01D1, 0x53B2, 0xFF77, 0xF6F4,
    0xFEF5, 0xFF36, 0xFEF4, 0xFEF4, 0xFF35, 0xF631, 0xF611, 0xF651, 0xFEF1, 0xFF95, 0xFF75, 0xFF12, 0xF651, 0xEE11, 0xF693, 0xF6F5,
    0xF6B4, 0xF672, 0xE651, 0xE630, 0xE5AF, 0xF630, 0xFEF1, 0xFF93, 0xFF12, 0xF691, 0xFF34, 0xFF74, 0xFF95, 0xFF75, 0xFF96, 0xFF96,
    0xF6B2, 0xF651, 0xFEF3, 0xFF53, 0xFF53, 0xF712, 0xF733, 0xFFB5, 0xFF34, 0xEE10, 0xDDB1, 0x3A8F, 0x016F, 0x8431, 0xD550, 0xC4AD,
    0xEE33, 0xFEB4, 0xFEB3, 0xFED3, 0xF6D2, 0xFF13, 0xF6B1, 0xFF13, 0xFFB7, 0xD6D6, 0x2A8D, 0x09EE, 0x4B91, 0xE6F6, 0x73CF, 0x014F,
    0x01D2, 0x0211, 0x1251, 0x1A71, 0x0A10, 0x0A30, 0x01F0, 0x224E, 0xCE11, 0xF6CF, 0xF6CF, 0xF6CF, 0xE66E, 0xBDA9, 0xB548, 0xB4E8,
    0xAD07, 0xA4E7, 0xB548, 0xBD48, 0xBD88, 0xBDA8, 0xB588, 0xBD88, 0xCDC9, 0xC588, 0xA506, 0x8CA3, 0x9503, 0x7463, 0x53A2, 0x4B42,
    0x4303, 0x3282, 0x53C3, 0x5BC4, 0x3AE3, 0x4B04, 0x4B03, 0x5303, 0x6343, 0x6BA4, 0x5B63, 0x5342, 0x4B42, 0x4B82, 0x53C2, 0x4B82,
    0x4322, 0x4B62, 0x4322, 0x4342, 0x4BA2, 0x4381, 0x53A3, 0x3AEB, 0x09EF, 0x22AC, 0x124D, 0x0211, 0x0211, 0x0211, 0x0212, 0x0211,
    0x01F2, 0x0211, 0x0211, 0x0212, 0x0211, 0x0211, 0x01F1, 0x0211, 0x0211, 0x0211, 0x0212, 0x0212, 0x0211, 0x0211, 0x0212, 0x0211,
    0x0211, 0x0211, 0x0212, 0x0212, 0x0212, 0x0212, 0x0211, 0x0212, 0x0211, 0x0211, 0x0211, 0x0211, 0x0211, 0x0211, 0x0211, 0x0212,
    0x0211, 0x0212, 0x0212, 0x0212, 0x0212, 0x0211, 0x0211, 0x0211, 0x0211, 0x0211, 0x0211, 0x0211, 0x0211, 0x0211, 0x0211, 0x0212,
    0x0211, 0x0212, 0x0211, 0x0211, 0x0211, 0x0212, 0x0212, 0x0212, 0x0212, 0x0211, 0x0211, 0x0211, 0x0211, 0x0211, 0x0211, 0x0212,
    0x0212, 0x0212, 0x0212, 0x0211, 0x0212, 0x0212, 0x0212, 0x0212, 0x0212, 0x0212, 0x0212, 0x0212, 0x0212, 0x0212, 0x0212, 0x0212,
    0x0212, 0x0212, 0x0212, 0x0212, 0x0212, 0x0212, 0x0212, 0x0212, 0x0212, 0x0212, 0x0212, 0x0212, 0x0212, 0x0212, 0x0212, 0x0212,
    0x0212, 0x0212, 0x0212, 0x0212, 0x0211, 0x0211, 0x0211, 0x0212, 0x01F1, 0x224F, 0x63B0, 0x0A10, 0x122F, 0x5348, 0x52E2, 0xA408,
    0xCCAC, 0xDD2D, 0xC4CB, 0x6B45, 0x8C86, 0x32EC, 0x01F2, 0x0232, 0x0212, 0x0212, 0x0212, 0x0212, 0x0212, 0x0212, 0x0212, 0x0211,
    0x01F1, 0x01F0, 0x0A2F, 0x0A2F, 0x01D1, 0x0251, 0x1B53, 0x0A30, 0x1270, 0x0211, 0x01F1, 0x0212, 0x0212, 0x0212, 0x0212, 0x0212,
    0x0212, 0x0212, 0x0212, 0x0212, 0x0212, 0x0212, 0x0212, 0x0212, 0x0212, 0x0211, 0x0212, 0x0212, 0x0212, 0x0212, 0x0212, 0x0212,
    0x0212, 0x0212, 0x0212, 0x0212, 0x0212, 0x0212, 0x0212, 0x0212, 0x0212, 0x0212, 0x0212, 0x0212, 0x0212, 0x0212, 0x0212, 0x0212,
    0x0212, 0x0212, 0x0212, 0x0212, 0x0212, 0x0212, 0x0212, 0x0212, 0x0212, 0x0212, 0x0232, 0x0212, 0x1A4F, 0xE6D7, 0xFF56, 0xFF35,
    0xFF15, 0xFF36, 0xFF15, 0xFEB3, 0xF610, 0xF610, 0xFEB1, 0xFF13, 0xFF53, 0xFF74, 0xFF53, 0xFF54, 0xFF34, 0xF693, 0xFF15, 0xF693,
    0xDDB0, 0xE5F1, 0xF6D3, 0xFF55, 0xEE71, 0xF690, 0xFF72, 0xFF53, 0xF691, 0xFF55, 0xFFB7, 0xFF74, 0xF690, 0xEDEE, 0xFEF1, 0xFF33,
    0xFEF2, 0xFEB2, 0xF671, 0xF6B0, 0xFF74, 0xFF74, 0xF713, 0xFF96, 0xEEF3, 0xE611, 0xF632, 0x83F0, 0x01B0, 0x1210, 0x9CB1, 0xD52F,
    0xE5B1, 0xF693, 0xFF15, 0xF672, 0xF672, 0xFF13, 0xFF12, 0xFF33, 0xFFD7, 0xF796, 0xD6D5, 0xDEF5, 0xFF96, 0xFF14, 0xBCEE, 0x738E,
    0x2AB1, 0x01F2, 0x0213, 0x01F2, 0x0212, 0x0212, 0x0212, 0x01F1, 0x3ACE, 0xC5D0, 0xEEB1, 0xF6B0, 0xD62C, 0xB569, 0xBD49, 0xBD08,
    0xB508, 0xB528, 0xAD07, 0xB548, 0xBD88, 0xBD89, 0xBD69, 0xBD28, 0xBD28, 0xBD28, 0x9CC5, 0x94C5, 0x9D25, 0x8CE4, 0x5C02, 0x4BA2,
    0x4302, 0x6384, 0x7464, 0x6404, 0x4B64, 0x4B44, 0x4B24, 0x4AC3, 0x5303, 0x6B84, 0x6BA4, 0x5B83, 0x53A2, 0x53E2, 0x5402, 0x5BE2,
    0x4B82, 0x4B82, 0x53A2, 0x4B81, 0x53A1, 0x5BE5, 0x2ACC, 0x01D1, 0x22CE, 0x4B87, 0x01CC, 0x0232, 0x0211, 0x0211, 0x0211, 0x0211,
    0x01F1, 0x0211, 0x01F1, 0x0211, 0x0211, 0x0211, 0x0211, 0x0211, 0x0211, 0x0211, 0x0211, 0x0212, 0x0212, 0x0212, 0x0212, 0x0212,
    0x0211, 0x0211, 0x0212, 0x0212, 0x0212, 0x0212, 0x0211, 0x0212, 0x0211, 0x0211, 0x0211, 0x0211, 0x0211, 0x0211, 0x01F1, 0x0212,
    0x0212, 0x0212, 0x0211, 0x0212, 0x0212, 0x0211, 0x0211, 0x0211, 0x0211, 0x0212, 0x0212, 0x0212, 0x0212, 0x0211, 0x0211, 0x0211,
    0x0211, 0x0211, 0x0211, 0x0211, 0x0211, 0x0211, 0x0211, 0x0211, 0x0211, 0x0211, 0x0211, 0x0211, 0x0211, 0x0211, 0x0211, 0x0211,
    0x0211, 0x0211, 0x01F1, 0x0212, 0x0212, 0x0212, 0x0211, 0x0212, 0x0212, 0x0212, 0x0212, 0x0212, 0x0212, 0x0212, 0x0212, 0x0212,
    0x0212, 0x0212, 0x0212, 0x0212, 0x0212, 0x0212, 0x0212, 0x0212, 0x0212, 0x0211, 0x0211, 0x0212, 0x0212, 0x0212, 0x0212, 0x0212,
    0x0212, 0x0212, 0x0212, 0x0212, 0x0211, 0x0211, 0x0211, 0x0211, 0x0212, 0x01F1, 0x1A50, 0x0A31, 0x01F1, 0x1A6D, 0x5365, 0x73A4,
    0xAC29, 0xD52D, 0xB4AB, 0x5303, 0x6C04, 0x2ACB, 0x01F2, 0x0232, 0x0212, 0x0212, 0x0212, 0x0212, 0x01F2, 0x01F2, 0x01F1, 0x0211,
    0x0A2F, 0x2ACB, 0x3B2A, 0x4BC9, 0x4BA8, 0x330C, 0x0A2F, 0x0212, 0x0A51, 0x0A50, 0x0211, 0x0212, 0x0212, 0x0212, 0x0212, 0x0212,
    0x0212, 0x0212, 0x0212, 0x0212, 0x0212, 0x0212, 0x0212, 0x0212, 0x0212, 0x0212, 0x0212, 0x0212, 0x0212, 0x0212, 0x0212, 0x0211,
    0x0212, 0x0212, 0x0212, 0x0212, 0x0212, 0x0212, 0x0212, 0x0211, 0x0212, 0x0212, 0x0212, 0x0212, 0x0212, 0x0212, 0x0212, 0x0212,
    0x0212, 0x0212, 0x0212, 0x0212, 0x0212, 0x0212, 0x0212, 0x0212, 0x0212, 0x0212, 0x0232, 0x01B0, 0x7C72, 0xFF75, 0xFF14, 0xF6D3,
    0xFEF4, 0xFF35, 0xFED3, 0xFE91, 0xFE91, 0xFE50, 0xFDEF, 0xF5EF, 0xFED2, 0xFF33, 0xFF53, 0xFF75, 0xFF54, 0xFF14, 0xFF35, 0xEE93,
    0xDDF1, 0xEE52, 0xF6B2, 0xFF54, 0xFF34, 0xF6B1, 0xFE90, 0xF670, 0xF690, 0xFF75, 0xFF96, 0xFF34, 0xE5AE, 0xF62E, 0xF68E, 0xFED0,
    0xFEF1, 0xFEF2, 0xF6D1, 0xF6F1, 0xFF94, 0xFF94, 0xF733, 0xEEF4, 0xD5D1, 0xE631, 0xF693, 0xD5D3, 0x3AF1, 0x01B1, 0x4B30, 0xD570,
    0xE5F1, 0xFED4, 0xFEF4, 0xEE72, 0xEE51, 0xFF33, 0xFF12, 0xFF54, 0xFFB6, 0xFF95, 0xFFD6, 0xFF12, 0xFE70, 0xFEB2, 0xF6B3, 0xD56E,
    0xC5B2, 0x32D0, 0x01F1, 0x0212, 0x0212, 0x0212, 0x0212, 0x0232, 0x01F1, 0x3AEE, 0xAD2D, 0xD5CC, 0xBD69, 0xBD29, 0xCD49, 0xC529,
    0xB4E8, 0xB508, 0xB509, 0xA507, 0x94E6, 0x9CE6, 0xAD07, 0xACA6, 0xB507, 0xA4E6, 0x9CE5, 0x9D05, 0x8CE3, 0x8D04, 0x6443, 0x4341,
    0x4323, 0x9CA8, 0x8C65, 0x5BA3, 0x5384, 0x4B44, 0x4B24, 0x4303, 0x4303, 0x5343, 0x5383, 0x53A3, 0x5C03, 0x6482, 0x6482, 0x5C22,
    0x53E1, 0x53C1, 0x7465, 0x4B67, 0x32E9, 0x1A4D, 0x01F1, 0x0212, 0x1AAF, 0x32C9, 0x01EF, 0x0212, 0x0212, 0x0211, 0x0211, 0x0211,
    0x0212, 0x0211, 0x0211, 0x0211, 0x0211, 0x0211, 0x0211, 0x0211, 0x0211, 0x0211, 0x0211, 0x0211, 0x0212, 0x0212, 0x0212, 0x0211,
    0x0212, 0x0211, 0x0211, 0x0212, 0x0212, 0x0211, 0x0211, 0x0211, 0x0211, 0x0211, 0x0211, 0x0211, 0x0211, 0x0211, 0x0212, 0x0212,
    0x0211, 0x0212, 0x0212, 0x0212, 0x0211, 0x0211, 0x0211, 0x0211, 0x0212, 0x0212, 0x0212, 0x0212, 0x0212, 0x0211, 0x0211, 0x0212,
    0x0211, 0x0211, 0x0211, 0x0211, 0x0211, 0x0211, 0x0211, 0x0211, 0x0211, 0x01F1, 0x0211, 0x0211, 0x0211, 0x0211, 0x0211, 0x0211,
    0x0211, 0x0210, 0x0A10, 0x0A10, 0x01F1, 0x0212, 0x0211, 0x0212, 0x0212, 0x0212, 0x0212, 0x0212, 0x0212, 0x0212, 0x0212, 0x0212,
    0x0212, 0x0212, 0x0212, 0x0212, 0x0212, 0x0212, 0x0211, 0x0211, 0x0212, 0x0211, 0x0212, 0x0212, 0x0211, 0x0211, 0x0211, 0x0211,
    0x0212, 0x0211, 0x0211, 0x0212, 0x0212, 0x0211, 0x0211, 0x0212, 0x0212, 0x0212, 0x0211, 0x0212, 0x0212, 0x0211, 0x3308, 0x5382,
    0x83E5, 0xA427, 0xAC69, 0x52C4, 0x5BC3, 0x2AEB, 0x01F2, 0x0232, 0x0212, 0x0212, 0x0212, 0x0A31, 0x22AE, 0x2ACC, 0x124E, 0x01F1,
    0x0A30, 0x124E, 0x1A8E, 0x122D, 0x2ACA, 0x5408, 0x5C29, 0x1A8C, 0x0211, 0x0232, 0x0A51, 0x0A31, 0x0211, 0x0212, 0x0212, 0x0212,
    0x0212, 0x0212, 0x0212, 0x0212, 0x0212, 0x0212, 0x0212, 0x0212, 0x0212, 0x0212, 0x0212, 0x0212, 0x0212, 0x0212, 0x0212, 0x0212,
    0x0212, 0x0212, 0x0212, 0x0212, 0x0212, 0x0212, 0x0212, 0x0211, 0x0212, 0x0212, 0x0212, 0x0212, 0x0212, 0x0212, 0x0212, 0x0211,
    0x0212, 0x0212, 0x0212, 0x0212, 0x0212, 0x0212, 0x0212, 0x0212, 0x0212, 0x0211, 0x01F1, 0x122F, 0xDEB5, 0xFF54, 0xF6F2, 0xFEB1,
    0xF692, 0xFEF3, 0xFF33, 0xFF32, 0xFEF1, 0xFE2F, 0xFDAE, 0xF5CE, 0xFEB1, 0xFF54, 0xFF75, 0xFF75, 0xFF54, 0xFF14, 0xFF34, 0xFF55,
    0xFEF3, 0xFEF2, 0xFF33, 0xFF74, 0xFF54, 0xFEF3, 0xEDAE, 0xF62F, 0xFEF2, 0xF6D2, 0xEE72, 0xE5F0, 0xDD4D, 0xF6B0, 0xFEAF, 0xFEB0,
    0xFF11, 0xF6B0, 0xF690, 0xFF73, 0xFF94, 0xFF74, 0xFF74, 0xF714, 0xFF14, 0xF672, 0xE612, 0xE5D1, 0xACF2, 0x0A10, 0x32F1, 0xCD50,
    0xE5F1, 0xE5F0, 0xF692, 0xF6B2, 0xF6D2, 0xFF33, 0xFF33, 0xFF54, 0xFFB6, 0xFF95, 0xFF95, 0xFEB1, 0xF5EE, 0xFEB1, 0xFF35, 0xFF55,
    0xDE96, 0x1A4F, 0x01F1, 0x0212, 0x0212, 0x0212, 0x0212, 0x0212, 0x0232, 0x0210, 0x7BCC, 0xC4E9, 0x9448, 0x9447, 0xBCC7, 0xB486,
    0xACA7, 0xB4C8, 0xA487, 0x9CA6, 0x8C65, 0xA4A6, 0xBD28, 0xB527, 0xA4E6, 0x8C85, 0x7C68, 0x5388, 0x3B2A, 0x2AEC, 0x3B49, 0x5C04,
    0x4302, 0xB509, 0x9C86, 0x5B83, 0x5BC4, 0x4B64, 0x4363, 0x4B84, 0x4BC4, 0x53E4, 0x6C44, 0x53C2, 0x53E3, 0x5C06, 0x5C07, 0x6424,
    0x4B87, 0x32EA, 0x1A4C, 0x01F0, 0x01D1, 0x01F1, 0x0211, 0x0212, 0x0211, 0x0230, 0x0212, 0x0212, 0x0212, 0x0212, 0x0211, 0x0211,
    0x0211, 0x0211, 0x0211, 0x0211, 0x0211, 0x0211, 0x0211, 0x0211, 0x0211, 0x0211, 0x0211, 0x0211, 0x0211, 0x0211, 0x0211, 0x0212,
    0x0211, 0x0211, 0x0212, 0x0211, 0x0212, 0x0212, 0x0211, 0x0211, 0x0211, 0x0211, 0x0211, 0x0211, 0x0211, 0x0211, 0x0212, 0x0212,
    0x0211, 0x0212, 0x0212, 0x0212, 0x0212, 0x0212, 0x0212, 0x0211, 0x0211, 0x0212, 0x0212, 0x01F2, 0x0211, 0x0211, 0x0212, 0x0212,
    0x0211, 0x0211, 0x0211, 0x0211, 0x0211, 0x0211, 0x0211, 0x0211, 0x0211, 0x0211, 0x0211, 0x0211, 0x0211, 0x0212, 0x0211, 0x0211,
    0x0212, 0x0211, 0x0211, 0x1230, 0x124F, 0x0211, 0x0212, 0x0212, 0x0212, 0x0212, 0x0212, 0x0211, 0x0211, 0x0212, 0x0212, 0x0212,
    0x0212, 0x0212, 0x0212, 0x0212, 0x0211, 0x0211, 0x0211, 0x0211, 0x0211, 0x0211, 0x0211, 0x0211, 0x0211, 0x0211, 0x0211, 0x0211,
    0x0212, 0x0212, 0x0212, 0x0212, 0x0212, 0x0212, 0x0212, 0x0212, 0x0211, 0x0211, 0x0211, 0x0211, 0x0212, 0x01F1, 0x3329, 0x53A1,
    0x6C03, 0x6BC3, 0x8C05, 0x83C7, 0x5B63, 0x4BA8, 0x0230, 0x0232, 0x0232, 0x0232, 0x01F1, 0x330A, 0x6444, 0x53C3, 0x1A6A, 0x01F1,
    0x0212, 0x0211, 0x0211, 0x01F2, 0x01D1, 0x01EF, 0x4389, 0x74A6, 0x4389, 0x126F, 0x1271, 0x01D1, 0x01F1, 0x01F2, 0x0212, 0x0212,
    0x0212, 0x0212, 0x0212, 0x0212, 0x0212, 0x0212, 0x0212, 0x0212, 0x0212, 0x0212, 0x0212, 0x0212, 0x0212, 0x0212, 0x0212, 0x0212,
    0x0212, 0x0212, 0x0212, 0x0212, 0x0212, 0x0212, 0x0212, 0x0212, 0x0212, 0x0212, 0x0212, 0x0212, 0x0212, 0x0212, 0x0212, 0x0212,
    0x0212, 0x0212, 0x0212, 0x0212, 0x0212, 0x0212, 0x0212, 0x0212, 0x0211, 0x0211, 0x0211, 0x01CF, 0x9512, 0xFFD6, 0xFEF2, 0xF670,
    0xF6B1, 0xFF74, 0xFF73, 0xFF32, 0xFF32, 0xFF33, 0xFF53, 0xFF74, 0xFF74, 0xFF54, 0xFF55, 0xFF34, 0xFF14, 0xFEF3, 0xFF34, 0xFF54,
    0xFF13, 0xFEF2, 0xFEF2, 0xFF74, 0xFF73, 0xFF53, 0xF6D2, 0xFEB1, 0xFF32, 0xF6B2, 0xC50E, 0xB44B, 0xCCEB, 0xFF11, 0xF68E, 0xFED0,
    0xFEF1, 0xFED1, 0xFEF1, 0xFF73, 0xFF73, 0xFF53, 0xFF13, 0xFF34, 0xFF34, 0xF6D3, 0xF693, 0xF674, 0xCD72, 0x32B0, 0x0A10, 0x8C50,
    0xC4ED, 0xD52E, 0xF693, 0xF6D3, 0xFF33, 0xFF53, 0xFF33, 0xFF74, 0xFFB6, 0xFF96, 0xFF95, 0xFED1, 0xFE91, 0xFF34, 0xFFB7, 0xDEF6,
    0x3B0F, 0x01B0, 0x0212, 0x0212, 0x0212, 0x0212, 0x0212, 0x0212, 0x0212, 0x01F2, 0x0A0F, 0x3AEE, 0x224C, 0x8C29, 0xCD47, 0xBCE7,
    0xBD07, 0xACE7, 0xA4E7, 0xA4E7, 0xAD07, 0xBD08, 0xB4E7, 0xA507, 0xAD26, 0x9D0B, 0x0A0E, 0x01F1, 0x01F2, 0x01F3, 0x0210, 0x4BE9,
    0x5BA3, 0xACE9, 0x9C87, 0x5B83, 0x5BE4, 0x5383, 0x5C04, 0x4BE4, 0x4BE4, 0x4BC4, 0x4BA2, 0x6C43, 0x4348, 0x01F0, 0x0A0E, 0x4B89,
    0x0A2E, 0x01F2, 0x01F2, 0x0212, 0x0211, 0x0211, 0x0211, 0x0211, 0x0212, 0x0212, 0x0212, 0x0212, 0x0212, 0x0212, 0x0211, 0x0211,
    0x0211, 0x0211, 0x0211, 0x0211, 0x0211, 0x0211, 0x0211, 0x0211, 0x0211, 0x0211, 0x0211, 0x0212, 0x0211, 0x0211, 0x0211, 0x0211,
    0x0211, 0x0211, 0x0212, 0x0212, 0x0212, 0x0212, 0x0211, 0x0211, 0x0211, 0x0211, 0x0211, 0x0211, 0x0212, 0x0212, 0x01F2, 0x0212,
    0x0212, 0x0212, 0x0212, 0x0212, 0x0212, 0x0212, 0x0212, 0x0211, 0x0212, 0x0212, 0x0212, 0x0212, 0x0212, 0x0211, 0x0211, 0x0212,
    0x0211, 0x0211, 0x0211, 0x0211, 0x0211, 0x0211, 0x0211, 0x0211, 0x0211, 0x0211, 0x0211, 0x0211, 0x0211, 0x0212, 0x0212, 0x0212,
    0x0212, 0x0212, 0x0212, 0x01F0, 0x2A8D, 0x122F, 0x0212, 0x0212, 0x0211, 0x0212, 0x0211, 0x0211, 0x0211, 0x0212, 0x0212, 0x0212,
    0x0211, 0x0212, 0x0212, 0x0211, 0x0211, 0x0211, 0x0211, 0x0211, 0x0211, 0x0211, 0x0211, 0x0211, 0x0211, 0x0211, 0x0211, 0x0211,
    0x0211, 0x0212, 0x0212, 0x0211, 0x0212, 0x0212, 0x0211, 0x0212, 0x0212, 0x0211, 0x0211, 0x0211, 0x0212, 0x0211, 0x228B, 0x4B43,
    0x5B82, 0x5BA3, 0x5B62, 0x7384, 0x8BE7, 0x6BE5, 0x22EC, 0x01F2, 0x0212, 0x01F2, 0x020E, 0x4385, 0x4381, 0x4365, 0x0A0D, 0x01F1,
    0x0211, 0x0211, 0x0212, 0x0211, 0x0211, 0x0212, 0x0211, 0x1A8E, 0x1AAD, 0x0A0F, 0x2AAC, 0x5388, 0x3B08, 0x228C, 0x0210, 0x0212,
    0x0212, 0x0212, 0x0212, 0x0212, 0x0212, 0x0212, 0x0212, 0x0212, 0x0212, 0x0212, 0x0212, 0x0212, 0x0212, 0x0212, 0x0212, 0x0212,
    0x0212, 0x0212, 0x0212, 0x0212, 0x0212, 0x0211, 0x0212, 0x0212, 0x0212, 0x0212, 0x0211, 0x0212, 0x0212, 0x0212, 0x0212, 0x0212,
    0x0211, 0x0212, 0x0212, 0x0212, 0x0212, 0x0212, 0x0212, 0x0212, 0x0212, 0x0211, 0x0212, 0x018F, 0x6C31, 0xFFB5, 0xF690, 0xF690,
    0xFF32, 0xFF94, 0xFF73, 0xFF73, 0xFF94, 0xFFB5, 0xFFB5, 0xFFB6, 0xFFB5, 0xFF13, 0xFEF2, 0xFEF2, 0xF671, 0xFED3, 0xFF13, 0xFF13,
    0xFF33, 0xFEB1, 0xEE30, 0xFF54, 0xFF95, 0xFF53, 0xFF75, 0xFF95, 0xFF53, 0xFF54, 0xEEB3, 0xD56F, 0xDD8D, 0xFED0, 0xFEF0, 0xFE6F,
    0xF62F, 0xFEF2, 0xFF94, 0xFF52, 0xFF32, 0xFF33, 0xFEF2, 0xFF33, 0xFF54, 0xFF34, 0xF6D4, 0xEE52, 0xDDD2, 0x2A8F, 0x01F2, 0x09EF,
    0x8C2F, 0xDD8F, 0xEE31, 0xEE50, 0xFF33, 0xFF33, 0xFF54, 0xFF95, 0xFF75, 0xFF54, 0xFEF2, 0xF691, 0xFF36, 0xF798, 0xFFFA, 0x9D34,
    0x016E, 0x0232, 0x0211, 0x0212, 0x0212, 0x0212, 0x0212, 0x0212, 0x0212, 0x0211, 0x0211, 0x01D2, 0x01CF, 0x8409, 0xD528, 0xCD08,
    0xBD28, 0xACE6, 0xAD06, 0x9CE5, 0x8CA5, 0xA4C6, 0x9CC6, 0x7C24, 0x6BC8, 0x228E, 0x0212, 0x0232, 0x0232, 0x0232, 0x0212, 0x0A2E,
    0x3B07, 0x8C66, 0x8C46, 0x5342, 0x5383, 0x5BE4, 0x6C45, 0x5C25, 0x4BA4, 0x3B22, 0x4B63, 0x5388, 0x09EE, 0x01D1, 0x332A, 0x5BE5,
    0x126E, 0x0212, 0x0212, 0x0212, 0x0212, 0x0211, 0x0211, 0x0212, 0x0212, 0x0211, 0x0211, 0x0211, 0x0211, 0x0211, 0x0211, 0x0211,
    0x0211, 0x0211, 0x0211, 0x0211, 0x0211, 0x0211, 0x0211, 0x0211, 0x0211, 0x0211, 0x0211, 0x0211, 0x0211, 0x0212, 0x0212, 0x0211,
    0x0212, 0x0212, 0x0212, 0x0212, 0x0212, 0x0212, 0x0212, 0x0212, 0x0211, 0x0211, 0x0211, 0x0211, 0x0212, 0x0211, 0x0212, 0x0212,
    0x0212, 0x0212, 0x0211, 0x0211, 0x0211, 0x0211, 0x0211, 0x0211, 0x0212, 0x0212, 0x0211, 0x0211, 0x0211, 0x0211, 0x0211, 0x0211,
    0x0211, 0x0211, 0x0211, 0x0211, 0x0211, 0x0211, 0x0211, 0x0211, 0x0211, 0x0211, 0x0211, 0x0211, 0x0211, 0x0212, 0x0212, 0x0212,
    0x0212, 0x0212, 0x0212, 0x0211, 0x01F0, 0x0211, 0x0212, 0x0211, 0x0211, 0x0211, 0x0211, 0x0211, 0x0212, 0x0212, 0x0211, 0x0212,
    0x0212, 0x0212, 0x0211, 0x0211, 0x0211, 0x0211, 0x0211, 0x0211, 0x0211, 0x0211, 0x0211, 0x0211, 0x0211, 0x0211, 0x0211, 0x0211,
    0x0211, 0x0211, 0x0211, 0x0211, 0x0211, 0x0211, 0x0211, 0x0212, 0x0212, 0x0211, 0x0211, 0x0212, 0x0212, 0x0212, 0x01F1, 0x120C,
    0x3285, 0x5342, 0x5B82, 0x6383, 0x8BA6, 0x73A5, 0x53E6, 0x2B0C, 0x22CD, 0x332B, 0x3B47, 0x4BE3, 0x3B21, 0x2AE7, 0x01EF, 0x0211,
    0x0211, 0x0212, 0x0212, 0x0212, 0x0212, 0x0231, 0x128E, 0x0A30, 0x01F2, 0x1270, 0x2AAB, 0x5BA7, 0x5B86, 0x3AE9, 0x1A6D, 0x124E,
    0x126E, 0x0210, 0x0211, 0x0212, 0x0212, 0x0212, 0x0212, 0x0212, 0x0212, 0x0212, 0x0212, 0x0212, 0x0212, 0x0212, 0x0212, 0x0212,
    0x0212, 0x0212, 0x0212, 0x0212, 0x0211, 0x0212, 0x0211, 0x0212, 0x0212, 0x0212, 0x0211, 0x0212, 0x0212, 0x0212, 0x0212, 0x0212,
    0x0212, 0x0212, 0x0212, 0x0212, 0x0212, 0x0212, 0x0212, 0x0212, 0x0212, 0x0212, 0x0232, 0x01D1, 0x4B50, 0xFF74, 0xFF73, 0xFEF1,
    0xFEB0, 0xF6F1, 0xFF94, 0xFF94, 0xFFB5, 0xFFD7, 0xFFD7, 0xFFB5, 0xFF93, 0xFF32, 0xFF32, 0xFEF2, 0xFE91, 0xFF12, 0xFF33, 0xFF33,
    0xFF12, 0xFEB1, 0xE5AF, 0xDE10, 0xFF95, 0xFFB6, 0xFFB6, 0xFFB8, 0xFFD7, 0xFF95, 0xFF54, 0xFF14, 0xFED2, 0xFEB0, 0xFE8F, 0xF60F,
    0xF64F, 0xFF54, 0xFF94, 0xFF11, 0xFF12, 0xFF32, 0xFF12, 0xFEF2, 0xFEF2, 0xFEF2, 0xFEF4, 0xF673, 0xE5D1, 0x9491, 0x1250, 0x01F1,
    0x32CF, 0xC52F, 0xD54D, 0xEDCE, 0xFEF1, 0xFF53, 0xFF54, 0xFEF3, 0xFEF3, 0xFF14, 0xF6F4, 0xF715, 0xFFD9, 0xFFFA, 0xB5D6, 0x2250,
    0x0211, 0x0212, 0x0212, 0x0212, 0x0212, 0x0212, 0x0212, 0x0212, 0x0212, 0x0212, 0x0211, 0x0232, 0x01F0, 0x6B8A, 0xDD4A, 0xCCE9,
    0xB4C7, 0xACE6, 0xC567, 0xB567, 0x94E5, 0x94C5, 0x8C45, 0x4B08, 0x09EE, 0x01F1, 0x0232, 0x0212, 0x0212, 0x0212, 0x0211, 0x01F1,
    0x0A0C, 0x7447, 0x9D07, 0x5BC2, 0x4BA2, 0x6444, 0x5403, 0x53E3, 0x4B82, 0x4BA3, 0x4B62, 0x3AE7, 0x01EF, 0x01F0, 0x330A, 0x2289,
    0x01F0, 0x0212, 0x0212, 0x0212, 0x0212, 0x0212, 0x0212, 0x0212, 0x0210, 0x1A6C, 0x124C, 0x0210, 0x0212, 0x0212, 0x0212, 0x0212,
    0x0211, 0x0211, 0x0211, 0x0211, 0x0211, 0x0212, 0x0211, 0x0211, 0x0211, 0x0211, 0x0211, 0x0211, 0x0211, 0x0211, 0x0212, 0x0211,
    0x0211, 0x0211, 0x0212, 0x0212, 0x01F2, 0x0212, 0x0212, 0x0212, 0x0212, 0x0211, 0x0211, 0x0212, 0x0211, 0x0212, 0x0211, 0x0211,
    0x0212, 0x0212, 0x0212, 0x0211, 0x0211, 0x0211, 0x0211, 0x0211, 0x0212, 0x0212, 0x0211, 0x0211, 0x0211, 0x0211, 0x0211, 0x0211,
    0x0211, 0x0211, 0x0211, 0x0211, 0x0211, 0x0211, 0x0211, 0x0211, 0x0211, 0x0211, 0x0211, 0x0211, 0x0212, 0x0212, 0x0212, 0x0212,
    0x0212, 0x0212, 0x0212, 0x0212, 0x0212, 0x0212, 0x0211, 0x0211, 0x0211, 0x0211, 0x0211, 0x0211, 0x0211, 0x0212, 0x0212, 0x0212,
    0x0211, 0x0211, 0x0211, 0x0211, 0x0211, 0x0211, 0x0211, 0x0211, 0x0211, 0x0211, 0x0211, 0x0211, 0x0211, 0x0211, 0x0211, 0x0211,
    0x0211, 0x0211, 0x0211, 0x0212, 0x0211, 0x0211, 0x0211, 0x0211, 0x0212, 0x0211, 0x0212, 0x0212, 0x0212, 0x0211, 0x0212, 0x0212,
    0x0A0F, 0x1A29, 0x3AE4, 0x5363, 0x6BC4, 0x6364, 0x5362, 0x6423, 0x6403, 0x6443, 0x5402, 0x4BE2, 0x3B42, 0x226A, 0x01F1, 0x0212,
    0x0212, 0x0212, 0x0212, 0x0212, 0x0212, 0x0211, 0x124F, 0x0A2F, 0x0211, 0x0211, 0x0210, 0x0A2F, 0x0A10, 0x01F1, 0x0210, 0x0A30,
    0x0A2F, 0x0211, 0x0212, 0x0211, 0x0211, 0x0212, 0x0212, 0x0212, 0x0212, 0x0212, 0x0212, 0x0212, 0x0212, 0x0212, 0x0212, 0x0212,
    0x0212, 0x0211, 0x0211, 0x0211, 0x0211, 0x0212, 0x0212, 0x0212, 0x0212, 0x0212, 0x0212, 0x0212, 0x0212, 0x0212, 0x0212, 0x0212,
    0x0212, 0x0212, 0x0212, 0x0211, 0x0A31, 0x0211, 0x0211, 0x0211, 0x0212, 0x0212, 0x0232, 0x01D1, 0x4B4F, 0xFED2, 0xFE90, 0xF64F,
    0xF62F, 0xFED2, 0xFF54, 0xFF54, 0xFF12, 0xFF75, 0xFFB6, 0xFF73, 0xFF52, 0xFF52, 0xFF33, 0xFEB1, 0xFEB1, 0xFF12, 0xFF12, 0xFF32,
    0xFEB0, 0xF5CF, 0xE58F, 0xF6D3, 0xFFB6, 0xFFD8, 0xFFD9, 0xFFD8, 0xFFB6, 0xFF95, 0xFF74, 0xFF54, 0xFF54, 0xFF53, 0xF690, 0xF62F,
    0xF670, 0xFF74, 0xFF53, 0xFF12, 0xFF52, 0xFF73, 0xFEF2, 0xF64F, 0xFED0, 0xF690, 0xFED2, 0xF6B2, 0xDDAF, 0xD50E, 0x7C10, 0x0211,
    0x0211, 0x638F, 0xBCCC, 0xDD4D, 0xFED2, 0xFF13, 0xFEB1, 0xFE92, 0xFF15, 0xF736, 0xFF77, 0xFF77, 0xE6D6, 0x7452, 0x09EF, 0x01F1,
    0x0212, 0x0212, 0x0212, 0x0212, 0x0212, 0x0212, 0x0212, 0x0212, 0x0212, 0x0212, 0x0212, 0x0212, 0x01F1, 0x3AEB, 0xC4C8, 0xD4E9,
    0xBCA7, 0xBCE7, 0xDDCB, 0xD5CA, 0x9CE5, 0x7C25, 0x4B4A, 0x01EF, 0x0211, 0x0211, 0x0211, 0x0212, 0x0212, 0x0211, 0x0211, 0x0211,
    0x01EE, 0x7449, 0xC5E9, 0x7C84, 0x5C23, 0x6C43, 0x7484, 0x6C03, 0x8484, 0x8CC5, 0x6C23, 0x4B83, 0x22AA, 0x01F1, 0x01F1, 0x01F1,
    0x0212, 0x0212, 0x0212, 0x0212, 0x0212, 0x0212, 0x0212, 0x01F2, 0x020F, 0x4365, 0x4345, 0x01EE, 0x0212, 0x0211, 0x0212, 0x0211,
    0x0212, 0x0211, 0x0211, 0x0212, 0x0211, 0x0211, 0x0211, 0x0212, 0x0211, 0x0211, 0x0211, 0x0211, 0x0211, 0x0211, 0x0212, 0x0211,
    0x0211, 0x0212, 0x0212, 0x0211, 0x0212, 0x0212, 0x0212, 0x0212, 0x0212, 0x0212, 0x0212, 0x0212, 0x0212, 0x0212, 0x0212, 0x0212,
    0x0212, 0x0212, 0x0212, 0x0212, 0x0211, 0x0211, 0x0211, 0x0211, 0x0211, 0x0211, 0x0211, 0x0211, 0x0211, 0x0211, 0x0211, 0x0212,
    0x0211, 0x0211, 0x0211, 0x0211, 0x0211, 0x0211, 0x0211, 0x0211, 0x0211, 0x0211, 0x0211, 0x0212, 0x0212, 0x0212, 0x0212, 0x0212,
    0x0212, 0x0212, 0x0212, 0x0212, 0x0212, 0x0212, 0x0211, 0x0211, 0x0211, 0x0212, 0x0211, 0x0211, 0x0212, 0x0211, 0x0211, 0x0211,
    0x0211, 0x0211, 0x0211, 0x0211, 0x0211, 0x0211, 0x0211, 0x0211, 0x0211, 0x0211, 0x0211, 0x0211, 0x0211, 0x0212, 0x0211, 0x0211,
    0x0211, 0x0211, 0x0211, 0x0212, 0x0211, 0x0211, 0x0211, 0x0211, 0x0211, 0x0212, 0x0212, 0x0212, 0x0211, 0x0211, 0x0212, 0x0211,
    0x0212, 0x01F2, 0x0A0F, 0x122A, 0x32C6, 0x4B03, 0x4AE3, 0x3AE4, 0x42E2, 0x4B22, 0x4B83, 0x4BA2, 0x3B03, 0x122D, 0x0210, 0x0210,
    0x0211, 0x0212, 0x0232, 0x0212, 0x0212, 0x0212, 0x0212, 0x0212, 0x0212, 0x0212, 0x0212, 0x0212, 0x0212, 0x0212, 0x0212, 0x0212,
    0x0212, 0x0212, 0x0212, 0x0211, 0x0A30, 0x0211, 0x0212, 0x0212, 0x0212, 0x0212, 0x0212, 0x0212, 0x0212, 0x0212, 0x0212, 0x0212,
    0x0212, 0x0211, 0x0211, 0x0211, 0x0211, 0x0211, 0x0212, 0x0212, 0x0211, 0x0212, 0x0212, 0x0211, 0x0212, 0x0212, 0x0212, 0x0212,
    0x0212, 0x0212, 0x0212, 0x0211, 0x0A31, 0x0211, 0x0A31, 0x0211, 0x0212, 0x0212, 0x0232, 0x01B0, 0x7C30, 0xFE4E, 0xF62E, 0xF62F,
    0xF5EE, 0xF60E, 0xEE2F, 0xFE90, 0xF64F, 0xFEB0, 0xFEF1, 0xFF12, 0xFEF1, 0xFE90, 0xFE90, 0xF60E, 0xF5EE, 0xF62F, 0xFE90, 0xFE90,
    0xFE50, 0xF62F, 0xF6F3, 0xFFD7, 0xFFB7, 0xFFB8, 0xFFD8, 0xFFB7, 0xFFD8, 0xFFD9, 0xFFB8, 0xFFB7, 0xFFB5, 0xFF53, 0xFEF1, 0xFE70,
    0xFED1, 0xFF53, 0xFEF0, 0xFEF1, 0xFF73, 0xFF33, 0xFEB1, 0xFE2E, 0xFE4E, 0xFE50, 0xF60F, 0xF650, 0xF671, 0xD56D, 0xB4EF, 0x1250,
    0x0212, 0x122E, 0xB4EF, 0xD54E, 0xF693, 0xFEF3, 0xF692, 0xE631, 0xF6D4, 0xFF14, 0xCDD2, 0x4B2F, 0x120F, 0x01D0, 0x0232, 0x0232,
    0x0212, 0x0212, 0x0212, 0x0212, 0x0212, 0x0211, 0x0212, 0x0212, 0x0212, 0x0212, 0x0212, 0x0212, 0x0212, 0x1A6D, 0xA488, 0xCCC8,
    0xDCE9, 0xDD6A, 0xCD49, 0xACE8, 0xA4E9, 0x430C, 0x0210, 0x0212, 0x0211, 0x0211, 0x0211, 0x0211, 0x0212, 0x0211, 0x0211, 0x0212,
    0x0A2E, 0x7CAB, 0x8CCE, 0x3B0A, 0x6445, 0x6423, 0x7C84, 0x63E2, 0x9CA5, 0xAD05, 0x9D05, 0x7443, 0x4343, 0x228B, 0x01F1, 0x0212,
    0x0212, 0x0212, 0x0212, 0x0212, 0x0212, 0x0212, 0x0212, 0x01F1, 0x1A6D, 0x5BA4, 0x3B06, 0x01EF, 0x0212, 0x0212, 0x0212, 0x0212,
    0x0212, 0x0212, 0x0211, 0x0212, 0x0211, 0x0211, 0x0211, 0x0211, 0x0211, 0x0211, 0x0212, 0x0212, 0x0212, 0x0212, 0x0212, 0x0212,
    0x0212, 0x0212, 0x0212, 0x0212, 0x0212, 0x0212, 0x0212, 0x0212, 0x0211, 0x0212, 0x0212, 0x0212, 0x0212, 0x0212, 0x0212, 0x0211,
    0x0212, 0x0212, 0x0211, 0x0211, 0x0211, 0x0211, 0x0211, 0x0211, 0x0211, 0x0211, 0x0211, 0x0211, 0x0211, 0x0211, 0x0211, 0x0211,
    0x0211, 0x0211, 0x0211, 0x0211, 0x0211, 0x0211, 0x0211, 0x0211, 0x0211, 0x0211, 0x0211, 0x0212, 0x0212, 0x0212, 0x0212, 0x0212,
    0x0212, 0x0212, 0x0212, 0x0212, 0x0212, 0x0212, 0x0212, 0x0212, 0x0211, 0x0212, 0x0212, 0x0212, 0x0212, 0x0212, 0x0211, 0x0211,
    0x0211, 0x0211, 0x0211, 0x0211, 0x0211, 0x0211, 0x0211, 0x0211, 0x0211, 0x0211, 0x0211, 0x0211, 0x0211, 0x0212, 0x0212, 0x0211,
    0x0211, 0x0211, 0x0211, 0x0212, 0x0211, 0x0211, 0x0211, 0x0211, 0x0211, 0x0212, 0x0212, 0x0212, 0x0211, 0x0212, 0x0212, 0x0212,
    0x0211, 0x0212, 0x0212, 0x0212, 0x0210, 0x122D, 0x1A4D, 0x0A0F, 0x1A4B, 0x4B04, 0x4302, 0x3B01, 0x3B23, 0x3B06, 0x4366, 0x3B46,
    0x3328, 0x0A4F, 0x0212, 0x0212, 0x0212, 0x0212, 0x0212, 0x0212, 0x0212, 0x0212, 0x0212, 0x0212, 0x0211, 0x0211, 0x0211, 0x0212,
    0x0231, 0x0212, 0x0212, 0x0211, 0x0A50, 0x0211, 0x0212, 0x0212, 0x0211, 0x0212, 0x0212, 0x0212, 0x0212, 0x0212, 0x0212, 0x0212,
    0x0212, 0x0211, 0x0211, 0x0212, 0x0211, 0x0211, 0x0212, 0x0211, 0x0211, 0x0211, 0x0211, 0x0212, 0x0212, 0x0212, 0x0212, 0x0212,
    0x0212, 0x0212, 0x0212, 0x0212, 0x0212, 0x0A31, 0x0A31, 0x0211, 0x0212, 0x0212, 0x0212, 0x0A0F, 0xAD50, 0xF64D, 0xEE2D, 0xEE2D,
    0xE62C, 0xD5EB, 0xDE2D, 0xEE2D, 0xEE2E, 0xF64F, 0xF690, 0xE64F, 0xEE2E, 0xF62E, 0xF64F, 0xF62F, 0xF64F, 0xFE90, 0xF68F, 0xEE4D,
    0xEE2D, 0xF68F, 0xFF12, 0xFF33, 0xFF54, 0xFF75, 0xFFB7, 0xFFD8, 0xFFB7, 0xFFB7, 0xFFB7, 0xFFB6, 0xFF53, 0xFED1, 0xF670, 0xF64F,
    0xFE90, 0xFEB1, 0xF62E, 0xEE0E, 0xFEF1, 0xFED1, 0xFE70, 0xFE2E, 0xF60D, 0xF5CE, 0xEDAD, 0xE5CE, 0xE60F, 0xE5EF, 0xBCCC, 0x6B8D,
    0x1230, 0x01EF, 0x944E, 0xBCAB, 0xEE31, 0xFF34, 0xF6D2, 0xFE91, 0xDDF1, 0xA4D0, 0x32AF, 0x0190, 0x0232, 0x0232, 0x0232, 0x0212,
    0x0212, 0x0212, 0x0212, 0x0212, 0x0212, 0x0212, 0x0212, 0x0212, 0x0212, 0x0212, 0x0212, 0x0212, 0x0232, 0x020F, 0x63A9, 0xBCC8,
    0xDD2A, 0xD4E9, 0xAC66, 0x9448, 0x32AD, 0x01F1, 0x0232, 0x0232, 0x0212, 0x0212, 0x0212, 0x0211, 0x0211, 0x0212, 0x0212, 0x0212,
    0x0211, 0x1270, 0x0211, 0x0A2F, 0x53C7, 0x6C43, 0x7C84, 0x8C85, 0xACE6, 0xB546, 0xC5A7, 0x8484, 0x4B81, 0x5BC4, 0x228D, 0x0212,
    0x0212, 0x0212, 0x0212, 0x0212, 0x0212, 0x0212, 0x0212, 0x01F1, 0x32EC, 0x6405, 0x122A, 0x01F2, 0x0212, 0x0212, 0x0212, 0x0212,
    0x0212, 0x0212, 0x0211, 0x0212, 0x0211, 0x0211, 0x0211, 0x0211, 0x0212, 0x0211, 0x0212, 0x0212, 0x0212, 0x0212, 0x0212, 0x0212,
    0x0211, 0x0211, 0x0212, 0x0212, 0x0212, 0x0211, 0x0211, 0x0212, 0x0211, 0x0211, 0x0211, 0x0212, 0x0212, 0x0212, 0x0212, 0x0211,
    0x0212, 0x0212, 0x0212, 0x0211, 0x0212, 0x01F1, 0x0211, 0x0211, 0x0211, 0x0211, 0x0211, 0x0211, 0x0211, 0x0211, 0x0211, 0x0211,
    0x0211, 0x0211, 0x0211, 0x0211, 0x0211, 0x0211, 0x0211, 0x0211, 0x0211, 0x0211, 0x0211, 0x0212, 0x0212, 0x0212, 0x0212, 0x0212,
    0x0212, 0x0212, 0x0212, 0x0211, 0x0212, 0x0212, 0x0212, 0x0212, 0x0212, 0x0212, 0x0212, 0x0212, 0x0212, 0x0212, 0x0212, 0x0212,
    0x0211, 0x0211, 0x0211, 0x0211, 0x0211, 0x0211, 0x0211, 0x0211, 0x0211, 0x0211, 0x0211, 0x0211, 0x0211, 0x0211, 0x0211, 0x0211,
    0x0211, 0x0211, 0x0211, 0x0211, 0x0211, 0x0211, 0x0211, 0x0211, 0x0211, 0x0211, 0x0212, 0x0212, 0x0212, 0x0212, 0x0212, 0x0212,
    0x0212, 0x0212, 0x0211, 0x0211, 0x0212, 0x0212, 0x01F2, 0x0212, 0x01F1, 0x124D, 0x32A6, 0x4303, 0x4342, 0x5BE2, 0x53E2, 0x4BC1,
    0x5C03, 0x22AC, 0x01F2, 0x0212, 0x0211, 0x0212, 0x0212, 0x0212, 0x0212, 0x0212, 0x0212, 0x0212, 0x0211, 0x0211, 0x0211, 0x0212,
    0x0212, 0x0212, 0x0212, 0x0212, 0x0A30, 0x0230, 0x0212, 0x0212, 0x0212, 0x0212, 0x0212, 0x0211, 0x0212, 0x0211, 0x0211, 0x0212,
    0x0211, 0x0211, 0x0211, 0x0211, 0x0211, 0x0211, 0x0211, 0x0211, 0x0211, 0x0212, 0x0212, 0x0212, 0x0212, 0x0212, 0x0212, 0x0212,
    0x0212, 0x0212, 0x0211, 0x0212, 0x0211, 0x0A31, 0x0231, 0x0212, 0x0232, 0x0211, 0x01F1, 0x1A6F, 0xB5AE, 0xDE4C, 0xD60B, 0xCDEA,
    0xAD67, 0x9D67, 0xB5A9, 0xD60B, 0xDE2C, 0xE62D, 0xEE4E, 0xDE0C, 0xEE4D, 0xF64E, 0xF64E, 0xF66F, 0xFE6F, 0xFE90, 0xFE6F, 0xF64E,
    0xDDEB, 0xFEAF, 0xFED1, 0xF6B0, 0xF650, 0xFEB1, 0xFF32, 0xEF13, 0xFF54, 0xFF34, 0xFF54, 0xFEF1, 0xF68F, 0xF66E, 0xE62C, 0xE62D,
    0xF66F, 0xF62F, 0xF650, 0xF670, 0xF64F, 0xF60F, 0xF5EE, 0xFDED, 0xEDAC, 0xD50A, 0xCD2B, 0xBD29, 0xB548, 0xAD28, 0xB4C9, 0xBCAB,
    0x9C90, 0x09EE, 0x73CE, 0xB449, 0xC4CB, 0xCD4E, 0xB4CE, 0x73AE, 0x222E, 0x01AF, 0x01D1, 0x0212, 0x0212, 0x0212, 0x0212, 0x0212,
    0x0212, 0x0212, 0x0212, 0x0212, 0x0212, 0x0212, 0x0212, 0x0212, 0x0212, 0x0212, 0x0212, 0x0212, 0x0212, 0x01F1, 0x226B, 0x8C47,
    0xDD4A, 0xE58C, 0xCD29, 0x8C2A, 0x09EE, 0x0232, 0x0212, 0x0212, 0x0212, 0x0212, 0x0211, 0x0212, 0x0211, 0x0211, 0x0212, 0x0211,
    0x0212, 0x0212, 0x0232, 0x0210, 0x3B28, 0x6C63, 0x7C84, 0x7423, 0x7C44, 0x7C64, 0x6C63, 0x6463, 0x4BC1, 0x53E2, 0x3B4A, 0x01F1,
    0x0232, 0x0212, 0x0212, 0x0212, 0x0212, 0x0212, 0x0212, 0x0212, 0x0A2F, 0x4B69, 0x32C9, 0x1A6D, 0x0A30, 0x0212, 0x0212, 0x0212,
    0x0211, 0x0212, 0x0212, 0x0212, 0x0212, 0x0212, 0x0211, 0x0211, 0x0211, 0x0211, 0x0212, 0x0212, 0x0211, 0x0212, 0x0212, 0x0211,
    0x0211, 0x0211, 0x0212, 0x0211, 0x0212, 0x0212, 0x0211, 0x0211, 0x0211, 0x0211, 0x0211, 0x0212, 0x0212, 0x0212, 0x0212, 0x0212,
    0x0212, 0x0212, 0x0211, 0x0212, 0x0212, 0x0211, 0x0211, 0x0211, 0x0211, 0x0211, 0x0212, 0x0211, 0x0211, 0x0211, 0x0211, 0x0211,
    0x0211, 0x0211, 0x0211, 0x0211, 0x0211, 0x0211, 0x0211, 0x0211, 0x0211, 0x0211, 0x0211, 0x0211, 0x0212, 0x0212, 0x0212, 0x0212,
    0x0212, 0x0212, 0x0211, 0x0212, 0x0212, 0x0212, 0x0212, 0x0212, 0x0212, 0x0212, 0x0212, 0x0212, 0x0212, 0x0212, 0x0212, 0x0212,
    0x0212, 0x0211, 0x0211, 0x0212, 0x0212, 0x0212, 0x0212, 0x0211, 0x0211, 0x0211, 0x0211, 0x0211, 0x0212, 0x0212, 0x0212, 0x0212,
    0x0211, 0x0212, 0x0211, 0x0212, 0x0211, 0x0211, 0x0211, 0x0211, 0x0212, 0x0212, 0x0212, 0x0212, 0x0212, 0x0212, 0x0212, 0x0212,
    0x0212, 0x0212, 0x0212, 0x0212, 0x0211, 0x0211, 0x0212, 0x0211, 0x0212, 0x0211, 0x0210, 0x124D, 0x1A6B, 0x3B27, 0x53C2, 0x6C41,
    0x6C44, 0x124C, 0x01F2, 0x0211, 0x0212, 0x0212, 0x0212, 0x0212, 0x0212, 0x0212, 0x0212, 0x01D1, 0x01F1, 0x0211, 0x0211, 0x0211,
    0x0212, 0x0212, 0x0212, 0x0212, 0x0211, 0x0A30, 0x0211, 0x0212, 0x0212, 0x0212, 0x0211, 0x0212, 0x0212, 0x0211, 0x0211, 0x0211,
    0x0211, 0x0211, 0x0212, 0x0211, 0x0211, 0x0211, 0x0211, 0x0211, 0x0211, 0x0212, 0x01F2, 0x0211, 0x0212, 0x0212, 0x0212, 0x0212,
    0x0212, 0x0212, 0x0211, 0x0212, 0x0212, 0x0212, 0x0212, 0x0212, 0x0232, 0x0211, 0x0212, 0x01CE, 0x6C89, 0xA5A6, 0xA5A6, 0x9D66,
    0x84E5, 0x74C4, 0x9545, 0xA586, 0xBDC9, 0xD60B, 0xDE2C, 0xD5CA, 0xDDEA, 0xE62C, 0xF64D, 0xEE2D, 0xF64E, 0xFE6F, 0xFE4E, 0xEE0C,
    0xE60C, 0xF68F, 0xFEB0, 0xFEB0, 0xF66F, 0xFE8F, 0xFED0, 0xCE0D, 0xC60D, 0xF6D0, 0xEEAF, 0xEE4D, 0xEE4C, 0xE62B, 0xE62B, 0xD60B,
    0xD5CB, 0xC52B, 0xF62F, 0xF650, 0xF5EE, 0xFDAD, 0xF5CD, 0xFE0D, 0xEDCC, 0xCD2A, 0xBD09, 0xA4E7, 0x7483, 0x63E2, 0x9445, 0xAC28,
    0xE5AF, 0x8BCE, 0x5B2D, 0xAC8D, 0x7B8D, 0x3A8E, 0x1A2F, 0x01D0, 0x01F1, 0x01F1, 0x01F1, 0x0A11, 0x1231, 0x0211, 0x0212, 0x0212,
    0x0212, 0x0211, 0x0211, 0x0212, 0x0212, 0x0212, 0x0212, 0x0212, 0x0212, 0x0212, 0x0212, 0x0212, 0x0212, 0x0212, 0x0A2E, 0x63E6,
    0xC529, 0xE58B, 0xC508, 0xA4AA, 0x1A4E, 0x0212, 0x0212, 0x0212, 0x0212, 0x0212, 0x0212, 0x0212, 0x0212, 0x0212, 0x0211, 0x0A50,
    0x0211, 0x0212, 0x0212, 0x01F2, 0x1A6B, 0x5BE5, 0x4348, 0x63E7, 0x7423, 0x6C24, 0x6443, 0x5421, 0x5C22, 0x6422, 0x3B28, 0x0210,
    0x0212, 0x0212, 0x0212, 0x0212, 0x0212, 0x0212, 0x0212, 0x0212, 0x0211, 0x32ED, 0x1A6B, 0x330B, 0x22AB, 0x0210, 0x0212, 0x0212,
    0x0212, 0x0212, 0x0212, 0x0212, 0x0212, 0x0212, 0x0212, 0x0211, 0x0211, 0x0211, 0x0212, 0x0212, 0x0212, 0x0212, 0x0211, 0x0211,
    0x0211, 0x0212, 0x0211, 0x0211, 0x0212, 0x0212, 0x0211, 0x0212, 0x0211, 0x0211, 0x0211, 0x0212, 0x0212, 0x0212, 0x0212, 0x0212,
    0x0212, 0x0212, 0x0212, 0x0212, 0x0211, 0x0211, 0x0211, 0x0211, 0x0211, 0x0211, 0x0211, 0x0211, 0x0211, 0x0211, 0x0211, 0x0211,
    0x0211, 0x0211, 0x0211, 0x0211, 0x0211, 0x0211, 0x0211, 0x0211, 0x0211, 0x0211, 0x0211, 0x0211, 0x0212, 0x0212, 0x0211, 0x0212,
    0x0212, 0x0212, 0x0212, 0x0211, 0x0211, 0x0212, 0x0212, 0x0212, 0x0212, 0x0212, 0x0211, 0x0212, 0x0211, 0x0212, 0x0212, 0x0212,
    0x0212, 0x0212, 0x0212, 0x0212, 0x0212, 0x0212, 0x0211, 0x0211, 0x0211, 0x0211, 0x0212, 0x0211, 0x0211, 0x0211, 0x0212, 0x0212,
    0x0211, 0x0211, 0x0212, 0x0212, 0x0211, 0x0211, 0x0211, 0x0211, 0x0212, 0x01F2, 0x0212, 0x0212, 0x0212, 0x0212, 0x0212, 0x0212,
    0x0212, 0x0212, 0x0212, 0x0212, 0x0212, 0x0212, 0x0212, 0x0212, 0x0211, 0x0212, 0x0212, 0x0212, 0x01F2, 0x0A2F, 0x4BA8, 0x6C45,
    0x7446, 0x122D, 0x01F2, 0x0212, 0x0212, 0x0212, 0x0212, 0x0212, 0x01F2, 0x01F1, 0x0A0F, 0x4B92, 0x2290, 0x1230, 0x01F1, 0x0232,
    0x0211, 0x0232, 0x0212, 0x0212, 0x0211, 0x0211, 0x0211, 0x0212, 0x0212, 0x0212, 0x0211, 0x0211, 0x0211, 0x0211, 0x0211, 0x0211,
    0x0212, 0x0211, 0x0211, 0x0211, 0x0211, 0x0211, 0x0211, 0x0211, 0x0211, 0x0211, 0x0211, 0x0211, 0x0212, 0x0212, 0x0212, 0x0212,
    0x0212, 0x0212, 0x0212, 0x0212, 0x0212, 0x0212, 0x0212, 0x0212, 0x0212, 0x0212, 0x0212, 0x0210, 0x53EA, 0x8545, 0x84E4, 0x84C3,
    0x74A3, 0x74C3, 0x7CE3, 0x8D04, 0x9D46, 0xAD47, 0xBD88, 0xB588, 0xB587, 0xD5EA, 0xDE0B, 0xC5A9, 0xBDA9, 0xC5A9, 0xE62C, 0xDDEB,
    0xD5EA, 0xD5EA, 0xEE4B, 0xF64C, 0xEE6C, 0xEE4C, 0xEE6D, 0xD62B, 0xAD86, 0xD64A, 0xD609, 0xCE09, 0xC5E8, 0xB5A6, 0xA586, 0xB5A7,
    0xBD88, 0xD58C, 0xEDCD, 0xF5EE, 0xFDEE, 0xEDCC, 0xCDA8, 0xC5A8, 0xD5EA, 0xC589, 0xA546, 0x7C84, 0x6C03, 0x7404, 0x83E4, 0x8BA5,
    0xD54D, 0xD50E, 0x634E, 0x1A50, 0x01F1, 0x01D2, 0x01D1, 0x01B0, 0x01CF, 0x1A50, 0x01F1, 0x1251, 0x2291, 0x0211, 0x0212, 0x0212,
    0x0212, 0x0212, 0x0212, 0x0212, 0x0212, 0x0212, 0x0212, 0x0212, 0x0212, 0x0212, 0x0212, 0x0212, 0x0212, 0x0232, 0x01F0, 0x3308,
    0x8C65, 0xA467, 0xAC87, 0x948C, 0x0A0E, 0x0212, 0x0211, 0x0212, 0x0212, 0x0211, 0x0212, 0x0212, 0x0211, 0x0212, 0x0211, 0x126F,
    0x0210, 0x0212, 0x0212, 0x0212, 0x126D, 0x4B67, 0x122D, 0x0A2F, 0x32E8, 0x63E4, 0x94C5, 0x7C83, 0x6422, 0x53C1, 0x3308, 0x01F0,
    0x0212, 0x0211, 0x0212, 0x0212, 0x0212, 0x0212, 0x0212, 0x0212, 0x0A30, 0x1AAE, 0x1A8E, 0x124E, 0x22CB, 0x22AC, 0x0211, 0x0212,
    0x0212, 0x0212, 0x0212, 0x0212, 0x0212, 0x0212, 0x0212, 0x0211, 0x0212, 0x0212, 0x0212, 0x0212, 0x0211, 0x0212, 0x0211, 0x0211,
    0x0212, 0x0211, 0x0212, 0x0212, 0x0212, 0x0211, 0x0211, 0x0211, 0x0211, 0x0211, 0x0211, 0x0212, 0x0211, 0x0211, 0x0212, 0x0212,
    0x0211, 0x0211, 0x0211, 0x0211, 0x0211, 0x0211, 0x0211, 0x0211, 0x0211, 0x0211, 0x0211, 0x0211, 0x0211, 0x0211, 0x0211, 0x0211,
    0x0211, 0x0211, 0x0211, 0x0211, 0x0211, 0x0211, 0x0211, 0x0211, 0x0211, 0x0211, 0x0211, 0x0212, 0x0212, 0x0212, 0x0212, 0x0212,
    0x0212, 0x0212, 0x0212, 0x0211, 0x0211, 0x0211, 0x0211, 0x0211, 0x0211, 0x01F1, 0x0211, 0x0211, 0x0211, 0x0211, 0x0212, 0x0212,
    0x0212, 0x0212, 0x0211, 0x0212, 0x0212, 0x0212, 0x0212, 0x0211, 0x0211, 0x0211, 0x0211, 0x0211, 0x0212, 0x0212, 0x0212, 0x0212,
    0x0212, 0x0212, 0x0212, 0x01F1, 0x0212, 0x0212, 0x0212, 0x0212, 0x0212, 0x0212, 0x0212, 0x0211, 0x0212, 0x0212, 0x0212, 0x0212,
    0x0211, 0x0212, 0x0212, 0x0212, 0x0212, 0x0212, 0x0212, 0x0212, 0x0212, 0x0212, 0x0211, 0x0211, 0x0212, 0x01F2, 0x0A2F, 0x4348,
    0x4B86, 0x020D, 0x0212, 0x0212, 0x0212, 0x0212, 0x0212, 0x01F1, 0x124E, 0x228A, 0x63CA, 0x8CAD, 0x73EA, 0x8CAB, 0x228D, 0x0210,
    0x0211, 0x0211, 0x0A30, 0x0A31, 0x0A30, 0x0210, 0x0212, 0x0212, 0x0211, 0x0211, 0x0211, 0x0211, 0x0211, 0x0211, 0x0211, 0x0211,
    0x0211, 0x0211, 0x0211, 0x0211, 0x0211, 0x0211, 0x0211, 0x0211, 0x0211, 0x0211, 0x0211, 0x0211, 0x0212, 0x01F2, 0x0211, 0x0212,
    0x0212, 0x0212, 0x0212, 0x0212, 0x0212, 0x0212, 0x0212, 0x0212, 0x0212, 0x0212, 0x0212, 0x0212, 0x0A4F, 0x4BC9, 0x84E5, 0x7442,
    0x6421, 0x6C82, 0x84E3, 0x94E4, 0x8CA4, 0x9CE5, 0xAD47, 0xAD47, 0xB587, 0xB567, 0xBD88, 0xAD47, 0x9506, 0x8CE5, 0xB588, 0xC5A8,
    0xBDC8, 0xC5C8, 0xBDA7, 0xBD87, 0xD5E8, 0xC5A8, 0xC5C8, 0xC5C8, 0x9545, 0x9545, 0xA586, 0x8D44, 0x8D63, 0x8543, 0x7D02, 0x9544,
    0xBDA8, 0xCD8A, 0xDDCB, 0xCD8A, 0xE5ED, 0xBD88, 0x9D85, 0x8D24, 0xA586, 0xAD86, 0x8544, 0x5401, 0x63C4, 0x83E6, 0x73A4, 0x83A5,
    0xCCCB, 0xD4CC, 0x942F, 0x09EF, 0x1251, 0x32D0, 0x5B70, 0x7C30, 0xA4D0, 0x8C71, 0x01D0, 0x0212, 0x01F1, 0x0212, 0x0212, 0x0212,
    0x0212, 0x0212, 0x0212, 0x0212, 0x0212, 0x0212, 0x0212, 0x0212, 0x0212, 0x0212, 0x0212, 0x0212, 0x0212, 0x0212, 0x0212, 0x0A0E,
    0x4B45, 0xA4C8, 0xB4C8, 0x6BAB, 0x01CF, 0x0212, 0x0211, 0x0212, 0x0212, 0x0212, 0x0212, 0x0211, 0x0211, 0x0212, 0x0211, 0x0230,
    0x0211, 0x0212, 0x0212, 0x01F1, 0x1A6C, 0x3B28, 0x020F, 0x01F2, 0x022F, 0x32E6, 0x9CE6, 0xAD47, 0x7463, 0x4B85, 0x124C, 0x01F1,
    0x0212, 0x0212, 0x0212, 0x0212, 0x0212, 0x0212, 0x0212, 0x0231, 0x0A50, 0x0211, 0x2AEE, 0x330B, 0x228C, 0x22AB, 0x0210, 0x0212,
    0x0211, 0x0212, 0x0212, 0x0212, 0x0212, 0x0212, 0x0211, 0x0211, 0x0211, 0x0212, 0x0211, 0x0212, 0x0212, 0x0212, 0x0212, 0x0212,
    0x0212, 0x0211, 0x0211, 0x0212, 0x0211, 0x0211, 0x0211, 0x0211, 0x0211, 0x0211, 0x0211, 0x0212, 0x0212, 0x0212, 0x0211, 0x0211,
    0x0211, 0x0211, 0x0211, 0x0211, 0x0211, 0x0211, 0x0211, 0x0211, 0x0211, 0x0211, 0x0211, 0x0211, 0x0211, 0x0211, 0x0211, 0x0211,
    0x0211, 0x0211, 0x0211, 0x0211, 0x0211, 0x0211, 0x0211, 0x0211, 0x0211, 0x0211, 0x0212, 0x01F1, 0x0212, 0x0212, 0x0212, 0x0212,
    0x0212, 0x0212, 0x0211, 0x0212, 0x0212, 0x0212, 0x0211, 0x0212, 0x0211, 0x0212, 0x0212, 0x0212, 0x0212, 0x0212, 0x0211, 0x0212,
    0x0212, 0x0212, 0x0212, 0x0212, 0x0212, 0x0212, 0x0212, 0x01F1, 0x0211, 0x0211, 0x0212, 0x0212, 0x0212, 0x0212, 0x0212, 0x0212,
    0x0212, 0x0211, 0x01F1, 0x0212, 0x0212, 0x0212, 0x0212, 0x0212, 0x0212, 0x0212, 0x0211, 0x0211, 0x0211, 0x0212, 0x0212, 0x0212,
    0x0212, 0x0212, 0x0212, 0x0212, 0x0212, 0x0212, 0x0212, 0x0212, 0x0212, 0x0212, 0x0211, 0x0212, 0x0212, 0x0212, 0x01F0, 0x32EA,
    0x4B64, 0x32E9, 0x01F1, 0x01F2, 0x0210, 0x01F0, 0x01F1, 0x01AF, 0x53E9, 0x7483, 0x5382, 0x5BA9, 0x6C07, 0x8CA4, 0x6C05, 0x53A6,
    0x4368, 0x330A, 0x4B87, 0x2AC8, 0x1A6B, 0x0A10, 0x0212, 0x0211, 0x0211, 0x0211, 0x0211, 0x0211, 0x0211, 0x0211, 0x0211, 0x0211,
    0x0211, 0x0211, 0x0211, 0x0211, 0x0211, 0x0211, 0x0211, 0x0211, 0x0211, 0x0211, 0x0211, 0x0211, 0x0212, 0x0212, 0x0211, 0x0212,
    0x0212, 0x0212, 0x0212, 0x0212, 0x0212, 0x0212, 0x0212, 0x0212, 0x0212, 0x0212, 0x0212, 0x0212, 0x0212, 0x020F, 0x53C8, 0x74A3,
    0x6C62, 0x5C41, 0x6C82, 0x6C22, 0x6402, 0x94C4, 0xA506, 0xA526, 0xAD46, 0x8CE4, 0xA547, 0xAD47, 0x9506, 0x9526, 0x8D25, 0xA586,
    0xA567, 0xA566, 0x9D25, 0x84C4, 0xB566, 0xBD87, 0xAD86, 0xA586, 0x9D65, 0x7CA3, 0x7CE4, 0x6C82, 0x6CA2, 0x74E2, 0x7D02, 0x7D02,
    0x7CE3, 0x84E3, 0x8D04, 0x8D04, 0xAD86, 0xA586, 0x8D44, 0x8523, 0x8D24, 0x8524, 0x6CA3, 0x5BE2, 0x5BA3, 0x6363, 0x73A4, 0x7363,
    0xCCEA, 0xDD4C, 0xE58E, 0xCD2F, 0xD570, 0xEDF0, 0xF650, 0xFE70, 0xFEB1, 0x73F0, 0x01B0, 0x0212, 0x0211, 0x0212, 0x0212, 0x0212,
    0x0212, 0x0212, 0x0212, 0x0212, 0x0212, 0x0212, 0x0212, 0x0212, 0x0212, 0x0212, 0x0212, 0x0212, 0x0212, 0x0212, 0x0212, 0x01F1,
    0x32E8, 0x8405, 0xBD6C, 0x42EB, 0x01EF, 0x0211, 0x0211, 0x0212, 0x0212, 0x0212, 0x0212, 0x0212, 0x0212, 0x0212, 0x0212, 0x0212,
    0x0212, 0x0212, 0x0211, 0x01F1, 0x1A6D, 0x2ACA, 0x01F0, 0x0232, 0x0212, 0x022F, 0x5389, 0x94E6, 0x4B68, 0x0A0E, 0x0211, 0x0212,
    0x0212, 0x0212, 0x0212, 0x0212, 0x0212, 0x0212, 0x0211, 0x124E, 0x124F, 0x0212, 0x124F, 0x434A, 0x2AAC, 0x1A6C, 0x0A2F, 0x0212,
    0x0212, 0x0212, 0x0212, 0x0212, 0x0212, 0x0212, 0x0212, 0x0212, 0x0211, 0x0211, 0x0211, 0x0212, 0x0212, 0x0212, 0x0212, 0x0212,
    0x0212, 0x0211, 0x0211, 0x0212, 0x0212, 0x0211, 0x0211, 0x0211, 0x0211, 0x0211, 0x0211, 0x0212, 0x0212, 0x0211, 0x0212, 0x0212,
    0x0212, 0x0211, 0x0212, 0x0211, 0x01F1, 0x01F1, 0x0211, 0x0211, 0x01F2, 0x0211, 0x0211, 0x0211, 0x0211, 0x0211, 0x0211, 0x0211,
    0x0211, 0x0211, 0x0211, 0x0211, 0x0211, 0x0211, 0x0211, 0x0211, 0x0211, 0x0212, 0x0212, 0x0212, 0x0212, 0x0212, 0x0212, 0x0212,
    0x0212, 0x0212, 0x0212, 0x0212, 0x0212, 0x0212, 0x0212, 0x0212, 0x0211, 0x0211, 0x0212, 0x0212, 0x0212, 0x0212, 0x0212, 0x0212,
    0x0211, 0x01F2, 0x0212, 0x0212, 0x0212, 0x0212, 0x0212, 0x0211, 0x0211, 0x0211, 0x0211, 0x0211, 0x0211, 0x0212, 0x0212, 0x0212,
    0x01F1, 0x01F2, 0x0212, 0x0212, 0x0212, 0x0212, 0x0212, 0x0212, 0x0212, 0x0212, 0x0212, 0x0211, 0x0211, 0x0212, 0x0212, 0x0212,
    0x0212, 0x0212, 0x0212, 0x0212, 0x0212, 0x0212, 0x0211, 0x0212, 0x0212, 0x0212, 0x0212, 0x0212, 0x0211, 0x0212, 0x0212, 0x01F1,
    0x1A4C, 0x4327, 0x32C8, 0x22AA, 0x2AE9, 0x3308, 0x122B, 0x1A6C, 0x7CE6, 0x6C42, 0x5BC2, 0x5365, 0x5364, 0x63C2, 0x7C82, 0x8CC3,
    0x94C4, 0x8463, 0x94C4, 0x7444, 0x4345, 0x1A6C, 0x01F1, 0x0212, 0x0211, 0x0211, 0x01F1, 0x01F1, 0x0211, 0x0211, 0x0211, 0x0211,
    0x0211, 0x0211, 0x0211, 0x0211, 0x0211, 0x0211, 0x0211, 0x0211, 0x0211, 0x0211, 0x0211, 0x0211, 0x0211, 0x0211, 0x0211, 0x0212,
    0x0212, 0x0212, 0x0212, 0x0212, 0x0212, 0x0212, 0x0212, 0x0212, 0x0212, 0x0212, 0x0212, 0x0212, 0x0211, 0x01F2, 0x0A2E, 0x5C25,
    0x6461, 0x6462, 0x6442, 0x53A1, 0x6421, 0x74A2, 0x7CE3, 0x7CE3, 0x7482, 0x6C62, 0x94E5, 0xA547, 0x84C4, 0x8D05, 0x7D05, 0x8505,
    0xA567, 0x9526, 0x84E4, 0x8D04, 0x9D25, 0xA525, 0x94E4, 0x84C4, 0x7CA3, 0x8CE5, 0x8CC4, 0x7C83, 0x6C83, 0x6CA2, 0x6461, 0x6481,
    0x5C61, 0x5C61, 0x6481, 0x7D02, 0x8523, 0x7D03, 0x74C3, 0x74C3, 0x84E3, 0x8D24, 0x5C02, 0x4B62, 0x6BC3, 0x73A3, 0x73A4, 0x8BC4,
    0x93E5, 0x93C5, 0xCCA9, 0xFD8D, 0xFD4C, 0xFDCE, 0xFE91, 0xF691, 0xF6D3, 0x32AF, 0x01D1, 0x0212, 0x0212, 0x0211, 0x0212, 0x0212,
    0x01F2, 0x01F2, 0x01F1, 0x01F1, 0x0212, 0x0212, 0x0211, 0x0212, 0x0212, 0x0212, 0x0212, 0x0212, 0x0211, 0x0212, 0x0212, 0x0212,
    0x1A4B, 0x8C68, 0x5B6D, 0x1A2A, 0x3B2B, 0x01D0, 0x0212, 0x0211, 0x0212, 0x0212, 0x0212, 0x0212, 0x0212, 0x0212, 0x0212, 0x0211,
    0x0212, 0x0212, 0x0212, 0x01F1, 0x1AAB, 0x4B86, 0x0A2E, 0x0212, 0x0232, 0x01F2, 0x22AE, 0x4B8C, 0x01EF, 0x0212, 0x0211, 0x0211,
    0x0212, 0x0212, 0x0212, 0x0212, 0x0212, 0x0211, 0x126F, 0x124E, 0x0211, 0x0212, 0x0210, 0x22AD, 0x122D, 0x2289, 0x1A6A, 0x0211,
    0x0212, 0x0212, 0x0212, 0x0212, 0x0212, 0x0212, 0x0212, 0x0212, 0x0211, 0x0211, 0x0211, 0x0211, 0x0211, 0x0212, 0x0212, 0x0212,
    0x0212, 0x0211, 0x0212, 0x0211, 0x0211, 0x0211, 0x0212, 0x0211, 0x0211, 0x0211, 0x0211, 0x01F1, 0x0212, 0x0211, 0x0211, 0x0212,
    0x0212, 0x0212, 0x0212, 0x0211, 0x0211, 0x0211, 0x0211, 0x0211, 0x0211, 0x0211, 0x0211, 0x0211, 0x0211, 0x0211, 0x0211, 0x0211,
    0x0211, 0x0211, 0x0211, 0x0211, 0x0211, 0x0211, 0x0211, 0x0211, 0x0212, 0x0212, 0x0212, 0x0212, 0x0212, 0x0212, 0x0212, 0x0212,
    0x0212, 0x0211, 0x0212, 0x0212, 0x0212, 0x0212, 0x0212, 0x0212, 0x0212, 0x0212, 0x0212, 0x0212, 0x01F1, 0x0212, 0x0212, 0x0212,
    0x0212, 0x0212, 0x0212, 0x0212, 0x0212, 0x0212, 0x0212, 0x0212, 0x0212, 0x0211, 0x0212, 0x0212, 0x0212, 0x0212, 0x0212, 0x0212,
    0x0212, 0x0212, 0x0212, 0x0212, 0x01F1, 0x0212, 0x0212, 0x0212, 0x0212, 0x0212, 0x0212, 0x0212, 0x0212, 0x0212, 0x0212, 0x0212,
    0x0212, 0x0212, 0x0212, 0x0212, 0x0212, 0x0212, 0x0212, 0x0212, 0x0212, 0x0212, 0x0212, 0x0212, 0x0212, 0x0212, 0x0212, 0x0212,
    0x0212, 0x0A0E, 0x2289, 0x4326, 0x1A4B, 0x228B, 0x4B86, 0x6405, 0x6C43, 0x53E2, 0x53A3, 0x5322, 0x63E2, 0x6C62, 0x6C41, 0x7C82,
    0xAD05, 0xAD26, 0xAD26, 0x8CE4, 0x53A1, 0x3B02, 0x22AB, 0x01F0, 0x01F2, 0x0211, 0x0211, 0x0211, 0x0211, 0x0211, 0x0211, 0x0211,
    0x0211, 0x0211, 0x0212, 0x0211, 0x0211, 0x0211, 0x0211, 0x0211, 0x0211, 0x01F1, 0x01F1, 0x0211, 0x0211, 0x0212, 0x0212, 0x0211,
    0x0211, 0x0211, 0x0211, 0x0212, 0x0212, 0x0212, 0x0212, 0x0212, 0x0212, 0x0212, 0x0211, 0x0211, 0x0211, 0x0212, 0x01F1, 0x3309,
    0x5C23, 0x53C1, 0x4B81, 0x53C1, 0x6441, 0x74E3, 0x6CE3, 0x5C82, 0x5C42, 0x5C22, 0x6C83, 0x6C83, 0x74A3, 0x8504, 0x8D05, 0x7CC4,
    0x7484, 0x6CA4, 0x7CE4, 0xA586, 0x9505, 0x6C62, 0x5BE1, 0x53C1, 0x53C1, 0x7463, 0x7463, 0x6421, 0x5421, 0x5401, 0x43A0, 0x43C0,
    0x4C01, 0x4C21, 0x4C00, 0x5C61, 0x6CA2, 0x84E4, 0x6442, 0x5C02, 0x74A3, 0x8504, 0x5BE2, 0x4301, 0x5362, 0x6BA3, 0x9C66, 0x9425,
    0x8BE4, 0xBC88, 0xD4A8, 0xECCA, 0xEC69, 0xEC89, 0xF54B, 0xFE90, 0xA4F1, 0x01AF, 0x0212, 0x0211, 0x0212, 0x0212, 0x0212, 0x0212,
    0x0212, 0x01F2, 0x01F2, 0x01F1, 0x0212, 0x0212, 0x0212, 0x0212, 0x0212, 0x0212, 0x0212, 0x0212, 0x0212, 0x0212, 0x0212, 0x0212,
    0x0210, 0x1A6E, 0x01D0, 0x2AAB, 0x6C26, 0x228C, 0x01F1, 0x0212, 0x0212, 0x0212, 0x0212, 0x0212, 0x0212, 0x0212, 0x0212, 0x0211,
    0x0211, 0x0212, 0x0212, 0x0212, 0x124D, 0x4BA7, 0x2AEA, 0x01F1, 0x0212, 0x0211, 0x0231, 0x01F1, 0x0212, 0x0211, 0x0212, 0x0212,
    0x0212, 0x0212, 0x0212, 0x0212, 0x0212, 0x0211, 0x0A30, 0x0211, 0x0212, 0x0211, 0x0A2F, 0x2AAA, 0x3B07, 0x4B63, 0x2AA7, 0x01F1,
    0x0212, 0x0212, 0x0212, 0x0212, 0x0212, 0x0211, 0x0211, 0x0211, 0x0212, 0x0211, 0x0211, 0x0212, 0x0211, 0x0211, 0x0211, 0x0211,
    0x0212, 0x0212, 0x0211, 0x0211, 0x0211, 0x0211, 0x0211, 0x0211, 0x0211, 0x0211, 0x0211, 0x0211, 0x0211, 0x0211, 0x0211, 0x0211,
    0x0211, 0x0212, 0x0211, 0x0211, 0x0211, 0x0211, 0x0211, 0x0211, 0x0211, 0x0211, 0x0212, 0x0211, 0x0211, 0x0211, 0x0211, 0x0211,
    0x0211, 0x0211, 0x0211, 0x0211, 0x0211, 0x0211, 0x0212, 0x0211, 0x0212, 0x0212, 0x0212, 0x0212, 0x0212, 0x0211, 0x0211, 0x0212,
    0x0211, 0x0212, 0x0212, 0x0212, 0x0212, 0x0212, 0x0211, 0x0211, 0x0211, 0x01F1, 0x0211, 0x0211, 0x0212, 0x0212, 0x0212, 0x0212,
    0x0212, 0x0212, 0x0212, 0x0212, 0x0212, 0x0212, 0x0212, 0x0212, 0x0211, 0x0211, 0x0212, 0x0212, 0x0212, 0x0212, 0x0212, 0x0212,
    0x0212, 0x0212, 0x0212, 0x0212, 0x0212, 0x0212, 0x0212, 0x0212, 0x0212, 0x0212, 0x0212, 0x0212, 0x0212, 0x0212, 0x0212, 0x0212,
    0x0212, 0x0212, 0x0212, 0x0212, 0x0212, 0x0212, 0x0212, 0x0212, 0x0212, 0x0212, 0x0212, 0x0212, 0x0212, 0x0212, 0x0212, 0x0211,
    0x0212, 0x0212, 0x01F1, 0x0A0F, 0x0A10, 0x01CF, 0x4349, 0x5B63, 0x42C2, 0x5BA3, 0x5BA2, 0x5343, 0x6C82, 0x6C81, 0x7CA2, 0x84A3,
    0x5BC2, 0x5382, 0x6C23, 0x6C23, 0x4B62, 0x2AE0, 0x32E2, 0x228A, 0x01F0, 0x01F1, 0x01F1, 0x01F1, 0x0212, 0x0211, 0x0211, 0x01F1,
    0x01F1, 0x0211, 0x0211, 0x0211, 0x0211, 0x0211, 0x01F1, 0x0211, 0x0211, 0x0211, 0x0211, 0x0211, 0x0211, 0x0211, 0x0211, 0x0212,
    0x0212, 0x0211, 0x0212, 0x0212, 0x0212, 0x0212, 0x0212, 0x0212, 0x0212, 0x0211, 0x0211, 0x0212, 0x0212, 0x0212, 0x0211, 0x01EF,
    0x1A8B, 0x3B64, 0x4BC1, 0x4BA1, 0x4BC0, 0x6CC2, 0x7D44, 0x64A2, 0x5C62, 0x5C62, 0x5421, 0x6481, 0x8D45, 0x8CE6, 0x7CA5, 0x6423,
    0x5C42, 0x6CA4, 0x8505, 0x84E5, 0x5401, 0x4BC1, 0x4381, 0x3B40, 0x4361, 0x4BC1, 0x53E1, 0x4BE1, 0x43E0, 0x43C1, 0x3B40, 0x43C1,
    0x43E0, 0x4C01, 0x43E0, 0x43E0, 0x5441, 0x6482, 0x5C62, 0x5C22, 0x6C83, 0x7CE3, 0x5C42, 0x3B00, 0x4B42, 0x6BE4, 0x73E4, 0x6341,
    0xAC87, 0xEDAD, 0xE50A, 0xE4A9, 0xEC28, 0xF469, 0xF52A, 0xF60F, 0x3ACF, 0x01D1, 0x0212, 0x0212, 0x0211, 0x0211, 0x0212, 0x01F1,
    0x0212, 0x0212, 0x0211, 0x0212, 0x0212, 0x0211, 0x0212, 0x0212, 0x0212, 0x0212, 0x0212, 0x0212, 0x0212, 0x0212, 0x0212, 0x0211,
    0x0212, 0x01F2, 0x01F2, 0x228C, 0x5BA4, 0x32CB, 0x01F1, 0x0212, 0x0212, 0x0212, 0x0212, 0x0212, 0x0212, 0x0212, 0x0212, 0x0211,
    0x0231, 0x0212, 0x0212, 0x0212, 0x01F1, 0x124D, 0x4388, 0x1A6B, 0x0211, 0x0211, 0x0211, 0x0212, 0x0212, 0x0212, 0x0212, 0x0212,
    0x0212, 0x0212, 0x0212, 0x0212, 0x0212, 0x126E, 0x126F, 0x0212, 0x0212, 0x0210, 0x126D, 0x0A0D, 0x2AC9, 0x4B82, 0x2288, 0x0211,
    0x0212, 0x0212, 0x0212, 0x0212, 0x0212, 0x0211, 0x0211, 0x0211, 0x0212, 0x0211, 0x0211, 0x0212, 0x0211, 0x0211, 0x0211, 0x0211,
    0x0211, 0x0211, 0x0211, 0x0211, 0x0211, 0x0211, 0x0211, 0x0211, 0x0211, 0x0211, 0x0211, 0x0211, 0x0211, 0x0211, 0x0211, 0x0211,
    0x0211, 0x0211, 0x0211, 0x0211, 0x01F1, 0x0211, 0x0211, 0x0211, 0x0211, 0x0211, 0x0211, 0x0211, 0x0211, 0x0211, 0x0211, 0x0211,
    0x0211, 0x0211, 0x0211, 0x0211, 0x0211, 0x0212, 0x0212, 0x0211, 0x0212, 0x0212, 0x0212, 0x0212, 0x0212, 0x0211, 0x0211, 0x0211,
    0x0211, 0x01F1, 0x0212, 0x0212, 0x0212, 0x0212, 0x0211, 0x0211, 0x0211, 0x01F1, 0x0211, 0x0211, 0x0212, 0x0212, 0x0211, 0x0212,
    0x0211, 0x0212, 0x0212, 0x0212, 0x0212, 0x0212, 0x0212, 0x0212, 0x0212, 0x0212, 0x0212, 0x0212, 0x0212, 0x0211, 0x0212, 0x0212,
    0x0212, 0x0212, 0x0212, 0x0212, 0x0212, 0x0212, 0x0212, 0x0212, 0x0212, 0x0212, 0x0212, 0x0212, 0x0212, 0x0212, 0x0212, 0x0212,
    0x0212, 0x0212, 0x0212, 0x0212, 0x0212, 0x0212, 0x0212, 0x0212, 0x0212, 0x0212, 0x0212, 0x0212, 0x0212, 0x0212, 0x0212, 0x0212,
    0x0212, 0x0211, 0x0212, 0x0212, 0x0212, 0x01F0, 0x2AAB, 0x63C5, 0x42A2, 0x63C4, 0x5B64, 0x6383, 0x7C82, 0x94E3, 0xB566, 0x7424,
    0x32A1, 0x3B42, 0x4B81, 0x4B62, 0x5B83, 0x32C1, 0x32E0, 0x3B02, 0x32E6, 0x2AA8, 0x2AC9, 0x124D, 0x01F1, 0x0212, 0x0211, 0x0211,
    0x0211, 0x0211, 0x0211, 0x0211, 0x0211, 0x0211, 0x0211, 0x0211, 0x0211, 0x01F1, 0x0211, 0x0211, 0x0211, 0x0212, 0x0212, 0x0212,
    0x0212, 0x0212, 0x0212, 0x0212, 0x0212, 0x0212, 0x0212, 0x0212, 0x0212, 0x0212, 0x0212, 0x0212, 0x0212, 0x0212, 0x0211, 0x0212,
    0x01D1, 0x0A4E, 0x43C7, 0x5C62, 0x5C41, 0x6CA2, 0x74E3, 0x6463, 0x5C42, 0x5C42, 0x5404, 0x4BE8, 0x3B2B, 0x1A6C, 0x122C, 0x4347,
    0x7CE4, 0x8D04, 0x9525, 0x4BA0, 0x43C1, 0x43A1, 0x4BE1, 0x4BE1, 0x3B81, 0x3B81, 0x4381, 0x43C1, 0x43C1, 0x43C0, 0x43C0, 0x43C1,
    0x3BA0, 0x4BE1, 0x4BC1, 0x3B80, 0x43C1, 0x4C21, 0x5461, 0x6482, 0x7CC3, 0x84E3, 0x84E4, 0x7423, 0x63A2, 0x73E3, 0x6B21, 0x93C4,
    0xB426, 0xDD2A, 0xF5AC, 0xED4B, 0xEC68, 0xF4C9, 0xFE2D, 0x9C8F, 0x01AF, 0x0212, 0x0211, 0x0212, 0x0211, 0x0211, 0x0212, 0x0212,
    0x0212, 0x0212, 0x0212, 0x0211, 0x0211, 0x0211, 0x0212, 0x0212, 0x0212, 0x0212, 0x0212, 0x0212, 0x0212, 0x0211, 0x0211, 0x0212,
    0x0212, 0x0211, 0x0212, 0x0210, 0x1A6D, 0x0A0F, 0x0212, 0x0212, 0x0212, 0x0212, 0x0212, 0x0212, 0x0212, 0x0212, 0x0212, 0x0212,
    0x0211, 0x0A50, 0x0A4F, 0x0211, 0x0212, 0x01F1, 0x3309, 0x3B03, 0x1A69, 0x0210, 0x0211, 0x0212, 0x0212, 0x0212, 0x0212, 0x0212,
    0x0212, 0x0211, 0x0212, 0x01F2, 0x0A2E, 0x32E5, 0x3B26, 0x0A4D, 0x0211, 0x0A30, 0x0A2F, 0x01F1, 0x0A2F, 0x1A8B, 0x020F, 0x0212,
    0x0212, 0x0212, 0x0212, 0x0212, 0x0212, 0x0212, 0x0212, 0x0212, 0x0212, 0x0211, 0x0212, 0x0212, 0x0212, 0x0212, 0x0211, 0x0211,
    0x0211, 0x0212, 0x0211, 0x0211, 0x0211, 0x0211, 0x0211, 0x0211, 0x0211, 0x0211, 0x0211, 0x0211, 0x0211, 0x0211, 0x0211, 0x0211,
    0x0211, 0x0211, 0x0212, 0x0211, 0x0211, 0x0211, 0x0211, 0x0211, 0x0211, 0x0211, 0x0211, 0x0211, 0x0211, 0x0211, 0x0211, 0x0211,
    0x0211, 0x0211, 0x0211, 0x0211, 0x0211, 0x0212, 0x0211, 0x0212, 0x0212, 0x0212, 0x0212, 0x0212, 0x0211, 0x0211, 0x0211, 0x0211,
    0x0211, 0x0211, 0x0212, 0x0212, 0x0211, 0x0212, 0x0212, 0x0211, 0x0212, 0x0212, 0x0212, 0x0212, 0x0212, 0x0211, 0x0212, 0x0212,
    0x0212, 0x0212, 0x0211, 0x0212, 0x0212, 0x0212, 0x0212, 0x0212, 0x01F1, 0x0212, 0x0212, 0x0212, 0x0212, 0x0212, 0x0212, 0x01F1,
    0x01F1, 0x0212, 0x0212, 0x0212, 0x0212, 0x0212, 0x0212, 0x0212, 0x0212, 0x0212, 0x0212, 0x0212, 0x0212, 0x0212, 0x0212, 0x0212,
    0x0212, 0x0212, 0x0212, 0x0212, 0x0212, 0x0212, 0x0212, 0x0212, 0x0212, 0x0212, 0x0212, 0x0212, 0x0212, 0x0212, 0x0212, 0x0212,
    0x0212, 0x0212, 0x0211, 0x0212, 0x0232, 0x0211, 0x228B, 0x5B84, 0x5324, 0x6BA4, 0x6323, 0x8464, 0x8CC3, 0x9CE4, 0x7C63, 0x4322,
    0x3AE2, 0x4342, 0x3B02, 0x3AC1, 0x5B43, 0x6363, 0x32C1, 0x32E1, 0x3B01, 0x32A0, 0x3AE1, 0x3B03, 0x228A, 0x01F0, 0x0211, 0x0212,
    0x0212, 0x0211, 0x0212, 0x0211, 0x0211, 0x0211, 0x0211, 0x0211, 0x0211, 0x0211, 0x0211, 0x0212, 0x0211, 0x0212, 0x0211, 0x0212,
    0x0212, 0x0211, 0x0211, 0x0211, 0x0211, 0x0212, 0x0211, 0x0212, 0x0212, 0x0212, 0x0212, 0x0212, 0x0211, 0x0212, 0x0211, 0x0211,
    0x0212, 0x0212, 0x020F, 0x2B09, 0x4BA7, 0x2AC9, 0x1A6C, 0x124C, 0x22CC, 0x332B, 0x126E, 0x01F1, 0x01F1, 0x01F2, 0x01F2, 0x0A2E,
    0x6428, 0x7487, 0x5BE6, 0x4362, 0x4B81, 0x6462, 0x4C01, 0x5421, 0x5C42, 0x4381, 0x3B61, 0x4381, 0x5401, 0x5C21, 0x4C01, 0x43A1,
    0x3B40, 0x4381, 0x4381, 0x3B61, 0x3B60, 0x43C0, 0x4C20, 0x5C61, 0x74C3, 0x94A5, 0xC4E9, 0xBC88, 0xB468, 0xBC68, 0xC447, 0xBBE5,
    0xCC47, 0xE52A, 0xED4B, 0xE50A, 0xECC9, 0xF529, 0xDD8E, 0x1A0E, 0x01F1, 0x0211, 0x0212, 0x01F2, 0x0212, 0x0212, 0x0212, 0x0212,
    0x0212, 0x0212, 0x0212, 0x0211, 0x0212, 0x0212, 0x0212, 0x0212, 0x0212, 0x0212, 0x0212, 0x0212, 0x0212, 0x0211, 0x0212, 0x0212,
    0x0212, 0x0212, 0x0212, 0x0212, 0x01F2, 0x01F2, 0x0212, 0x0212, 0x0212, 0x0212, 0x0212, 0x0212, 0x0212, 0x0212, 0x0212, 0x0212,
    0x0212, 0x124E, 0x32C6, 0x2AA7, 0x122E, 0x01F1, 0x22CB, 0x3B02, 0x2A61, 0x124B, 0x0211, 0x0212, 0x0212, 0x0211, 0x0212, 0x0212,
    0x0212, 0x0212, 0x0211, 0x122C, 0x2AC5, 0x2A60, 0x32C1, 0x2288, 0x0210, 0x0211, 0x0212, 0x0212, 0x0212, 0x01F2, 0x0211, 0x0211,
    0x0212, 0x0212, 0x0212, 0x0211, 0x0212, 0x0212, 0x0212, 0x0212, 0x0212, 0x0212, 0x0211, 0x0212, 0x0212, 0x0212, 0x0212, 0x0212,
    0x0212, 0x0211, 0x0211, 0x0211, 0x0211, 0x01F1, 0x0211, 0x0211, 0x0211, 0x01F1, 0x0211, 0x0211, 0x01F1, 0x0211, 0x0211, 0x01F1,
    0x0211, 0x0211, 0x0211, 0x0211, 0x0211, 0x0211, 0x0211, 0x0211, 0x0212, 0x0212, 0x0211, 0x0211, 0x0211, 0x0211, 0x0211, 0x0211,
    0x0212, 0x0211, 0x0211, 0x0211, 0x0211, 0x0211, 0x0211, 0x0212, 0x0212, 0x0211, 0x0212, 0x0212, 0x0212, 0x0212, 0x0212, 0x0212,
    0x0211, 0x0211, 0x0211, 0x0212, 0x0212, 0x0212, 0x0212, 0x0211, 0x0212, 0x0212, 0x01F2, 0x0211, 0x0211, 0x0211, 0x0211, 0x0211,
    0x0211, 0x0212, 0x0211, 0x0212, 0x0212, 0x0212, 0x0212, 0x0212, 0x0212, 0x0212, 0x0212, 0x0212, 0x0211, 0x0212, 0x0212, 0x0211,
    0x0211, 0x0212, 0x0212, 0x0212, 0x0212, 0x0212, 0x0212, 0x0212, 0x0212, 0x0212, 0x0212, 0x0212, 0x0211, 0x0212, 0x0212, 0x0212,
    0x0212, 0x0212, 0x0212, 0x0212, 0x0212, 0x0212, 0x0212, 0x0212, 0x0212, 0x0212, 0x0212, 0x0212, 0x0212, 0x0212, 0x0212, 0x0212,
    0x0212, 0x0212, 0x0212, 0x0212, 0x0232, 0x01F1, 0x3B4C, 0x63C5, 0x6364, 0x6344, 0x8C64, 0x7442, 0x53A1, 0x4BA1, 0x3B41, 0x3B01,
    0x3B02, 0x32C2, 0x3B02, 0x3AE1, 0x6BA3, 0x9C86, 0x5342, 0x32E1, 0x32E1, 0x32E1, 0x3AE1, 0x3AE0, 0x3B02, 0x22AC, 0x01F1, 0x0212,
    0x01F2, 0x0212, 0x0211, 0x0211, 0x0211, 0x01F1, 0x0211, 0x0211, 0x0211, 0x0211, 0x0211, 0x0211, 0x0211, 0x0212, 0x0212, 0x0212,
    0x0212, 0x0211, 0x0212, 0x0211, 0x0211, 0x0211, 0x0211, 0x0211, 0x0212, 0x0212, 0x0212, 0x0211, 0x01F1, 0x0212, 0x0212, 0x0211,
    0x0212, 0x0212, 0x0212, 0x01F1, 0x01F0, 0x01D1, 0x01F2, 0x01F2, 0x01F2, 0x01F2, 0x01F2, 0x0212, 0x0211, 0x0211, 0x0212, 0x0212,
    0x0210, 0x0A0F, 0x120F, 0x32AA, 0x5BE4, 0x53C1, 0x53C1, 0x5C02, 0x6422, 0x4BA1, 0x32E0, 0x3300, 0x5BE1, 0x6422, 0x4360, 0x3B81,
    0x3B41, 0x32E1, 0x32E1, 0x3B41, 0x4381, 0x4BE1, 0x5C41, 0x5C41, 0x5C01, 0x7C44, 0xBC68, 0xC4AC, 0xBCCD, 0xD4AA, 0xC428, 0xC3E7,
    0xDC68, 0xE4AA, 0xE4A9, 0xD467, 0xE4E8, 0xEDAC, 0x530E, 0x01B0, 0x0212, 0x0211, 0x0211, 0x0211, 0x0211, 0x01F2, 0x01F1, 0x0212,
    0x0211, 0x01F2, 0x0212, 0x0212, 0x0212, 0x0212, 0x0212, 0x0211, 0x0212, 0x0211, 0x0212, 0x0212, 0x0211, 0x0211, 0x0211, 0x0211,
    0x0212, 0x0212, 0x0212, 0x0211, 0x0211, 0x0211, 0x01F1, 0x0212, 0x01F2, 0x0212, 0x0212, 0x0212, 0x0212, 0x0212, 0x0212, 0x0212,
    0x0212, 0x0211, 0x0A0D, 0x2244, 0x32C4, 0x1A8D, 0x0A0E, 0x4346, 0x3B01, 0x1A28, 0x0211, 0x0211, 0x0211, 0x0A31, 0x0231, 0x0212,
    0x0212, 0x01F1, 0x1A6B, 0x3303, 0x2A60, 0x2A40, 0x32C6, 0x0A0F, 0x0212, 0x0212, 0x0212, 0x0212, 0x0212, 0x0211, 0x0211, 0x0212,
    0x0212, 0x0212, 0x0212, 0x0211, 0x0211, 0x0212, 0x0212, 0x0212, 0x0212, 0x0212, 0x0212, 0x0212, 0x0212, 0x0212, 0x0212, 0x0212,
    0x0212, 0x0211, 0x0211, 0x0211, 0x0211, 0x0211, 0x0211, 0x0212, 0x0211, 0x01F1, 0x0211, 0x0211, 0x0211, 0x0211, 0x0211, 0x01F1,
    0x0211, 0x0211, 0x0211, 0x0212, 0x0212, 0x0211, 0x0211, 0x0212, 0x0212, 0x0211, 0x0211, 0x0211, 0x0211, 0x0211, 0x0211, 0x0211,
    0x0212, 0x0211, 0x0211, 0x0211, 0x0212, 0x0212, 0x0212, 0x0212, 0x0212, 0x0211, 0x0212, 0x0212, 0x0212, 0x0212, 0x0212, 0x0212,
    0x0211, 0x0212, 0x0211, 0x0211, 0x0212, 0x0212, 0x0212, 0x0212, 0x0211, 0x0212, 0x0212, 0x0212, 0x0211, 0x0211, 0x0211, 0x0211,
    0x0211, 0x0211, 0x0211, 0x0212, 0x0212, 0x0212, 0x0211, 0x01F2, 0x0212, 0x0211, 0x0212, 0x0212, 0x0212, 0x0212, 0x0211, 0x0211,
    0x0212, 0x0212, 0x0212, 0x0211, 0x0212, 0x0211, 0x0211, 0x0212, 0x0212, 0x0212, 0x0212, 0x0212, 0x0212, 0x0212, 0x0212, 0x0212,
    0x0211, 0x0212, 0x0212, 0x0212, 0x0212, 0x0212, 0x0212, 0x0212, 0x0212, 0x0212, 0x0212, 0x0212, 0x0212, 0x0212, 0x0212, 0x0212,
    0x0212, 0x0212, 0x0212, 0x0212, 0x01F1, 0x1AAE, 0x53E7, 0x63A5, 0x5B04, 0x5362, 0x63E1, 0x4360, 0x3300, 0x3300, 0x3B01, 0x3B21,
    0x32E2, 0x2A62, 0x3B02, 0x3B61, 0x5BA2, 0x8424, 0x63C3, 0x32C1, 0x32C1, 0x3B21, 0x3301, 0x3B01, 0x3B00, 0x4347, 0x122F, 0x0212,
    0x0212, 0x01F1, 0x0211, 0x0212, 0x0211, 0x0211, 0x0211, 0x0211, 0x0211, 0x0211, 0x0211, 0x0212, 0x0212, 0x0212, 0x0212, 0x0212,
    0x0212, 0x0212, 0x0212, 0x0211, 0x0211, 0x0211, 0x0211, 0x0211, 0x01F1, 0x0211, 0x0212, 0x0211, 0x0211, 0x0212, 0x0212, 0x0212,
    0x0211, 0x0211, 0x0211, 0x0212, 0x0212, 0x0212, 0x0211, 0x0212, 0x0211, 0x0211, 0x0211, 0x0211, 0x0212, 0x0212, 0x0212, 0x0212,
    0x0212, 0x0212, 0x01F1, 0x09ED, 0x4B64, 0x4341, 0x5BC2, 0x53A2, 0x4361, 0x3B21, 0x32E1, 0x3B21, 0x4381, 0x4381, 0x3B41, 0x4361,
    0x3301, 0x32A1, 0x2A61, 0x2A81, 0x3B01, 0x3B41, 0x5BE2, 0x6423, 0x5C02, 0x7443, 0xA426, 0xD52D, 0xBCCE, 0xD4CB, 0xC407, 0xDC69,
    0xE448, 0xE488, 0xD487, 0xC4C6, 0xBD09, 0x532D, 0x01AF, 0x0212, 0x01F1, 0x0211, 0x0211, 0x01F1, 0x0211, 0x0212, 0x0211, 0x0212,
    0x0212, 0x0212, 0x0212, 0x0212, 0x0212, 0x0211, 0x0211, 0x0212, 0x0212, 0x0211, 0x0211, 0x0212, 0x0212, 0x0211, 0x0212, 0x0212,
    0x0212, 0x0212, 0x0212, 0x0212, 0x0211, 0x0211, 0x0212, 0x0212, 0x0212, 0x0212, 0x0212, 0x0212, 0x0212, 0x0212, 0x0212, 0x0212,
    0x0212, 0x0211, 0x0A11, 0x0A0D, 0x32A4, 0x4343, 0x22A9, 0x228A, 0x53C4, 0x32C7, 0x01EF, 0x0211, 0x0211, 0x0211, 0x0212, 0x0212,
    0x0A4F, 0x3329, 0x3B43, 0x2A80, 0x2241, 0x2240, 0x2287, 0x0210, 0x0212, 0x0212, 0x0212, 0x0212, 0x0212, 0x0211, 0x0211, 0x0211,
    0x0230, 0x0211, 0x0212, 0x0211, 0x0211, 0x0212, 0x0212, 0x0212, 0x0212, 0x0212, 0x0212, 0x0212, 0x0212, 0x0212, 0x0212, 0x0212,
    0x0212, 0x0211, 0x0211, 0x0211, 0x0211, 0x0211, 0x0211, 0x0212, 0x0211, 0x0211, 0x0211, 0x0211, 0x0211, 0x0211, 0x0211, 0x0211,
    0x0211, 0x0211, 0x0212, 0x0212, 0x0212, 0x0211, 0x0211, 0x0212, 0x0211, 0x0211, 0x0211, 0x0211, 0x0211, 0x0211, 0x0211, 0x0211,
    0x0211, 0x0211, 0x01F1, 0x0211, 0x0211, 0x0212, 0x0212, 0x0212, 0x0211, 0x0211, 0x0212, 0x0212, 0x0212, 0x0212, 0x0211, 0x0211,
    0x0212, 0x0211, 0x0231, 0x0211, 0x0211, 0x0212, 0x0212, 0x0212, 0x0212, 0x0212, 0x0212, 0x0212, 0x0212, 0x0211, 0x0212, 0x0211,
    0x0211, 0x0211, 0x0211, 0x0212, 0x0212, 0x0212, 0x0212, 0x0212, 0x01F2, 0x0212, 0x0212, 0x0212, 0x0212, 0x0212, 0x0211, 0x0211,
    0x0211, 0x0211, 0x0212, 0x0211, 0x0211, 0x0212, 0x0212, 0x0212, 0x0211, 0x0212, 0x0212, 0x0212, 0x0212, 0x0212, 0x0212, 0x0212,
    0x0212, 0x0212, 0x0212, 0x0212, 0x0212, 0x0212, 0x0212, 0x0212, 0x0211, 0x0212, 0x0212, 0x0212, 0x0212, 0x0212, 0x0212, 0x0212,
    0x0212, 0x0212, 0x0212, 0x0212, 0x124E, 0x53C8, 0x5B64, 0x5B04, 0x5B82, 0x53C1, 0x4360, 0x4361, 0x3301, 0x3301, 0x2AC1, 0x32E1,
    0x32C1, 0x32A2, 0x2A82, 0x32E1, 0x3300, 0x4341, 0x3B21, 0x32E1, 0x3B01, 0x4362, 0x3301, 0x3301, 0x32E1, 0x4B21, 0x5BAA, 0x0A10,
    0x0212, 0x0211, 0x0211, 0x0211, 0x0211, 0x0211, 0x0211, 0x0212, 0x0211, 0x0211, 0x0212, 0x0212, 0x0212, 0x0212, 0x0212, 0x0212,
    0x0212, 0x0212, 0x0212, 0x0211, 0x0211, 0x0211, 0x0211, 0x0211, 0x01F1, 0x0211, 0x0211, 0x0211, 0x0211, 0x0212, 0x0212, 0x0212,
    0x0211, 0x0211, 0x0211, 0x0211, 0x0212, 0x0212, 0x0212, 0x0212, 0x0211, 0x01F1, 0x0211, 0x0212, 0x0212, 0x0212, 0x0212, 0x0212,
    0x0211, 0x0211, 0x01F2, 0x122D, 0x4343, 0x4341, 0x4341, 0x4341, 0x3B01, 0x32E1, 0x3301, 0x3B21, 0x3B61, 0x3B41, 0x3B41, 0x4361,
    0x3B21, 0x32C1, 0x2A81, 0x2A61, 0x2A61, 0x32A1, 0x42C3, 0x5364, 0x6441, 0x7CA2, 0x8444, 0x93E6, 0xBC6A, 0xD4CB, 0xED4C, 0xED2B,
    0xE4C9, 0xD4E8, 0xB4E6, 0x7C29, 0x224D, 0x01B0, 0x0212, 0x01F1, 0x0211, 0x0211, 0x0211, 0x01F1, 0x0212, 0x0212, 0x0211, 0x0211,
    0x0212, 0x0212, 0x0212, 0x0212, 0x0211, 0x0211, 0x0212, 0x0212, 0x0212, 0x0211, 0x0212, 0x0212, 0x0212, 0x0211, 0x0211, 0x0212,
    0x0212, 0x0212, 0x01F1, 0x0211, 0x0211, 0x0212, 0x0212, 0x0212, 0x0212, 0x0212, 0x0212, 0x0212, 0x0212, 0x0212, 0x0212, 0x0212,
    0x0212, 0x0212, 0x0211, 0x0A30, 0x1A4B, 0x2A82, 0x4361, 0x3306, 0x3B07, 0x4325, 0x124C, 0x0211, 0x0211, 0x0212, 0x0A6E, 0x1AAB,
    0x22E6, 0x3341, 0x22C0, 0x2A81, 0x2A61, 0x2A61, 0x32E4, 0x124D, 0x0211, 0x0A2F, 0x0A30, 0x0231, 0x0A2F, 0x0A2F, 0x01F1, 0x124D,
    0x126B, 0x0211, 0x0211, 0x0211, 0x0212, 0x0212, 0x0212, 0x0212, 0x0212, 0x0212, 0x0212, 0x0212, 0x0212, 0x0212, 0x0212, 0x0212,
    0x0212, 0x0212, 0x0212, 0x0212, 0x0212, 0x0212, 0x0211, 0x0211, 0x0211, 0x0211, 0x0211, 0x0211, 0x0211, 0x0211, 0x0211, 0x0211,
    0x0211, 0x0212, 0x0212, 0x0212, 0x0212, 0x0211, 0x0211, 0x0211, 0x0211, 0x0211, 0x0211, 0x0211, 0x0211, 0x0211, 0x0211, 0x0211,
    0x0211, 0x0211, 0x0211, 0x0212, 0x0211, 0x0212, 0x0212, 0x0211, 0x0211, 0x0211, 0x0212, 0x0212, 0x0212, 0x0211, 0x0212, 0x0212,
    0x0211, 0x0211, 0x0211, 0x0212, 0x0212, 0x0212, 0x0212, 0x0212, 0x0212, 0x0212, 0x0211, 0x0211, 0x0211, 0x0212, 0x0211, 0x0211,
    0x0211, 0x0211, 0x0211, 0x0212, 0x0211, 0x0212, 0x0212, 0x0212, 0x0212, 0x0211, 0x0212, 0x0212, 0x0211, 0x0211, 0x0211, 0x0211,
    0x0211, 0x0211, 0x0211, 0x0212, 0x0211, 0x0212, 0x0211, 0x0212, 0x0211, 0x0212, 0x0212, 0x0211, 0x0212, 0x0211, 0x0211, 0x0212,
    0x0211, 0x0212, 0x0212, 0x0212, 0x0212, 0x0212, 0x0212, 0x0212, 0x0212, 0x0211, 0x0211, 0x0211, 0x0212, 0x0212, 0x0212, 0x0211,
    0x0212, 0x0212, 0x0212, 0x0A50, 0x5C4B, 0x5B64, 0x52C4, 0x4302, 0x3B41, 0x3301, 0x3301, 0x3B21, 0x32E1, 0x2AC1, 0x2A81, 0x2AA1,
    0x2A61, 0x2241, 0x2AA1, 0x2AC1, 0x3B21, 0x3321, 0x2AC0, 0x2AA0, 0x32C1, 0x3B01, 0x3301, 0x32E0, 0x32C1, 0x4B22, 0x7C25, 0x2AAC,
    0x01D1, 0x0212, 0x0212, 0x0211, 0x0211, 0x0211, 0x0211, 0x0211, 0x0211, 0x0211, 0x0212, 0x0212, 0x0212, 0x0212, 0x0212, 0x0212,
    0x0212, 0x0212, 0x0212, 0x0211, 0x0211, 0x0211, 0x0211, 0x0211, 0x0211, 0x0211, 0x0211, 0x0211, 0x0211, 0x0211, 0x0211, 0x0211,
    0x0211, 0x0212, 0x0212, 0x0212, 0x0212, 0x0212, 0x0212, 0x0212, 0x0211, 0x0212, 0x0212, 0x0212, 0x0212, 0x0212, 0x0212, 0x0211,
    0x0211, 0x0211, 0x0211, 0x126C, 0x3B42, 0x53A2, 0x53A2, 0x3B01, 0x32A0, 0x3B01, 0x3B21, 0x3B21, 0x3321, 0x3B21, 0x32E1, 0x32E0,
    0x4341, 0x4361, 0x32C1, 0x32A1, 0x2A40, 0x3A82, 0x5B64, 0x6C23, 0x6C65, 0x5BE7, 0x63C5, 0x7BC3, 0xAC47, 0xBC49, 0xDD4C, 0xF5CE,
    0xE54A, 0xB506, 0x5BA8, 0x09EE, 0x01D1, 0x0211, 0x01F1, 0x01F1, 0x0211, 0x0211, 0x0211, 0x01F1, 0x0212, 0x0212, 0x0212, 0x0212,
    0x0212, 0x0212, 0x0211, 0x0212, 0x0211, 0x0212, 0x0212, 0x0212, 0x0212, 0x0212, 0x0212, 0x0212, 0x0212, 0x0212, 0x0211, 0x0211,
    0x0212, 0x0212, 0x0211, 0x0211, 0x0211, 0x0212, 0x0212, 0x0212, 0x0212, 0x0211, 0x0211, 0x0212, 0x0212, 0x0212, 0x0212, 0x0212,
    0x0212, 0x0212, 0x0211, 0x0A30, 0x0A2F, 0x1A48, 0x4321, 0x53E1, 0x4362, 0x32C6, 0x1A4B, 0x01F1, 0x0212, 0x0211, 0x22CA, 0x4BA2,
    0x4381, 0x3341, 0x2AE1, 0x2AC1, 0x2AA0, 0x4342, 0x32E7, 0x0A0E, 0x0A2F, 0x1A6B, 0x126B, 0x124B, 0x1A6C, 0x0A0F, 0x01F1, 0x124D,
    0x128C, 0x0230, 0x0212, 0x0212, 0x0212, 0x0212, 0x0212, 0x0212, 0x0212, 0x0212, 0x0212, 0x0212, 0x0212, 0x0212, 0x0212, 0x0212,
    0x0212, 0x0212, 0x0212, 0x0212, 0x0212, 0x0212, 0x0212, 0x0212, 0x0212, 0x0212, 0x0212, 0x0212, 0x0212, 0x0211, 0x0211, 0x0211,
    0x0211, 0x0212, 0x0212, 0x0211, 0x0211, 0x0211, 0x0211, 0x0211, 0x0211, 0x0211, 0x0211, 0x0211, 0x0211, 0x0211, 0x0211, 0x0211,
    0x0211, 0x0211, 0x0211, 0x0211, 0x0212, 0x0212, 0x0212, 0x0212, 0x0212, 0x0212, 0x0212, 0x0212, 0x0211, 0x0211, 0x0212, 0x0211,
    0x0211, 0x0211, 0x0212, 0x0212, 0x0211, 0x0212, 0x0212, 0x0212, 0x0212, 0x0212, 0x0212, 0x0211, 0x0212, 0x0212, 0x0211, 0x0211,
    0x0211, 0x0211, 0x0211, 0x0211, 0x0211, 0x0211, 0x0211, 0x0211, 0x0212, 0x0211, 0x0211, 0x0211, 0x0211, 0x0211, 0x0211, 0x0211,
    0x0211, 0x0211, 0x0211, 0x0211, 0x0212, 0x0212, 0x0211, 0x0211, 0x0211, 0x0211, 0x0211, 0x0211, 0x0211, 0x0211, 0x0211, 0x0211,
    0x0211, 0x0212, 0x0212, 0x0212, 0x0212, 0x0212, 0x0212, 0x0212, 0x0212, 0x0211, 0x22AF, 0x124F, 0x0211, 0x0212, 0x0212, 0x0211,
    0x0212, 0x0232, 0x01F1, 0x22EE, 0x854A, 0x7385, 0x3A81, 0x3B61, 0x3300, 0x2AC0, 0x2B01, 0x3301, 0x2AA0, 0x2281, 0x2AA1, 0x2AA1,
    0x22A1, 0x2AA2, 0x2AA1, 0x32E1, 0x3B21, 0x2AC0, 0x2AA1, 0x2AA1, 0x2260, 0x2AC1, 0x3300, 0x3321, 0x3B42, 0x32E1, 0x5BC2, 0x4B66,
    0x22CB, 0x124E, 0x01F0, 0x01F1, 0x0211, 0x0211, 0x0211, 0x0211, 0x0211, 0x0211, 0x0212, 0x0212, 0x0212, 0x0212, 0x0212, 0x0212,
    0x0212, 0x0212, 0x0212, 0x0211, 0x0211, 0x0211, 0x0211, 0x0211, 0x0211, 0x0211, 0x0211, 0x0212, 0x0211, 0x0211, 0x0211, 0x0211,
    0x0211, 0x0211, 0x0212, 0x0212, 0x0212, 0x0211, 0x0211, 0x0211, 0x0212, 0x0212, 0x0212, 0x0212, 0x0212, 0x0212, 0x0211, 0x0211,
    0x0211, 0x0211, 0x0211, 0x2B09, 0x4362, 0x4B61, 0x4B82, 0x4B61, 0x53A2, 0x4361, 0x3B21, 0x32E1, 0x3B01, 0x3B01, 0x32E1, 0x32E1,
    0x3B21, 0x3B21, 0x3B01, 0x2A61, 0x2A41, 0x3A83, 0x6BA4, 0x7405, 0x2A8D, 0x09F0, 0x5B49, 0x83E3, 0x83A4, 0x8B65, 0xCC89, 0xDD2A,
    0xB4E5, 0x6BE7, 0x09EF, 0x01F2, 0x0211, 0x01F1, 0x0211, 0x01F1, 0x0211, 0x0211, 0x0211, 0x0211, 0x0211, 0x0211, 0x0211, 0x0212,
    0x0211, 0x0211, 0x0212, 0x0212, 0x0212, 0x0212, 0x0211, 0x0212, 0x0212, 0x0212, 0x0211, 0x0211, 0x0212, 0x0211, 0x0211, 0x0211,
    0x0211, 0x0211, 0x0211, 0x0211, 0x0211, 0x0212, 0x0212, 0x0212, 0x0211, 0x0212, 0x0212, 0x0211, 0x0212, 0x0212, 0x0212, 0x0212,
    0x0212, 0x0212, 0x0212, 0x0211, 0x0230, 0x124D, 0x2AA5, 0x4321, 0x53A1, 0x3327, 0x0A2E, 0x0211, 0x0232, 0x0211, 0x126B, 0x3B22,
    0x4361, 0x43A2, 0x3301, 0x4321, 0x4B82, 0x53A3, 0x22CC, 0x01F1, 0x1A6E, 0x0A2E, 0x0A2E, 0x0A2D, 0x0210, 0x0211, 0x0211, 0x0A4E,
    0x0A2F, 0x0211, 0x0A4E, 0x1A8A, 0x1A8A, 0x0A4E, 0x0210, 0x0230, 0x0211, 0x0212, 0x0212, 0x0212, 0x0212, 0x0212, 0x0212, 0x0212,
    0x0212, 0x0212, 0x0212, 0x0211, 0x0211, 0x0212, 0x0212, 0x0212, 0x0212, 0x0212, 0x0212, 0x0212, 0x0212, 0x0212, 0x0212, 0x0212,
    0x0212, 0x0212, 0x0212, 0x0211, 0x0211, 0x0211, 0x0211, 0x0211, 0x0211, 0x0212, 0x0211, 0x0211, 0x0211, 0x0211, 0x0211, 0x0211,
    0x0211, 0x0211, 0x0211, 0x0212, 0x0211, 0x0211, 0x0211, 0x0211, 0x0211, 0x0212, 0x0212, 0x0212, 0x0211, 0x0212, 0x0212, 0x0211,
    0x0211, 0x0211, 0x0211, 0x0211, 0x0212, 0x0212, 0x0212, 0x0212, 0x0211, 0x0212, 0x0211, 0x0212, 0x0212, 0x0211, 0x0211, 0x0211,
    0x0211, 0x0211, 0x0211, 0x0211, 0x0211, 0x0211, 0x0211, 0x0211, 0x0211, 0x0211, 0x0211, 0x0211, 0x0211, 0x0211, 0x0211, 0x0211,
    0x0211, 0x0211, 0x0212, 0x0212, 0x0212, 0x0212, 0x0211, 0x0212, 0x0211, 0x0211, 0x0211, 0x0211, 0x0211, 0x0211, 0x0211, 0x0211,
    0x0211, 0x0211, 0x0212, 0x0212, 0x0212, 0x0212, 0x0212, 0x0212, 0x0212, 0x0211, 0x0A30, 0x0210, 0x0211, 0x0212, 0x0212, 0x0212,
    0x0212, 0x0232, 0x01F1, 0x3BAD, 0x9D49, 0x6304, 0x32A1, 0x3B60, 0x3B40, 0x3320, 0x3320, 0x3301, 0x2AC1, 0x2AC1, 0x2AA1, 0x2AC1,
    0x2AE1, 0x2AC1, 0x2AA1, 0x2A81, 0x2AA1, 0x2AA1, 0x22A1, 0x32E1, 0x3301, 0x4381, 0x5402, 0x53C2, 0x3B42, 0x3B02, 0x3B01, 0x4B61,
    0x53E2, 0x4B83, 0x3B27, 0x1A6D, 0x01F0, 0x01F1, 0x01F1, 0x01F1, 0x0212, 0x0211, 0x0212, 0x0211, 0x0211, 0x0212, 0x0212, 0x0212,
    0x0212, 0x0212, 0x0211, 0x0211, 0x0211, 0x0211, 0x0211, 0x0211, 0x0211, 0x0211, 0x0211, 0x0211, 0x0211, 0x0211, 0x0211, 0x0211,
    0x0211, 0x0212, 0x0212, 0x0212, 0x0211, 0x0211, 0x0211, 0x0211, 0x0211, 0x0212, 0x0212, 0x0212, 0x0212, 0x0212, 0x0211, 0x0211,
    0x0211, 0x0212, 0x0211, 0x1A89, 0x4341, 0x4341, 0x3B21, 0x7443, 0x8CA4, 0x63E2, 0x4B81, 0x32C0, 0x32A0, 0x32E1, 0x32C1, 0x3B01,
    0x3301, 0x32E1, 0x32C1, 0x2A41, 0x2A21, 0x4AC3, 0x73A3, 0x63A6, 0x09EE, 0x226C, 0x8C07, 0xA446, 0xA406, 0xB446, 0xCCA9, 0xCD07,
    0x7C46, 0x124D, 0x0212, 0x0212, 0x0211, 0x01F1, 0x0211, 0x0211, 0x0211, 0x0211, 0x0211, 0x0211, 0x0211, 0x0211, 0x0211, 0x0212,
    0x0211, 0x0211, 0x0212, 0x0212, 0x0212, 0x0212, 0x0212, 0x0212, 0x0212, 0x0212, 0x0212, 0x0211, 0x0212, 0x0212, 0x0212, 0x0211,
    0x0211, 0x0211, 0x0211, 0x0211, 0x0211, 0x0211, 0x0212, 0x0211, 0x0211, 0x0211, 0x0212, 0x0211, 0x0212, 0x0212, 0x0212, 0x0212,
    0x0212, 0x0212, 0x0212, 0x0212, 0x0210, 0x124F, 0x1A6B, 0x3AE2, 0x4B82, 0x4BA3, 0x22CA, 0x124E, 0x0A30, 0x0211, 0x020F, 0x2285,
    0x3300, 0x4381, 0x4BA1, 0x53C2, 0x4341, 0x3306, 0x0A30, 0x0231, 0x2288, 0x2A64, 0x2248, 0x122B, 0x124E, 0x0A2F, 0x0211, 0x0A2F,
    0x0A4F, 0x0211, 0x0A4D, 0x2AC6, 0x3301, 0x1A86, 0x0A0F, 0x0A30, 0x124D, 0x128B, 0x0A4F, 0x0211, 0x01F2, 0x0212, 0x0211, 0x0211,
    0x0211, 0x0211, 0x0231, 0x0211, 0x0211, 0x0212, 0x0212, 0x0212, 0x0212, 0x0212, 0x0212, 0x0212, 0x0212, 0x0212, 0x0212, 0x0212,
    0x0212, 0x0212, 0x0212, 0x0211, 0x0211, 0x0211, 0x0211, 0x0211, 0x0212, 0x0211, 0x0211, 0x0211, 0x0211, 0x0211, 0x0211, 0x0212,
    0x0211, 0x0211, 0x0211, 0x0211, 0x0211, 0x0211, 0x0211, 0x0211, 0x0211, 0x0211, 0x0212, 0x0211, 0x0211, 0x0211, 0x0211, 0x0211,
    0x0211, 0x0211, 0x0211, 0x0211, 0x0211, 0x0211, 0x0212, 0x0212, 0x0211, 0x0211, 0x0212, 0x0211, 0x0212, 0x0211, 0x0211, 0x0211,
    0x0211, 0x0212, 0x0211, 0x0211, 0x0211, 0x0211, 0x0211, 0x0211, 0x0211, 0x0211, 0x0211, 0x0211, 0x0211, 0x0211, 0x0211, 0x0212,
    0x0211, 0x0211, 0x0212, 0x0212, 0x0212, 0x0212, 0x0212, 0x0212, 0x0212, 0x0211, 0x0211, 0x0211, 0x0211, 0x0211, 0x0211, 0x0211,
    0x0211, 0x0211, 0x0212, 0x0212, 0x0212, 0x0212, 0x0211, 0x0212, 0x0212, 0x0212, 0x0212, 0x0212, 0x0211, 0x0211, 0x0212, 0x0212,
    0x0212, 0x0232, 0x0212, 0x22AF, 0x7BE9, 0x4A63, 0x3301, 0x3B40, 0x3320, 0x3300, 0x3B41, 0x2AC0, 0x2AE1, 0x32E1, 0x2AC0, 0x3321,
    0x3321, 0x2AE2, 0x22C2, 0x2AC1, 0x2281, 0x32E2, 0x32E2, 0x3B42, 0x3B42, 0x3B41, 0x53C2, 0x3B41, 0x4362, 0x32C1, 0x3B01, 0x3B41,
    0x3B41, 0x4360, 0x6C42, 0x5BC3, 0x5388, 0x3B0A, 0x32EC, 0x2AAD, 0x01EF, 0x01F1, 0x0232, 0x0211, 0x0211, 0x0212, 0x0212, 0x0212,
    0x0212, 0x0212, 0x0211, 0x0211, 0x0211, 0x0211, 0x0211, 0x0211, 0x0211, 0x0211, 0x0211, 0x0211, 0x0211, 0x0211, 0x0211, 0x0211,
    0x0211, 0x0212, 0x0211, 0x0212, 0x0211, 0x0211, 0x0211, 0x01F1, 0x0211, 0x0211, 0x0212, 0x0212, 0x0212, 0x0212, 0x0211, 0x0212,
    0x0212, 0x0212, 0x0212, 0x01EE, 0x3305, 0x53A2, 0x4B61, 0x63E2, 0x8C64, 0x7C03, 0x5B81, 0x4B41, 0x2AA0, 0x32C1, 0x32E1, 0x3B21,
    0x3B21, 0x32E1, 0x3AE1, 0x2A40, 0x2A21, 0x4AC3, 0x73A3, 0x8406, 0x73CB, 0x940A, 0xB487, 0xA406, 0xB468, 0x9BC5, 0xBC87, 0x9C48,
    0x1A6C, 0x0212, 0x0212, 0x0212, 0x0212, 0x0211, 0x0211, 0x0211, 0x0211, 0x0211, 0x0212, 0x0212, 0x0211, 0x0211, 0x0212, 0x0212,
    0x0212, 0x0212, 0x0212, 0x0212, 0x0212, 0x0212, 0x0212, 0x0212, 0x0212, 0x0212, 0x0212, 0x0211, 0x0212, 0x0211, 0x0211, 0x0211,
    0x0211, 0x0211, 0x0211, 0x0211, 0x0211, 0x0211, 0x0212, 0x0211, 0x0212, 0x0212, 0x0212, 0x0212, 0x0211, 0x0212, 0x0212, 0x0212,
    0x0212, 0x0212, 0x0212, 0x0212, 0x0212, 0x0211, 0x0230, 0x2287, 0x4321, 0x53C1, 0x53E3, 0x4347, 0x1A6C, 0x124E, 0x01F0, 0x22AA,
    0x3B42, 0x4382, 0x4362, 0x4BA1, 0x4361, 0x1A8B, 0x0212, 0x124E, 0x2244, 0x2A42, 0x2289, 0x0210, 0x0210, 0x0211, 0x0A31, 0x0A30,
    0x0A4F, 0x126E, 0x0A30, 0x0A2E, 0x2285, 0x2AC2, 0x124C, 0x0A2D, 0x2AA4, 0x3322, 0x3304, 0x2AE7, 0x1A8B, 0x122D, 0x0210, 0x01F1,
    0x0211, 0x0A30, 0x0230, 0x0211, 0x0230, 0x0A30, 0x0211, 0x0211, 0x0211, 0x0212, 0x0212, 0x0212, 0x0212, 0x0212, 0x0212, 0x0212,
    0x0212, 0x0212, 0x0211, 0x0211, 0x0212, 0x0212, 0x0211, 0x0211, 0x01F1, 0x0211, 0x0211, 0x0211, 0x0211, 0x0211, 0x0211, 0x0212,
    0x0211, 0x01F1, 0x0211, 0x0212, 0x0211, 0x0211, 0x0211, 0x0211, 0x0211, 0x0211, 0x0211, 0x0211, 0x0211, 0x0211, 0x0211, 0x0211,
    0x0211, 0x0211, 0x0211, 0x0211, 0x0211, 0x0211, 0x0212, 0x0211, 0x0211, 0x0211, 0x0211, 0x0211, 0x0211, 0x0211, 0x0211, 0x0211,
    0x0211, 0x0211, 0x01F1, 0x0211, 0x0211, 0x0211, 0x0211, 0x0211, 0x0211, 0x0211, 0x0211, 0x0211, 0x0211, 0x0211, 0x0211, 0x0211,
    0x0211, 0x0211, 0x0211, 0x0211, 0x0212, 0x0211, 0x0212, 0x0211, 0x0211, 0x0211, 0x0211, 0x0211, 0x0211, 0x0211, 0x0211, 0x0211,
    0x0211, 0x0211, 0x0211, 0x0212, 0x0211, 0x0212, 0x0211, 0x0211, 0x0211, 0x0212, 0x0211, 0x0211, 0x0211, 0x0211, 0x0211, 0x0212,
    0x0212, 0x0212, 0x0211, 0x42EC, 0x5AC5, 0x3261, 0x3321, 0x3300, 0x2AE0, 0x2AC0, 0x3321, 0x2AE1, 0x2280, 0x2AE1, 0x3301, 0x2AE0,
    0x3300, 0x3321, 0x2AC2, 0x2AA1, 0x3302, 0x3322, 0x32E2, 0x32E1, 0x32C1, 0x32E1, 0x3B41, 0x3B21, 0x4341, 0x4381, 0x4381, 0x4361,
    0x3B41, 0x4361, 0x6422, 0x63E1, 0x5BA0, 0x6BE2, 0x9484, 0x8C45, 0x6BC9, 0x1A2E, 0x01D0, 0x01F1, 0x0211, 0x0211, 0x0211, 0x0211,
    0x0212, 0x0211, 0x0211, 0x0211, 0x0211, 0x0211, 0x0211, 0x0211, 0x0211, 0x0211, 0x0211, 0x0211, 0x0211, 0x0211, 0x0211, 0x0211,
    0x0211, 0x0211, 0x0211, 0x0211, 0x0211, 0x0211, 0x0211, 0x0211, 0x0212, 0x0211, 0x0211, 0x0212, 0x0212, 0x0212, 0x0212, 0x0212,
    0x0212, 0x0212, 0x0211, 0x01F1, 0x0A2E, 0x4B86, 0x6C23, 0x5BA1, 0x6BE2, 0x6BA2, 0x63A1, 0x63C2, 0x4B81, 0x3B01, 0x3B01, 0x4361,
    0x5382, 0x5362, 0x4B22, 0x2A60, 0x3261, 0x4284, 0x7384, 0x83C3, 0xBCA7, 0xD52A, 0xCCC9, 0xAC06, 0xA406, 0x8B64, 0xBC88, 0x4AEC,
    0x01D1, 0x0212, 0x0212, 0x0212, 0x0212, 0x0211, 0x0211, 0x0211, 0x0211, 0x0211, 0x0212, 0x0211, 0x0211, 0x0211, 0x0211, 0x0212,
    0x0212, 0x0212, 0x0212, 0x0212, 0x0212, 0x0212, 0x0212, 0x0211, 0x0212, 0x0212, 0x0212, 0x0212, 0x0211, 0x0211, 0x0211, 0x0211,
    0x0211, 0x0211, 0x0211, 0x0211, 0x0211, 0x0211, 0x0211, 0x0211, 0x0212, 0x0212, 0x0211, 0x0211, 0x0212, 0x0212, 0x0212, 0x0211,
    0x0212, 0x0212, 0x0212, 0x0211, 0x0211, 0x0211, 0x0211, 0x0A2E, 0x2AA5, 0x5BC1, 0x6C62, 0x4366, 0x020E, 0x0A30, 0x0211, 0x0210,
    0x0A2D, 0x0A2D, 0x0A2C, 0x2287, 0x32E6, 0x0A2E, 0x0212, 0x0A2E, 0x32C6, 0x2247, 0x32C7, 0x122D, 0x0212, 0x0211, 0x1A6D, 0x122E,
    0x124E, 0x1A6C, 0x124D, 0x0A2F, 0x1A6C, 0x22A6, 0x2AA6, 0x32E4, 0x2A20, 0x21E0, 0x2A61, 0x3B02, 0x3B21, 0x3B23, 0x2AE6, 0x124B,
    0x0210, 0x0211, 0x0211, 0x0212, 0x0212, 0x0210, 0x126E, 0x0A4F, 0x0212, 0x0212, 0x0212, 0x0212, 0x0212, 0x0212, 0x0212, 0x0212,
    0x0212, 0x0212, 0x0212, 0x0211, 0x0211, 0x0211, 0x0211, 0x0211, 0x0211, 0x0211, 0x0211, 0x0211, 0x0212, 0x0212, 0x0212, 0x0212,
    0x0211, 0x0211, 0x0211, 0x0212, 0x0211, 0x0211, 0x0211, 0x0211, 0x0211, 0x0211, 0x0211, 0x0211, 0x0211, 0x0211, 0x0211, 0x0211,
    0x0211, 0x0211, 0x0211, 0x0211, 0x0211, 0x0211, 0x0211, 0x0211, 0x0211, 0x0211, 0x0211, 0x0211, 0x0212, 0x0211, 0x0211, 0x0211,
    0x0211, 0x0211, 0x0211, 0x0211, 0x0211, 0x0211, 0x0211, 0x0211, 0x0211, 0x0211, 0x0211, 0x0211, 0x0211, 0x0211, 0x0212, 0x0211,
    0x0212, 0x0211, 0x0211, 0x0211, 0x0211, 0x0211, 0x0211, 0x0212, 0x0211, 0x0212, 0x0212, 0x0211, 0x0211, 0x0211, 0x0211, 0x0211,
    0x0211, 0x0212, 0x0211, 0x0212, 0x0212, 0x0212, 0x0211, 0x0211, 0x0211, 0x0211, 0x0211, 0x0212, 0x0212, 0x0211, 0x0212, 0x0212,
    0x0212, 0x0212, 0x0A10, 0x846B, 0x5B02, 0x3AC1, 0x3300, 0x2AE0, 0x2AC0, 0x3301, 0x2AC0, 0x2280, 0x2280, 0x2AA0, 0x2AA0, 0x3300,
    0x3300, 0x3301, 0x2AA0, 0x2AC1, 0x2AE1, 0x2AC1, 0x2A81, 0x2AA1, 0x2AC0, 0x32E1, 0x3320, 0x3300, 0x2AC0, 0x3B41, 0x32E0, 0x5C02,
    0x6402, 0x5382, 0x53A2, 0x5BE2, 0x5BC1, 0x6C02, 0x9444, 0x8C03, 0x9C65, 0x8C29, 0x4B4C, 0x1A6E, 0x01F1, 0x0212, 0x0212, 0x0211,
    0x0211, 0x0211, 0x0211, 0x0211, 0x0211, 0x0212, 0x0211, 0x0212, 0x0211, 0x0211, 0x0211, 0x0211, 0x0211, 0x0212, 0x0211, 0x0211,
    0x0211, 0x0211, 0x0211, 0x01F1, 0x0211, 0x0211, 0x0211, 0x0211, 0x0211, 0x0211, 0x0211, 0x0212, 0x0212, 0x0212, 0x0212, 0x0212,
    0x0212, 0x0212, 0x0211, 0x0212, 0x0212, 0x1A6C, 0x6C05, 0x7402, 0x73E3, 0x6BC2, 0x6BE2, 0x63E2, 0x63E1, 0x5381, 0x4341, 0x3B01,
    0x4301, 0x6B83, 0x6382, 0x5B62, 0x5B42, 0x4264, 0x6304, 0x7362, 0x8BC4, 0xBCA8, 0xB467, 0xAC06, 0x9BC5, 0x8363, 0x7366, 0x1A0D,
    0x0212, 0x0211, 0x0211, 0x0211, 0x0212, 0x0211, 0x0212, 0x0211, 0x0211, 0x0211, 0x0211, 0x0211, 0x0211, 0x0231, 0x0211, 0x0211,
    0x0212, 0x0212, 0x0211, 0x0212, 0x0212, 0x0212, 0x0212, 0x0212, 0x0212, 0x0211, 0x0212, 0x0212, 0x0211, 0x0211, 0x0211, 0x0211,
    0x0211, 0x0212, 0x0212, 0x0211, 0x0212, 0x0211, 0x0211, 0x0211, 0x0211, 0x0211, 0x0211, 0x0211, 0x0211, 0x0211, 0x0211, 0x0211,
    0x0211, 0x0212, 0x0211, 0x0211, 0x0211, 0x0211, 0x0211, 0x01F2, 0x0A2E, 0x2AA5, 0x53C1, 0x3B67, 0x01D1, 0x0212, 0x0211, 0x0212,
    0x0212, 0x0212, 0x0212, 0x0211, 0x0211, 0x0211, 0x0212, 0x01F0, 0x332B, 0x1A6C, 0x2268, 0x226A, 0x0211, 0x0211, 0x0211, 0x0211,
    0x0212, 0x0212, 0x0211, 0x0211, 0x0231, 0x0211, 0x0A2F, 0x128D, 0x2288, 0x32E3, 0x32A2, 0x3242, 0x2A01, 0x32A1, 0x32C1, 0x32E3,
    0x1A6B, 0x0211, 0x0231, 0x0231, 0x0211, 0x126D, 0x128B, 0x0A2F, 0x0230, 0x0211, 0x0212, 0x0212, 0x0212, 0x0212, 0x0212, 0x0212,
    0x0212, 0x0212, 0x0211, 0x0211, 0x0211, 0x0211, 0x0211, 0x0211, 0x0211, 0x0211, 0x0211, 0x0211, 0x0211, 0x0211, 0x0212, 0x0212,
    0x0211, 0x0211, 0x0211, 0x0211, 0x0211, 0x0211, 0x0212, 0x0211, 0x0211, 0x0211, 0x0211, 0x0211, 0x0211, 0x0211, 0x0211, 0x0211,
    0x0211, 0x0211, 0x0211, 0x0211, 0x0211, 0x0211, 0x0211, 0x0211, 0x0211, 0x0211, 0x0211, 0x0211, 0x0211, 0x0211, 0x0211, 0x0211,
    0x0212, 0x0212, 0x0211, 0x0211, 0x0211, 0x0211, 0x0211, 0x0211, 0x0211, 0x0211, 0x0211, 0x0211, 0x0211, 0x0211, 0x0211, 0x0212,
    0x0212, 0x0212, 0x0212, 0x0211, 0x0211, 0x0211, 0x0211, 0x0211, 0x0211, 0x0211, 0x0211, 0x0211, 0x01F1, 0x0211, 0x0211, 0x0211,
    0x01F1, 0x0211, 0x0211, 0x0211, 0x0211, 0x0211, 0x0211, 0x0211, 0x0211, 0x0211, 0x0211, 0x0211, 0x0212, 0x0212, 0x0212, 0x0212,
    0x0212, 0x0212, 0x01D0, 0x846F, 0x83C5, 0x4AC2, 0x32C1, 0x2AC1, 0x22A0, 0x3301, 0x2AE0, 0x2AC0, 0x2AC1, 0x2280, 0x32E1, 0x2AC1,
    0x2AA0, 0x3301, 0x2AC0, 0x32E1, 0x2AE1, 0x2AC1, 0x2AA1, 0x2AA1, 0x2AA0, 0x2AC0, 0x2AE0, 0x3300, 0x32E1, 0x2AA0, 0x4B61, 0x6422,
    0x6C22, 0x7C22, 0x7403, 0x63C2, 0x63E2, 0x7BE2, 0x9C45, 0x8C04, 0x9C24, 0xAC46, 0xBD07, 0x6BC9, 0x01CF, 0x0211, 0x0211, 0x0211,
    0x0211, 0x0211, 0x0211, 0x0211, 0x0211, 0x0211, 0x0211, 0x0211, 0x0211, 0x0211, 0x0211, 0x0211, 0x0211, 0x0211, 0x0211, 0x0211,
    0x0211, 0x0211, 0x0211, 0x0211, 0x0211, 0x0211, 0x0211, 0x0211, 0x0211, 0x0211, 0x0211, 0x0211, 0x0211, 0x0212, 0x0212, 0x0212,
    0x0212, 0x0212, 0x0212, 0x0212, 0x0212, 0x01EF, 0x5367, 0x73E2, 0x73C2, 0x63A2, 0x5B81, 0x73E2, 0x8403, 0x63C2, 0x4341, 0x5362,
    0x4B02, 0x7383, 0x7BC3, 0x73A2, 0x73C2, 0x5AE5, 0x5AE6, 0x83A3, 0x8BC4, 0x8BC4, 0x93A4, 0xAC06, 0x7B44, 0x5B22, 0x3AE6, 0x09EE,
    0x0211, 0x0211, 0x0211, 0x0211, 0x0211, 0x0211, 0x0211, 0x0212, 0x0211, 0x0211, 0x0211, 0x0211, 0x0211, 0x0211, 0x0211, 0x0211,
    0x0211, 0x0211, 0x0212, 0x0212, 0x0212, 0x0211, 0x0212, 0x0212, 0x0212, 0x0212, 0x0212, 0x0212, 0x0211, 0x0211, 0x0211, 0x0211,
    0x0211, 0x0212, 0x0212, 0x0212, 0x0212, 0x0211, 0x0211, 0x0211, 0x0211, 0x0211, 0x0211, 0x0211, 0x0211, 0x0211, 0x0211, 0x0211,
    0x0211, 0x0211, 0x0211, 0x0211, 0x0211, 0x0211, 0x0211, 0x0211, 0x0212, 0x01EF, 0x1A6B, 0x2AC9, 0x2ACC, 0x124F, 0x0211, 0x0211,
    0x01F1, 0x01F1, 0x0211, 0x0211, 0x0212, 0x0211, 0x0211, 0x0211, 0x124F, 0x0A30, 0x0A2F, 0x0A2F, 0x0212, 0x0212, 0x0212, 0x0212,
    0x0211, 0x0211, 0x0212, 0x0211, 0x0A31, 0x0A6F, 0x1290, 0x0212, 0x0231, 0x2B0B, 0x43A3, 0x4342, 0x4302, 0x3A82, 0x3262, 0x3282,
    0x3284, 0x226A, 0x0A2F, 0x126C, 0x1A89, 0x1A48, 0x0A0D, 0x0212, 0x0A4F, 0x1A6D, 0x0210, 0x0212, 0x0212, 0x0212, 0x0212, 0x0211,
    0x0212, 0x0212, 0x0211, 0x0211, 0x0211, 0x0211, 0x0211, 0x0211, 0x0211, 0x0211, 0x0211, 0x0211, 0x0211, 0x0211, 0x0211, 0x0211,
    0x0211, 0x0211, 0x0211, 0x0211, 0x0211, 0x0211, 0x0211, 0x0211, 0x0211, 0x0211, 0x0211, 0x0211, 0x0211, 0x0211, 0x0211, 0x0211,
    0x0211, 0x0211, 0x0211, 0x0211, 0x0211, 0x0211, 0x0211, 0x0211, 0x0211, 0x0211, 0x0211, 0x0211, 0x0211, 0x0211, 0x0211, 0x0212,
    0x0212, 0x0212, 0x0212, 0x0212, 0x0211, 0x01F1, 0x0211, 0x0211, 0x0211, 0x0211, 0x0211, 0x0212, 0x0211, 0x0211, 0x0211, 0x0211,
    0x0212, 0x01F1, 0x0212, 0x0211, 0x0211, 0x0211, 0x0211, 0x0211, 0x0211, 0x0211, 0x0211, 0x0211, 0x0211, 0x0211, 0x0211, 0x0211,
    0x0211, 0x0212, 0x0211, 0x0211, 0x0211, 0x0211, 0x0211, 0x0211, 0x0212, 0x0211, 0x0211, 0x0211, 0x0211, 0x0212, 0x0212, 0x0211,
    0x0211, 0x0211, 0x0211, 0x120F, 0x73AC, 0x6AE4, 0x3202, 0x2AA1, 0x2AE1, 0x2AC0, 0x3B41, 0x2AE0, 0x2AC0, 0x2AC0, 0x2AA1, 0x2240,
    0x2AA1, 0x2AE1, 0x2AC0, 0x3301, 0x2AC0, 0x2AC1, 0x2AC1, 0x2AC1, 0x2AC0, 0x32E1, 0x2AE0, 0x2AC0, 0x32C1, 0x4341, 0x63E1, 0x6C22,
    0x7C42, 0x8443, 0x8403, 0x8C23, 0x8403, 0x9C25, 0xAC46, 0x93E5, 0x9405, 0xAC46, 0xAC85, 0x7C27, 0x0A0D, 0x01F1, 0x0211, 0x0211,
    0x0211, 0x0211, 0x0211, 0x0211, 0x0211, 0x0211, 0x0211, 0x0211, 0x0211, 0x0211, 0x0211, 0x0211, 0x0211, 0x0212, 0x0211, 0x0211,
    0x0211, 0x0211, 0x0211, 0x0211, 0x0211, 0x0211, 0x0211, 0x0211, 0x0211, 0x0211, 0x0211, 0x0211, 0x0211, 0x0212, 0x0211, 0x0212,
    0x0212, 0x0212, 0x0212, 0x0212, 0x0212, 0x01D1, 0x3AEB, 0x73E3, 0x73C2, 0x5B61, 0x5B61, 0x73A3, 0x7BC3, 0x7382, 0x6362, 0x7382,
    0x83E4, 0x83C4, 0x83C3, 0x7BC3, 0x6BA2, 0x6B44, 0x4A66, 0x7B85, 0x83A3, 0x8BA4, 0x9BE5, 0xBC68, 0x7B64, 0x6362, 0x5344, 0x122D,
    0x01F1, 0x01F1, 0x01F1, 0x0211, 0x0211, 0x0211, 0x0211, 0x0211, 0x0211, 0x0211, 0x0211, 0x0211, 0x0211, 0x0212, 0x0211, 0x0211,
    0x0211, 0x0211, 0x0212, 0x0212, 0x0212, 0x0212, 0x0212, 0x0212, 0x01F1, 0x0212, 0x0212, 0x0212, 0x0211, 0x0211, 0x0212, 0x0211,
    0x0212, 0x0212, 0x0212, 0x0211, 0x0211, 0x0211, 0x0211, 0x0211, 0x0211, 0x0211, 0x0211, 0x0211, 0x0211, 0x0211, 0x0211, 0x0211,
    0x0211, 0x0211, 0x0211, 0x0211, 0x0211, 0x0211, 0x0212, 0x0211, 0x0211, 0x0212, 0x01F1, 0x1A6B, 0x4BA6, 0x53A5, 0x3B28, 0x3B09,
    0x5389, 0x3B0A, 0x228E, 0x0210, 0x0211, 0x01F1, 0x01F2, 0x01F2, 0x01F2, 0x0212, 0x0212, 0x0212, 0x0212, 0x0212, 0x0211, 0x0211,
    0x0211, 0x0211, 0x0231, 0x0A30, 0x0211, 0x124F, 0x126F, 0x0211, 0x0211, 0x0A0D, 0x3324, 0x3320, 0x4382, 0x3B22, 0x3AE2, 0x3AC3,
    0x3241, 0x2A43, 0x0A0D, 0x0210, 0x0A0E, 0x0210, 0x0212, 0x0212, 0x0211, 0x0A2E, 0x124E, 0x0A2F, 0x0210, 0x0211, 0x0212, 0x0211,
    0x0212, 0x0212, 0x0212, 0x0211, 0x0211, 0x0211, 0x0211, 0x0211, 0x0211, 0x0211, 0x0211, 0x0211, 0x0211, 0x0211, 0x0211, 0x0212,
    0x0211, 0x0211, 0x0211, 0x0211, 0x0211, 0x0211, 0x0211, 0x0211, 0x0211, 0x0211, 0x0211, 0x0211, 0x0211, 0x0211, 0x0211, 0x0211,
    0x0211, 0x0211, 0x0211, 0x0211, 0x0211, 0x0211, 0x0211, 0x0211, 0x0211, 0x0211, 0x0211, 0x0211, 0x0211, 0x0211, 0x0211, 0x0212,
    0x0212, 0x0211, 0x0212, 0x0212, 0x0211, 0x01F1, 0x0211, 0x0211, 0x0212, 0x0211, 0x0211, 0x0211, 0x0211, 0x0211, 0x0211, 0x0211,
    0x0212, 0x0211, 0x0212, 0x0211, 0x0211, 0x0212, 0x0211, 0x0211, 0x0211, 0x0211, 0x0211, 0x0211, 0x0211, 0x0211, 0x0211, 0x0211,
    0x0211, 0x0212, 0x0211, 0x0211, 0x0211, 0x0211, 0x0211, 0x0211, 0x0211, 0x01F1, 0x0211, 0x0212, 0x0212, 0x0212, 0x0212, 0x0211,
    0x0212, 0x0212, 0x0232, 0x01D1, 0x32AF, 0x7B68, 0x5263, 0x2A41, 0x3B21, 0x2AE0, 0x3B61, 0x3300, 0x32E0, 0x2AE0, 0x2AA0, 0x2AA0,
    0x3301, 0x32E0, 0x32E0, 0x3301, 0x32E1, 0x2AE1, 0x2AA1, 0x2280, 0x2AA0, 0x3301, 0x2AE0, 0x32E1, 0x2A80, 0x4B41, 0x7402, 0x7C22,
    0x7C22, 0x8403, 0x7BC2, 0x7BC2, 0x7BC2, 0x9C04, 0xB466, 0xA426, 0x9BE5, 0xA426, 0xA4A5, 0x7425, 0x0A0C, 0x01F1, 0x01F1, 0x0211,
    0x0211, 0x0211, 0x0211, 0x0211, 0x0211, 0x0211, 0x0211, 0x0211, 0x0211, 0x0211, 0x0211, 0x0211, 0x0211, 0x0211, 0x0211, 0x0211,
    0x0211, 0x0211, 0x0211, 0x0211, 0x0211, 0x0211, 0x0211, 0x0211, 0x0211, 0x0211, 0x0211, 0x0211, 0x0211, 0x0212, 0x0212, 0x0212,
    0x0212, 0x0212, 0x0212, 0x0211, 0x0211, 0x01F2, 0x0A0E, 0x53C6, 0x5380, 0x73E3, 0x7BC3, 0x6B62, 0x6B62, 0x6B22, 0x7B83, 0x7B82,
    0x83A4, 0x83A4, 0x7BA3, 0x6362, 0x6B63, 0x7BA3, 0x6326, 0x7346, 0x8BE3, 0x9C05, 0xAC06, 0x7B84, 0x4B01, 0x5B61, 0x5BA4, 0x122D,
    0x01F2, 0x01F1, 0x01F1, 0x0211, 0x0212, 0x0211, 0x0212, 0x0211, 0x0211, 0x0212, 0x0211, 0x0211, 0x0211, 0x0212, 0x0211, 0x0211,
    0x0211, 0x0212, 0x0212, 0x0211, 0x0212, 0x0211, 0x0212, 0x0212, 0x01F2, 0x0212, 0x0212, 0x0212, 0x0211, 0x0211, 0x0211, 0x0212,
    0x0212, 0x0211, 0x0211, 0x0211, 0x0211, 0x0211, 0x0211, 0x0211, 0x0211, 0x0211, 0x01F1, 0x0211, 0x0211, 0x0211, 0x0211, 0x0211,
    0x0211, 0x0211, 0x0211, 0x0212, 0x0211, 0x0211, 0x0212, 0x0212, 0x0211, 0x0211, 0x0211, 0x01F1, 0x01EE, 0x124B, 0x226A, 0x32C9,
    0x5366, 0x5366, 0x4329, 0x2A8B, 0x122D, 0x124E, 0x124E, 0x124F, 0x0A10, 0x124F, 0x124F, 0x0A2F, 0x0A30, 0x0A2F, 0x1A8D, 0x0A4F,
    0x0231, 0x0211, 0x0A30, 0x0A4F, 0x0211, 0x0212, 0x0211, 0x0211, 0x020F, 0x2B2A, 0x3B66, 0x3B44, 0x43A1, 0x43A0, 0x43A3, 0x22CB,
    0x226A, 0x32A3, 0x1A69, 0x0211, 0x0232, 0x0211, 0x0211, 0x0211, 0x0211, 0x0212, 0x0A2F, 0x124D, 0x124D, 0x0A2F, 0x0210, 0x0211,
    0x0212, 0x0212, 0x0212, 0x0211, 0x0211, 0x0211, 0x0211, 0x0211, 0x0211, 0x0211, 0x0211, 0x0211, 0x0212, 0x0211, 0x0211, 0x0211,
    0x0211, 0x0211, 0x0211, 0x0211, 0x0211, 0x0211, 0x0211, 0x0211, 0x0211, 0x0211, 0x0211, 0x0211, 0x0211, 0x0211, 0x0211, 0x0211,
    0x0211, 0x0211, 0x0211, 0x0211, 0x0211, 0x0211, 0x01F1, 0x0211, 0x0211, 0x0211, 0x0211, 0x0212, 0x0211, 0x0211, 0x0211, 0x0212,
    0x0211, 0x0211, 0x0210, 0x0211, 0x0212, 0x0211, 0x0211, 0x0211, 0x0211, 0x0211, 0x0211, 0x0211, 0x0211, 0x0211, 0x0211, 0x0211,
    0x0212, 0x01F1, 0x0211, 0x0211, 0x0211, 0x0211, 0x0211, 0x0211, 0x0211, 0x0211, 0x0211, 0x0211, 0x0211, 0x0211, 0x0212, 0x0211,
    0x0211, 0x0211, 0x0211, 0x0211, 0x0211, 0x0211, 0x0211, 0x0211, 0x0211, 0x0211, 0x0211, 0x0211, 0x01F1, 0x01F1, 0x0212, 0x0212,
    0x0212, 0x0212, 0x0211, 0x0212, 0x01F0, 0x6B4B, 0x7B26, 0x3A62, 0x3301, 0x3301, 0x2AE0, 0x2AE0, 0x32E0, 0x3320, 0x3B41, 0x4B81,
    0x3B20, 0x3B20, 0x4361, 0x3300, 0x3301, 0x2AC1, 0x2AC1, 0x2AC1, 0x32E1, 0x3B21, 0x3B21, 0x2AC0, 0x32A1, 0x5362, 0x63C2, 0x7402,
    0x7BC2, 0x9425, 0x8C04, 0x73A2, 0x8BE3, 0xAC46, 0xAC27, 0xB467, 0xBCA8, 0xA445, 0x94A4, 0x4B66, 0x01EF, 0x0212, 0x0211, 0x0212,
    0x0211, 0x0211, 0x0211, 0x0211, 0x0211, 0x0211, 0x0211, 0x0211, 0x0211, 0x0211, 0x0211, 0x0211, 0x01F1, 0x01F1, 0x0211, 0x0211,
    0x0211, 0x0211, 0x0211, 0x0211, 0x01F1, 0x0211, 0x0211, 0x0211, 0x0211, 0x0211, 0x0211, 0x0211, 0x0211, 0x0212, 0x0212, 0x0212,
    0x0212, 0x0212, 0x0212, 0x0211, 0x0211, 0x0212, 0x122F, 0x6C48, 0x5BA1, 0x7BE4, 0x7BA3, 0x73A3, 0x6B42, 0x7B63, 0x8363, 0x7B82,
    0x8383, 0x83A3, 0x6BA2, 0x6B83, 0x7384, 0x52C2, 0x7364, 0x83C5, 0x8BC4, 0x9C26, 0x83C5, 0x5B22, 0x5301, 0x6382, 0x5B63, 0x122C,
    0x01F2, 0x01F1, 0x01F1, 0x0211, 0x0211, 0x0211, 0x0211, 0x0212, 0x0211, 0x0211, 0x0211, 0x0212, 0x0211, 0x0211, 0x0212, 0x0211,
    0x0211, 0x0211, 0x01F1, 0x0211, 0x0211, 0x0212, 0x0212, 0x0212, 0x0212, 0x01F2, 0x0212, 0x0211, 0x0211, 0x0211, 0x0211, 0x0211,
    0x0211, 0x0211, 0x0211, 0x0211, 0x0211, 0x0211, 0x0211, 0x0211, 0x0211, 0x0211, 0x0211, 0x0211, 0x0211, 0x0211, 0x0211, 0x0211,
    0x0211, 0x0211, 0x0212, 0x0212, 0x0211, 0x0212, 0x0212, 0x0212, 0x0211, 0x0211, 0x0212, 0x0212, 0x0212, 0x0212, 0x01F2, 0x01F2,
    0x01F0, 0x01F0, 0x0A0F, 0x122D, 0x120D, 0x1A4C, 0x1A6C, 0x1A4C, 0x1A6B, 0x22AC, 0x1A4D, 0x0A0F, 0x228D, 0x3B4C, 0x1A6D, 0x0A0F,
    0x0212, 0x0212, 0x0211, 0x0211, 0x0212, 0x0211, 0x0211, 0x0211, 0x0211, 0x0230, 0x0210, 0x124E, 0x3B89, 0x43C7, 0x230C, 0x0211,
    0x0211, 0x22A9, 0x2AA3, 0x1A48, 0x124E, 0x0211, 0x0231, 0x0231, 0x0211, 0x0211, 0x0211, 0x0210, 0x020F, 0x122D, 0x124D, 0x0210,
    0x0212, 0x0212, 0x0212, 0x0212, 0x0211, 0x0211, 0x0211, 0x0211, 0x0211, 0x0211, 0x0211, 0x0212, 0x0211, 0x0212, 0x0211, 0x0211,
    0x0211, 0x0211, 0x0211, 0x0211, 0x0211, 0x0211, 0x0211, 0x0211, 0x0211, 0x0211, 0x0211, 0x0211, 0x0211, 0x0211, 0x0211, 0x0211,
    0x0211, 0x0211, 0x0211, 0x0211, 0x0211, 0x0211, 0x0211, 0x0211, 0x0211, 0x0211, 0x0211, 0x0212, 0x0212, 0x0212, 0x0212, 0x0211,
    0x0211, 0x0211, 0x0A30, 0x0211, 0x0211, 0x0211, 0x0211, 0x0211, 0x0211, 0x0211, 0x0211, 0x0211, 0x0211, 0x0211, 0x0211, 0x0211,
    0x0211, 0x01F1, 0x0211, 0x0211, 0x0211, 0x0211, 0x0211, 0x0211, 0x0211, 0x0211, 0x0211, 0x0212, 0x0211, 0x0211, 0x0211, 0x0211,
    0x0211, 0x0212, 0x0211, 0x0211, 0x0211, 0x0211, 0x0211, 0x0211, 0x0211, 0x0211, 0x0211, 0x01F1, 0x0211, 0x01F1, 0x0211, 0x0212,
    0x0212, 0x0212, 0x0212, 0x0212, 0x01D1, 0x3ACE, 0x93C9, 0x5A83, 0x3281, 0x3301, 0x2AC0, 0x32E0, 0x3300, 0x3320, 0x53C2, 0x4BA1,
    0x3B21, 0x3321, 0x4BC2, 0x4381, 0x2AC0, 0x2AC1, 0x32E1, 0x32E0, 0x4341, 0x6423, 0x4BA1, 0x32E1, 0x5B62, 0x5BA2, 0x63A2, 0x73E2,
    0x8404, 0x9C26, 0x83A4, 0x7B83, 0xA406, 0xA406, 0xAC88, 0xAC87, 0xA465, 0x9484, 0x63E5, 0x0A0C, 0x01F1, 0x0212, 0x0211, 0x0211,
    0x0211, 0x0211, 0x0211, 0x0212, 0x0212, 0x0212, 0x0212, 0x0211, 0x0211, 0x0211, 0x0211, 0x0211, 0x0211, 0x0211, 0x0211, 0x01F1,
    0x0211, 0x0211, 0x0211, 0x0211, 0x0211, 0x0211, 0x0211, 0x0211, 0x0211, 0x0211, 0x0211, 0x0212, 0x0211, 0x0211, 0x0212, 0x0212,
    0x0212, 0x0212, 0x0212, 0x0212, 0x0211, 0x0212, 0x0A10, 0x63C9, 0x83E3, 0x83A3, 0x6B62, 0x73A3, 0x6B42, 0x8363, 0x8363, 0x7B62,
    0x7B62, 0x7B82, 0x7BE4, 0x7B84, 0x6B43, 0x6B63, 0x7B83, 0x8BC4, 0x83A4, 0x7385, 0x52E6, 0x5B42, 0x6BA2, 0x7BC3, 0x73A2, 0x3AC8,
    0x01F0, 0x0211, 0x01F1, 0x0212, 0x0211, 0x0211, 0x0211, 0x0211, 0x0211, 0x0212, 0x0212, 0x0211, 0x0211, 0x0211, 0x0211, 0x0211,
    0x0211, 0x0211, 0x0211, 0x0211, 0x0212, 0x0212, 0x0212, 0x0212, 0x0212, 0x0211, 0x0211, 0x0211, 0x0211, 0x0211, 0x0211, 0x0211,
    0x0211, 0x0211, 0x0211, 0x0211, 0x0211, 0x0211, 0x0211, 0x0211, 0x0211, 0x0211, 0x0211, 0x0211, 0x0211, 0x0211, 0x0211, 0x0211,
    0x0212, 0x0212, 0x0212, 0x0212, 0x0212, 0x0212, 0x0212, 0x0212, 0x0212, 0x0212, 0x0212, 0x0211, 0x0211, 0x0211, 0x0211, 0x0212,
    0x0212, 0x0212, 0x01F2, 0x01F2, 0x01F2, 0x01F1, 0x01F2, 0x01F0, 0x1A8C, 0x122D, 0x01F1, 0x0A0F, 0x2ACC, 0x122E, 0x01F1, 0x0212,
    0x0212, 0x0212, 0x0212, 0x0212, 0x01F1, 0x0212, 0x0211, 0x0212, 0x0211, 0x0211, 0x0212, 0x0212, 0x0231, 0x1270, 0x0232, 0x0232,
    0x0232, 0x0230, 0x1A6A, 0x1A25, 0x1A49, 0x0A2F, 0x0211, 0x0211, 0x0211, 0x0211, 0x0212, 0x0212, 0x01F1, 0x0A2F, 0x0A2E, 0x0A2F,
    0x0211, 0x0212, 0x0211, 0x0211, 0x0211, 0x0211, 0x0211, 0x0211, 0x0211, 0x0212, 0x0212, 0x0211, 0x0212, 0x0212, 0x0211, 0x0211,
    0x0211, 0x0211, 0x0211, 0x0211, 0x0211, 0x0211, 0x0211, 0x0211, 0x0211, 0x0211, 0x0211, 0x0211, 0x0211, 0x0211, 0x0211, 0x0211,
    0x0211, 0x0211, 0x0211, 0x0211, 0x0211, 0x0211, 0x0212, 0x0211, 0x0211, 0x0212, 0x0212, 0x0212, 0x0212, 0x0212, 0x0212, 0x0211,
    0x0212, 0x0212, 0x0211, 0x0211, 0x0211, 0x0211, 0x0212, 0x0211, 0x0211, 0x0211, 0x0211, 0x0211, 0x0211, 0x0211, 0x0211, 0x01F1,
    0x0211, 0x0212, 0x0211, 0x0211, 0x0211, 0x0211, 0x0211, 0x0211, 0x0211, 0x0211, 0x0211, 0x0211, 0x0211, 0x0211, 0x0212, 0x0211,
    0x0211, 0x0211, 0x0211, 0x0211, 0x0211, 0x0211, 0x0211, 0x0211, 0x0211, 0x0211, 0x0211, 0x0211, 0x0211, 0x0211, 0x0211, 0x0212,
    0x0212, 0x0212, 0x0212, 0x0212, 0x0212, 0x0A30, 0x738C, 0x8B66, 0x4222, 0x3282, 0x2AC1, 0x3301, 0x3320, 0x3341, 0x3320, 0x3300,
    0x3B21, 0x2A80, 0x32E0, 0x5BE2, 0x5382, 0x2AA0, 0x3B01, 0x4382, 0x4361, 0x53E1, 0x3B41, 0x32E1, 0x63C3, 0x6BC2, 0x63A1, 0x7402,
    0x7BC2, 0x9C26, 0x7B83, 0x7383, 0x93C5, 0xAC47, 0xAC67, 0x9444, 0x9CC4, 0x7424, 0x122B, 0x01F1, 0x0212, 0x0211, 0x0211, 0x0211,
    0x0211, 0x0211, 0x0211, 0x0211, 0x0212, 0x0212, 0x0211, 0x0211, 0x0211, 0x01F1, 0x0211, 0x0211, 0x0211, 0x0211, 0x0211, 0x0211,
    0x0211, 0x0211, 0x0211, 0x0211, 0x0211, 0x0211, 0x0211, 0x0211, 0x0211, 0x0211, 0x0211, 0x0211, 0x0212, 0x01F2, 0x0211, 0x0212,
    0x0212, 0x0212, 0x0212, 0x0212, 0x0212, 0x0212, 0x01D1, 0x3AAB, 0x8BE4, 0x7B62, 0x83A3, 0x7382, 0x7382, 0x8383, 0x7B42, 0x7B62,
    0x7B62, 0x7B82, 0x7B83, 0x7B63, 0x7B83, 0x6B63, 0x6302, 0x83A4, 0x7363, 0x7B85, 0x3A47, 0x6364, 0x7BC2, 0x8BE3, 0x9404, 0x6385,
    0x122D, 0x01F1, 0x0211, 0x0211, 0x0211, 0x0211, 0x0211, 0x0212, 0x0212, 0x0211, 0x0212, 0x0211, 0x0212, 0x0212, 0x0212, 0x0212,
    0x0211, 0x0211, 0x01F1, 0x0211, 0x0212, 0x0211, 0x0212, 0x0212, 0x01F1, 0x0211, 0x0211, 0x0211, 0x01F1, 0x01F1, 0x0211, 0x0211,
    0x0211, 0x0211, 0x0211, 0x0211, 0x0211, 0x0211, 0x0211, 0x0212, 0x0212, 0x0211, 0x0211, 0x0211, 0x0211, 0x0211, 0x0211, 0x0211,
    0x0211, 0x0212, 0x0211, 0x0211, 0x0212, 0x0212, 0x0212, 0x0212, 0x0212, 0x0212, 0x0211, 0x0211, 0x0212, 0x0211, 0x0212, 0x0212,
    0x0211, 0x0211, 0x0211, 0x0211, 0x0211, 0x0211, 0x0212, 0x0212, 0x01F1, 0x0210, 0x0211, 0x0A30, 0x01F0, 0x01F2, 0x0212, 0x0211,
    0x0212, 0x0211, 0x126F, 0x128E, 0x1A6E, 0x0A0F, 0x01D1, 0x01F1, 0x0211, 0x0211, 0x0212, 0x0212, 0x0A30, 0x332B, 0x0A4F, 0x0212,
    0x0212, 0x0212, 0x0212, 0x0211, 0x0210, 0x0210, 0x0211, 0x0230, 0x0211, 0x0211, 0x0212, 0x0212, 0x0212, 0x0211, 0x0211, 0x0A30,
    0x0211, 0x0212, 0x0211, 0x0A31, 0x0211, 0x0212, 0x0212, 0x0212, 0x0211, 0x0212, 0x0211, 0x0211, 0x0212, 0x0211, 0x0211, 0x0211,
    0x0211, 0x0211, 0x0211, 0x0211, 0x0211, 0x0211, 0x0212, 0x0211, 0x0211, 0x0211, 0x0211, 0x0211, 0x0211, 0x0211, 0x0212, 0x0211,
    0x0211, 0x0211, 0x01F1, 0x0211, 0x0211, 0x0211, 0x0212, 0x0211, 0x0211, 0x0212, 0x0212, 0x0211, 0x0212, 0x0212, 0x0212, 0x0211,
    0x0212, 0x0212, 0x0211, 0x0212, 0x0212, 0x0211, 0x0211, 0x0211, 0x0211, 0x0211, 0x0211, 0x0211, 0x0211, 0x0211, 0x01F1, 0x0212,
    0x0211, 0x0212, 0x0211, 0x0211, 0x0211, 0x0211, 0x0211, 0x0211, 0x0211, 0x0211, 0x0211, 0x0211, 0x0212, 0x0211, 0x0211, 0x0211,
    0x0211, 0x0211, 0x0211, 0x0211, 0x0211, 0x0211, 0x0211, 0x0211, 0x0211, 0x0211, 0x0211, 0x0211, 0x0211, 0x0211, 0x0211, 0x0212,
    0x0212, 0x0212, 0x0212, 0x0212, 0x0212, 0x01F1, 0x3AAF, 0x8B89, 0x72E5, 0x4282, 0x3AA2, 0x32C1, 0x3300, 0x3321, 0x3B21, 0x4B61,
    0x5362, 0x4301, 0x32A0, 0x4341, 0x53A2, 0x3B01, 0x3AE1, 0x4321, 0x4B81, 0x6C23, 0x4321, 0x3301, 0x63C2, 0x7402, 0x7C03, 0x8423,
    0x73A2, 0x93E5, 0x8BA4, 0x7B63, 0x93C5, 0xA407, 0x7BA3, 0x8C63, 0x7C63, 0x32C8, 0x01F1, 0x0212, 0x0211, 0x0211, 0x0211, 0x0211,
    0x0212, 0x0211, 0x0211, 0x0211, 0x0211, 0x0211, 0x0212, 0x0211, 0x0211, 0x0211, 0x0211, 0x0211, 0x01F1, 0x0211, 0x0211, 0x0211,
    0x0211, 0x0211, 0x0211, 0x0211, 0x0211, 0x0211, 0x0211, 0x0211, 0x0211, 0x0211, 0x0211, 0x0211, 0x0211, 0x0212, 0x0212, 0x0211,
    0x0212, 0x0212, 0x0212, 0x0212, 0x0211, 0x0212, 0x01D0, 0x5B6B, 0x8BC4, 0x8BA4, 0x93C5, 0x83A3, 0x73A2, 0x7B62, 0x8BA4, 0x8383,
    0x7362, 0x7362, 0x6B41, 0x7342, 0x7B83, 0x7383, 0x6B63, 0x6B23, 0x7B84, 0x8BC6, 0x4A87, 0x7384, 0x83C2, 0x93E4, 0x83A3, 0x7385,
    0x1A4C, 0x01F1, 0x0211, 0x0211, 0x0211, 0x0211, 0x0211, 0x0A30, 0x0A30, 0x0211, 0x0212, 0x0211, 0x0211, 0x0211, 0x0211, 0x01F1,
    0x0211, 0x0211, 0x0211, 0x0211, 0x0211, 0x0211, 0x0211, 0x0211, 0x0211, 0x0211, 0x0211, 0x0211, 0x0211, 0x0211, 0x0211, 0x0211,
    0x0211, 0x0211, 0x0211, 0x0211, 0x01F1, 0x0211, 0x0211, 0x01F1, 0x0211, 0x01F1, 0x0211, 0x0211, 0x0211, 0x0211, 0x0211, 0x0211,
    0x0211, 0x0212, 0x0211, 0x0211, 0x0211, 0x0211, 0x0211, 0x0211, 0x0212, 0x0212, 0x0211, 0x0212, 0x0212, 0x0211, 0x0212, 0x0212,
    0x0211, 0x0211, 0x0211, 0x0211, 0x0211, 0x0211, 0x0211, 0x0211, 0x0211, 0x0212, 0x0212, 0x0212, 0x0212, 0x0212, 0x0212, 0x01F1,
    0x0211, 0x01F0, 0x228C, 0x4B49, 0x63A8, 0x6BA7, 0x4B09, 0x3ACA, 0x1A6E, 0x0211, 0x0212, 0x0212, 0x124E, 0x63A5, 0x228B, 0x0211,
    0x0212, 0x0212, 0x0212, 0x0212, 0x0212, 0x0212, 0x0211, 0x0211, 0x0211, 0x0211, 0x0212, 0x0212, 0x0212, 0x0211, 0x0211, 0x0212,
    0x0212, 0x0212, 0x0211, 0x0211, 0x0211, 0x0211, 0x0212, 0x0212, 0x0212, 0x0212, 0x0212, 0x0211, 0x0211, 0x0211, 0x0211, 0x0211,
    0x0212, 0x0211, 0x0211, 0x0211, 0x0211, 0x0211, 0x0211, 0x0211, 0x0211, 0x0211, 0x0211, 0x0211, 0x0211, 0x0211, 0x0211, 0x0211,
    0x0211, 0x0211, 0x0211, 0x0211, 0x0211, 0x0211, 0x0212, 0x0212, 0x0212, 0x0211, 0x0212, 0x0212, 0x0212, 0x0212, 0x0212, 0x0211,
    0x0211, 0x0211, 0x0211, 0x0211, 0x0212, 0x0212, 0x0211, 0x0211, 0x0211, 0x0211, 0x0211, 0x0211, 0x0211, 0x0211, 0x0211, 0x0211,
    0x0211, 0x0211, 0x0211, 0x0211, 0x0211, 0x0211, 0x0211, 0x0211, 0x0212, 0x0211, 0x0212, 0x0212, 0x0212, 0x0211, 0x0211, 0x0212,
    0x0211, 0x0211, 0x0211, 0x0211, 0x0211, 0x0211, 0x0211, 0x0211, 0x0211, 0x0211, 0x01F1, 0x0211, 0x0211, 0x0211, 0x0211, 0x0212,
    0x0212, 0x0211, 0x0212, 0x0212, 0x0212, 0x0212, 0x09F0, 0x7B8C, 0x9BA7, 0x8B66, 0x7B45, 0x7345, 0x42C2, 0x2AA1, 0x32E1, 0x5BA2,
    0x73E3, 0x73C3, 0x5342, 0x2AA0, 0x4B62, 0x4B41, 0x6383, 0x6BA3, 0x63A2, 0x7C24, 0x5B62, 0x63A2, 0x8C44, 0x8402, 0x9444, 0x83E3,
    0x7BC3, 0x93E5, 0x93C5, 0x8BC4, 0x9BE6, 0x93C5, 0x7383, 0x7C43, 0x32E5, 0x020F, 0x0212, 0x0211, 0x0211, 0x0211, 0x0211, 0x0211,
    0x0212, 0x0211, 0x0212, 0x0211, 0x0211, 0x0211, 0x0211, 0x0211, 0x01F1, 0x0211, 0x0211, 0x0211, 0x0211, 0x0211, 0x0211, 0x01F1,
    0x0211, 0x0211, 0x0211, 0x0211, 0x0211, 0x0211, 0x0211, 0x0211, 0x0211, 0x0211, 0x0211, 0x0211, 0x0211, 0x0212, 0x0212, 0x0212,
    0x0212, 0x0211, 0x0211, 0x0211, 0x0212, 0x01D1, 0x536F, 0xA4A8, 0x83A3, 0x8BC4, 0x8383, 0x7B83, 0x7BA3, 0x7382, 0x9BE5, 0xA406,
    0x6B42, 0x6321, 0x6B42, 0x6B22, 0x7B83, 0x8383, 0x7B83, 0x7B64, 0x9BE5, 0x9BE6, 0x5AC7, 0x6B64, 0x83A2, 0x8BC4, 0x8BA3, 0x7BA6,
    0x1A2D, 0x01F1, 0x01F1, 0x01F1, 0x0211, 0x0211, 0x01F0, 0x3ACB, 0x3AEB, 0x01F1, 0x0212, 0x0211, 0x0211, 0x0211, 0x0211, 0x0211,
    0x0211, 0x0211, 0x0211, 0x0211, 0x0211, 0x0211, 0x0211, 0x0211, 0x0211, 0x0211, 0x0211, 0x0211, 0x0211, 0x0211, 0x0211, 0x0211,
    0x0211, 0x0211, 0x0211, 0x0211, 0x0211, 0x0211, 0x01F1, 0x0211, 0x0211, 0x0211, 0x0211, 0x0211, 0x0211, 0x0211, 0x0211, 0x0211,
    0x0211, 0x0211, 0x0211, 0x0211, 0x0211, 0x0211, 0x0211, 0x0211, 0x0211, 0x0211, 0x0211, 0x0212, 0x0212, 0x0211, 0x0211, 0x0211,
    0x0211, 0x0211, 0x0211, 0x0211, 0x0211, 0x0211, 0x0211, 0x0211, 0x0211, 0x0211, 0x0212, 0x0212, 0x0212, 0x0212, 0x01F1, 0x01F0,
    0x01F1, 0x09EE, 0x6348, 0x93E5, 0x93E4, 0x9C24, 0x9C24, 0x5B47, 0x122F, 0x0212, 0x0212, 0x01F2, 0x226C, 0x7BC4, 0x3AA8, 0x01F1,
    0x0232, 0x0212, 0x0212, 0x0212, 0x0211, 0x0211, 0x0212, 0x0212, 0x0212, 0x0212, 0x0212, 0x0212, 0x0212, 0x0212, 0x0211, 0x0211,
    0x0211, 0x0211, 0x0211, 0x0211, 0x0211, 0x0212, 0x0212, 0x0212, 0x0212, 0x0212, 0x0212, 0x0212, 0x0211, 0x0211, 0x0212, 0x01F2,
    0x0211, 0x0211, 0x0211, 0x0211, 0x0211, 0x0211, 0x0A10, 0x0210, 0x0211, 0x0211, 0x0211, 0x0211, 0x0211, 0x0211, 0x0211, 0x0211,
    0x0211, 0x0211, 0x0211, 0x0211, 0x0211, 0x0211, 0x0211, 0x0211, 0x0211, 0x0211, 0x0211, 0x0211, 0x0211, 0x0211, 0x0211, 0x0212,
    0x0212, 0x0211, 0x0212, 0x0211, 0x01F1, 0x0211, 0x0211, 0x0211, 0x0211, 0x0211, 0x0211, 0x0211, 0x0211, 0x0211, 0x0211, 0x0211,
    0x01F1, 0x0211, 0x0211, 0x0211, 0x0211, 0x0211, 0x0211, 0x0212, 0x0212, 0x0212, 0x0212, 0x0212, 0x0212, 0x0211, 0x0211, 0x0212,
    0x0211, 0x0211, 0x0211, 0x0211, 0x0211, 0x0211, 0x0211, 0x0211, 0x0211, 0x0211, 0x0211, 0x0211, 0x0211, 0x0211, 0x0211, 0x0211,
    0x0212, 0x0211, 0x0212, 0x0212, 0x0212, 0x0212, 0x01D1, 0x5B70, 0xAC4B, 0x9B87, 0xA3E8, 0x9BC7, 0x9C09, 0x4263, 0x1A40, 0x4B62,
    0x63E2, 0x5B81, 0x4321, 0x32E1, 0x4341, 0x5B82, 0x83E5, 0x83E4, 0x7C03, 0x83E3, 0x8404, 0x8C04, 0x8404, 0x8C24, 0x9465, 0x8403,
    0x7BC3, 0x9C06, 0x93C5, 0x8BA4, 0xA427, 0x8BA5, 0x9C26, 0x6382, 0x2288, 0x0212, 0x0212, 0x0212, 0x0211, 0x0211, 0x0211, 0x0211,
    0x0211, 0x0211, 0x0211, 0x0211, 0x0211, 0x0211, 0x0211, 0x0211, 0x0211, 0x0211, 0x0211, 0x0211, 0x0211, 0x0211, 0x0211, 0x0211,
    0x0211, 0x0211, 0x0211, 0x0211, 0x0211, 0x0211, 0x0211, 0x0211, 0x0211, 0x0211, 0x0211, 0x0211, 0x0211, 0x0212, 0x0212, 0x0212,
    0x0212, 0x0212, 0x0211, 0x0211, 0x0212, 0x01D0, 0x9CAE, 0xB466, 0x8BC4, 0x8BE4, 0x7BA3, 0x7BC3, 0x7BC3, 0x73A2, 0x8384, 0xABE7,
    0x8384, 0x6B42, 0x7B63, 0x7342, 0x7B63, 0x8384, 0x7B64, 0x8BA4, 0x8BC4, 0x8BE5, 0x7BA6, 0x6B44, 0x7BA3, 0x83C4, 0x93C4, 0x8BE7,
    0x2A8D, 0x01F1, 0x0211, 0x0211, 0x0211, 0x01D1, 0x1A4D, 0x6325, 0x3A85, 0x020F, 0x0212, 0x01F1, 0x0211, 0x0211, 0x0211, 0x0211,
    0x0211, 0x01F2, 0x0211, 0x0211, 0x0211, 0x0211, 0x0211, 0x0211, 0x0211, 0x0211, 0x0211, 0x0211, 0x0211, 0x0211, 0x0211, 0x0211,
    0x0211, 0x0211, 0x0211, 0x0211, 0x0211, 0x0211, 0x01F1, 0x0211, 0x0211, 0x0211, 0x0211, 0x0211, 0x0211, 0x0211, 0x0211, 0x0211,
    0x0211, 0x0211, 0x0212, 0x0212, 0x0211, 0x01F1, 0x01F1, 0x0211, 0x0211, 0x0211, 0x0211, 0x0211, 0x0212, 0x01F1, 0x0211, 0x0211,
    0x0211, 0x0211, 0x0211, 0x0211, 0x0211, 0x0211, 0x0211, 0x0211, 0x0211, 0x0211, 0x0211, 0x0212, 0x01F1, 0x1A2E, 0x5B4B, 0x6BCC,
    0x1A2E, 0x3A8B, 0x9BE6, 0x9BE5, 0xA405, 0xAC25, 0x9406, 0x328B, 0x0231, 0x0211, 0x0211, 0x01F1, 0x32AC, 0x9426, 0x6B65, 0x2AAB,
    0x0210, 0x0212, 0x0212, 0x0211, 0x0211, 0x0211, 0x0212, 0x0212, 0x0212, 0x0212, 0x0212, 0x0212, 0x0212, 0x0211, 0x0211, 0x0211,
    0x0211, 0x0212, 0x0212, 0x0211, 0x0211, 0x0211, 0x0212, 0x0212, 0x0212, 0x0212, 0x0212, 0x0212, 0x0212, 0x0211, 0x0211, 0x0211,
    0x01F1, 0x0211, 0x01F1, 0x0211, 0x0211, 0x0211, 0x0211, 0x0211, 0x0211, 0x0211, 0x0211, 0x0211, 0x0211, 0x0211, 0x0211, 0x0211,
    0x0211, 0x0211, 0x0211, 0x0211, 0x0211, 0x0211, 0x0211, 0x0211, 0x0212, 0x0211, 0x0211, 0x0A31, 0x0211, 0x0211, 0x0211, 0x0211,
    0x0211, 0x0211, 0x0211, 0x0211, 0x0211, 0x0211, 0x0212, 0x0211, 0x0211, 0x0211, 0x0211, 0x0211, 0x0211, 0x0211, 0x0211, 0x0211,
    0x0211, 0x0211, 0x0211, 0x0211, 0x0211, 0x0211, 0x0211, 0x0211, 0x0212, 0x0212, 0x0212, 0x0212, 0x0212, 0x0211, 0x0211, 0x0211,
    0x0211, 0x0211, 0x0211, 0x0211, 0x0211, 0x0211, 0x0211, 0x0211, 0x0211, 0x0211, 0x0211, 0x0211, 0x0211, 0x0211, 0x0211, 0x0211,
    0x0211, 0x0212, 0x0212, 0x0212, 0x0212, 0x0212, 0x0212, 0x01F0, 0x534F, 0x8B89, 0x8B67, 0x9BC8, 0x9BCA, 0x5AA6, 0x2A22, 0x1A60,
    0x4341, 0x53A2, 0x3B00, 0x3B01, 0x4B61, 0x7423, 0x7403, 0x7423, 0x7C23, 0x8404, 0x8C04, 0x8C04, 0x83E3, 0x9C65, 0x9465, 0x8C44,
    0x9404, 0x9C06, 0x8BC5, 0x83A4, 0x8BC5, 0x7363, 0x6B63, 0x5B82, 0x22A7, 0x0211, 0x0212, 0x0211, 0x0211, 0x0211, 0x0211, 0x0211,
    0x0211, 0x0211, 0x0211, 0x0211, 0x0211, 0x0211, 0x0211, 0x0211, 0x0211, 0x0211, 0x0211, 0x0211, 0x0211, 0x0211, 0x0211, 0x0211,
    0x0211, 0x0211, 0x0211, 0x0211, 0x0211, 0x0211, 0x0211, 0x0211, 0x0211, 0x0211, 0x0211, 0x0211, 0x0211, 0x0211, 0x0212, 0x0212,
    0x0212, 0x0212, 0x0212, 0x0212, 0x01F1, 0x2270, 0xC54E, 0xAC06, 0xAC67, 0xA446, 0x9425, 0x9425, 0xA466, 0x9405, 0x9BE6, 0xB448,
    0x9BE6, 0x8BA4, 0x83C4, 0x8383, 0x9BE6, 0x7B44, 0x6B43, 0x7363, 0x73A3, 0x7BA3, 0x9405, 0x9425, 0x73A3, 0x7383, 0x83C3, 0x9407,
    0x226E, 0x01F2, 0x0211, 0x01F1, 0x01D0, 0x1A0C, 0x7348, 0x7B44, 0x3224, 0x0A2E, 0x01F2, 0x01F1, 0x0211, 0x0211, 0x0211, 0x01F1,
    0x0211, 0x0211, 0x0211, 0x0211, 0x0211, 0x0211, 0x0211, 0x0211, 0x0212, 0x0211, 0x0211, 0x01F1, 0x0211, 0x0211, 0x0211, 0x0211,
    0x0211, 0x0211, 0x0211, 0x0211, 0x0211, 0x0211, 0x0211, 0x0211, 0x0211, 0x0211, 0x0211, 0x0211, 0x0211, 0x0211, 0x0211, 0x0211,
    0x0211, 0x0212, 0x0211, 0x0212, 0x0211, 0x0211, 0x01F1, 0x0211, 0x0211, 0x0211, 0x0211, 0x0211, 0x0211, 0x01F1, 0x0211, 0x0212,
    0x0211, 0x0211, 0x0211, 0x0211, 0x0212, 0x0211, 0x0211, 0x0211, 0x0211, 0x0211, 0x0211, 0x01F1, 0x120E, 0x73AA, 0xA446, 0xB487,
    0xA449, 0xA428, 0xB447, 0xAC26, 0xAC06, 0xAC46, 0xB468, 0x5B2B, 0x122F, 0x01F1, 0x0211, 0x01F1, 0x430C, 0xA486, 0x9C24, 0x6B65,
    0x0A0C, 0x0212, 0x0211, 0x0211, 0x0211, 0x0212, 0x0212, 0x0212, 0x0212, 0x0211, 0x0211, 0x0212, 0x0211, 0x0211, 0x0211, 0x0211,
    0x0211, 0x0212, 0x0211, 0x0A4F, 0x124E, 0x0211, 0x0212, 0x0212, 0x0212, 0x0212, 0x0212, 0x0212, 0x0212, 0x0211, 0x01F1, 0x01F2,
    0x0230, 0x0211, 0x0211, 0x0211, 0x0211, 0x0211, 0x0211, 0x0211, 0x0211, 0x0211, 0x0211, 0x0211, 0x0211, 0x0211, 0x01F1, 0x0211,
    0x0211, 0x0211, 0x0211, 0x0211, 0x0212, 0x0211, 0x0211, 0x0211, 0x0211, 0x0211, 0x0211, 0x0211, 0x0231, 0x0A31, 0x0231, 0x0211,
    0x0211, 0x0211, 0x0211, 0x0211, 0x0211, 0x0211, 0x0211, 0x0212, 0x0211, 0x0212, 0x0211, 0x0211, 0x0211, 0x0211, 0x0211, 0x0211,
    0x0211, 0x0211, 0x0211, 0x0211, 0x0211, 0x0211, 0x0211, 0x0211, 0x0211, 0x0211, 0x0211, 0x0211, 0x0211, 0x0211, 0x0211, 0x0211,
    0x0211, 0x0211, 0x0211, 0x0211, 0x0211, 0x0211, 0x0211, 0x0211, 0x0211, 0x0211, 0x0211, 0x0211, 0x0211, 0x0211, 0x0211, 0x0211,
    0x0211, 0x0212, 0x0212, 0x0212, 0x0212, 0x0212, 0x0212, 0x0212, 0x01F1, 0x2A6F, 0x7BCE, 0x9389, 0x9BA8, 0xA40A, 0x62C5, 0x3A42,
    0x32A1, 0x4361, 0x5BA2, 0x5BA2, 0x5BA1, 0x63C2, 0x6C03, 0x63C2, 0x63A2, 0x73E2, 0x8C24, 0x8C04, 0x9425, 0x9C25, 0x9465, 0x9445,
    0x9C25, 0x9405, 0x9404, 0x9405, 0x83A5, 0x6342, 0x6382, 0x7403, 0x2AA8, 0x01F1, 0x0211, 0x0211, 0x0211, 0x0211, 0x0211, 0x0211,
    0x0211, 0x0211, 0x0211, 0x0211, 0x0211, 0x0211, 0x0211, 0x0211, 0x0211, 0x01F1, 0x01F1, 0x0211, 0x0211, 0x0211, 0x0211, 0x0211,
    0x0211, 0x0211, 0x0211, 0x0212, 0x0211, 0x0211, 0x0211, 0x0211, 0x0211, 0x0211, 0x0211, 0x0211, 0x0211, 0x0212, 0x01F2, 0x0211,
    0x0212, 0x0212, 0x0212, 0x0212, 0x01D1, 0x432F, 0xDDAD, 0xA3E5, 0xAC67, 0xBCA8, 0xBCC8, 0xB467, 0xB488, 0xB467, 0xAC27, 0xAC47,
    0xAC67, 0xB4A7, 0xA445, 0xAC67, 0x8BC5, 0x8BC5, 0x93E6, 0x93C6, 0x9BE6, 0x8BE5, 0x8C04, 0x8404, 0x6382, 0x6381, 0x73C4, 0x42EA,
    0x0211, 0x0212, 0x0211, 0x1A4D, 0x5B49, 0x93C7, 0xB3E7, 0x72E3, 0x2227, 0x01F0, 0x01F1, 0x01F1, 0x01F1, 0x0211, 0x0211, 0x0211,
    0x0211, 0x0211, 0x0211, 0x0211, 0x0211, 0x0212, 0x0212, 0x0212, 0x0212, 0x0211, 0x0211, 0x0211, 0x0211, 0x0211, 0x0211, 0x0211,
    0x0211, 0x0211, 0x0211, 0x0211, 0x0211, 0x0211, 0x0211, 0x0211, 0x0211, 0x0211, 0x0211, 0x0211, 0x0211, 0x0211, 0x0211, 0x0211,
    0x0211, 0x0211, 0x0211, 0x0211, 0x0211, 0x0211, 0x0211, 0x0211, 0x0211, 0x0211, 0x0212, 0x0211, 0x0212, 0x0211, 0x0211, 0x0212,
    0x0212, 0x0211, 0x0211, 0x0212, 0x0212, 0x0212, 0x0212, 0x0211, 0x0211, 0x0211, 0x0210, 0x0A2E, 0x534B, 0x9426, 0xA446, 0xB487,
    0xB448, 0xBC47, 0xBC47, 0xC488, 0xA406, 0x9C05, 0xAC46, 0xB487, 0x8C29, 0x32AC, 0x0A50, 0x01F0, 0x73EB, 0xBCE6, 0xAC66, 0x7384,
    0x1A09, 0x01F1, 0x0211, 0x0211, 0x0212, 0x0212, 0x0212, 0x0212, 0x0212, 0x0212, 0x0212, 0x0212, 0x0211, 0x0211, 0x0211, 0x0211,
    0x0211, 0x0211, 0x0212, 0x0210, 0x124D, 0x020F, 0x0212, 0x0212, 0x0212, 0x0212, 0x0212, 0x0211, 0x0212, 0x01F1, 0x0A30, 0x126E,
    0x0230, 0x0211, 0x0211, 0x0211, 0x0211, 0x0211, 0x0211, 0x0211, 0x0211, 0x0211, 0x0211, 0x0211, 0x0211, 0x0211, 0x0211, 0x0211,
    0x01F1, 0x0212, 0x0211, 0x0212, 0x0211, 0x0211, 0x0211, 0x0211, 0x0211, 0x0211, 0x0211, 0x0211, 0x0211, 0x0211, 0x0A31, 0x0211,
    0x0211, 0x0211, 0x0211, 0x0211, 0x0211, 0x0211, 0x0211, 0x0211, 0x0211, 0x0211, 0x0211, 0x0211, 0x0211, 0x0211, 0x0211, 0x0211,
    0x0211, 0x0211, 0x0211, 0x0211, 0x0211, 0x0211, 0x0211, 0x0211, 0x0211, 0x0211, 0x0211, 0x0211, 0x0211, 0x0211, 0x0211, 0x0211,
    0x0211, 0x0211, 0x0211, 0x0211, 0x0211, 0x0211, 0x0211, 0x0211, 0x0212, 0x0211, 0x0211, 0x0211, 0x0211, 0x0211, 0x0211, 0x0211,
    0x0211, 0x0211, 0x0211, 0x0212, 0x0212, 0x0212, 0x0212, 0x0212, 0x0212, 0x01F2, 0x01F0, 0x4AEE, 0x93CA, 0xBC4A, 0xD4EC, 0xBC6B,
    0x6AC5, 0x3A62, 0x63C3, 0x8424, 0x5B81, 0x4B41, 0x4B41, 0x4B22, 0x6383, 0x8404, 0x9445, 0x8C04, 0x8C04, 0x9C25, 0x9C65, 0x9445,
    0x9425, 0x9445, 0x9425, 0x8BE5, 0x7BA4, 0x5B42, 0x6BA2, 0x63E3, 0x1A6A, 0x01F1, 0x0211, 0x0211, 0x0211, 0x0211, 0x0211, 0x0211,
    0x0211, 0x0211, 0x0211, 0x0211, 0x0211, 0x0211, 0x0211, 0x0211, 0x0211, 0x0211, 0x0211, 0x0211, 0x0211, 0x0211, 0x0211, 0x0211,
    0x0211, 0x0211, 0x0211, 0x0211, 0x0211, 0x0211, 0x0211, 0x0211, 0x0211, 0x0211, 0x0211, 0x0211, 0x0211, 0x0211, 0x0211, 0x0212,
    0x0212, 0x0211, 0x0212, 0x0212, 0x01D1, 0x4B2F, 0xE58D, 0xBC47, 0xD52A, 0xEE0C, 0xD549, 0xBCC8, 0xB488, 0xB468, 0xB467, 0xB487,
    0xAC87, 0xA426, 0xB487, 0x9C26, 0x83C5, 0xA447, 0x9BC6, 0x93A6, 0x93C6, 0x7363, 0x7BC4, 0x73C3, 0x63A3, 0x4B27, 0x228D, 0x0211,
    0x0212, 0x0212, 0x0210, 0x6BA9, 0xBCA6, 0xB3E6, 0xABA6, 0x5A83, 0x1A0A, 0x01F1, 0x0211, 0x0211, 0x0211, 0x0211, 0x0211, 0x0211,
    0x0211, 0x0211, 0x0211, 0x0211, 0x0211, 0x0211, 0x0211, 0x0211, 0x0211, 0x0211, 0x0211, 0x0211, 0x0211, 0x0211, 0x0211, 0x0211,
    0x0211, 0x0211, 0x0211, 0x0211, 0x0211, 0x0211, 0x0211, 0x0211, 0x0211, 0x0211, 0x0211, 0x0212, 0x0212, 0x0211, 0x0211, 0x0211,
    0x0211, 0x0211, 0x0211, 0x0211, 0x0211, 0x0211, 0x0211, 0x0211, 0x0211, 0x0211, 0x0212, 0x0211, 0x0211, 0x0212, 0x0212, 0x0212,
    0x0212, 0x0212, 0x0212, 0x0212, 0x0212, 0x0212, 0x0212, 0x0212, 0x0211, 0x01F1, 0x224D, 0x83E9, 0x9C27, 0xB487, 0xB4A7, 0xBCA8,
    0xBC87, 0xBC87, 0xC487, 0xC4A7, 0xB466, 0xAC86, 0xA465, 0xAC46, 0xAC45, 0xB4C8, 0x7C2B, 0x430C, 0xB4EA, 0xB486, 0xAC47, 0x9C26,
    0x3A65, 0x01EF, 0x0211, 0x0212, 0x0212, 0x0212, 0x0212, 0x0212, 0x0212, 0x0212, 0x0212, 0x0212, 0x0211, 0x0211, 0x0211, 0x0212,
    0x0211, 0x0211, 0x0212, 0x0212, 0x0210, 0x0230, 0x0212, 0x0212, 0x0211, 0x0211, 0x0211, 0x0211, 0x01F1, 0x124E, 0x1A6C, 0x122E,
    0x0211, 0x0211, 0x0211, 0x0211, 0x0211, 0x0211, 0x0211, 0x0211, 0x0211, 0x0211, 0x0211, 0x0211, 0x0211, 0x0211, 0x01F1, 0x01F1,
    0x0211, 0x0211, 0x0211, 0x0211, 0x0211, 0x0211, 0x0211, 0x0211, 0x0211, 0x0211, 0x0210, 0x0211, 0x0211, 0x0211, 0x0211, 0x0211,
    0x0211, 0x0211, 0x0211, 0x0211, 0x0211, 0x0211, 0x0211, 0x0211, 0x0211, 0x0211, 0x0211, 0x0211, 0x0211, 0x0211, 0x0211, 0x0211,
    0x0212, 0x0211, 0x0211, 0x0211, 0x0212, 0x0212, 0x0211, 0x0212, 0x0211, 0x0211, 0x0211, 0x0211, 0x0211, 0x0211, 0x0211, 0x0211,
    0x0211, 0x0211, 0x0211, 0x0211, 0x0211, 0x0211, 0x0211, 0x0211, 0x0211, 0x0211, 0x0212, 0x0212, 0x0212, 0x0211, 0x0211, 0x0212,
    0x0212, 0x0211, 0x0211, 0x0212, 0x0212, 0x0212, 0x0212, 0x0212, 0x0212, 0x0212, 0x0212, 0x01D0, 0x5AEC, 0xABE9, 0xDD4D, 0xC46A,
    0xA3A8, 0x6AE5, 0x52C2, 0x83E4, 0x7382, 0x5B61, 0x4B21, 0x4AE2, 0x6B63, 0x8425, 0x8C24, 0x8C04, 0x9445, 0x9C45, 0x9444, 0x8C24,
    0x9C65, 0x9C65, 0x9425, 0x9405, 0x6B43, 0x6342, 0x8C24, 0x63A6, 0x020D, 0x0211, 0x01F1, 0x0211, 0x0211, 0x0211, 0x0211, 0x0211,
    0x0211, 0x0211, 0x0211, 0x0211, 0x0211, 0x0211, 0x0211, 0x0211, 0x0211, 0x0211, 0x0211, 0x0212, 0x0212, 0x0211, 0x0211, 0x0212,
    0x0211, 0x0212, 0x0212, 0x0212, 0x0211, 0x0211, 0x0211, 0x0211, 0x0211, 0x0211, 0x0211, 0x0211, 0x0211, 0x0211, 0x0211, 0x0211,
    0x0212, 0x0212, 0x0212, 0x0211, 0x01F1, 0x122F, 0xC52F, 0xCC88, 0xDD0A, 0xF62C, 0xE5EB, 0xCD09, 0xC4E8, 0xC4E9, 0xBCC8, 0xB4A7,
    0xC4E9, 0xBCC8, 0xAC66, 0x9C06, 0xB468, 0xB468, 0xA407, 0xB428, 0x93C6, 0x5301, 0x6BA3, 0x6382, 0x3AE8, 0x01F0, 0x01F2, 0x0212,
    0x0211, 0x0212, 0x0A10, 0x73C8, 0xAC26, 0xABA6, 0x9365, 0x3A23, 0x0A0D, 0x0211, 0x01F1, 0x0211, 0x0211, 0x0211, 0x0212, 0x0212,
    0x0212, 0x0212, 0x0211, 0x0212, 0x0211, 0x0211, 0x0211, 0x0211, 0x0211, 0x0211, 0x0211, 0x0211, 0x0211, 0x0211, 0x0211, 0x0211,
    0x0211, 0x0211, 0x0211, 0x0211, 0x0211, 0x0211, 0x0211, 0x0212, 0x0211, 0x0211, 0x0211, 0x0211, 0x0211, 0x0211, 0x0211, 0x0211,
    0x0211, 0x0211, 0x0211, 0x0211, 0x0211, 0x0211, 0x0211, 0x0212, 0x0211, 0x0211, 0x0212, 0x0212, 0x0211, 0x0212, 0x0212, 0x0212,
    0x0212, 0x0212, 0x0212, 0x0212, 0x0212, 0x0212, 0x0212, 0x0212, 0x0212, 0x01B0, 0x62EC, 0xD4A9, 0xCC67, 0xC4A7, 0xC4E7, 0xC4C7,
    0xC4C7, 0xBCA6, 0xC4A7, 0xD4E8, 0xD4E8, 0xCCE7, 0xCD27, 0xCD28, 0xBCA7, 0xCCC7, 0xDD49, 0xE58A, 0xCD08, 0xBCA7, 0xAC27, 0x9BE6,
    0x4AA5, 0x01ED, 0x0212, 0x0212, 0x0212, 0x0212, 0x0212, 0x0212, 0x0212, 0x0212, 0x0212, 0x0212, 0x0211, 0x0212, 0x0212, 0x0212,
    0x0212, 0x0212, 0x0212, 0x0212, 0x0212, 0x0231, 0x0231, 0x0212, 0x0211, 0x0211, 0x0211, 0x0211, 0x01F1, 0x124D, 0x1A4C, 0x01F1,
    0x0211, 0x0211, 0x0211, 0x0211, 0x0211, 0x0211, 0x0211, 0x0211, 0x0211, 0x0211, 0x0211, 0x0211, 0x0211, 0x0211, 0x0211, 0x01F1,
    0x0211, 0x0211, 0x0211, 0x0211, 0x0211, 0x0211, 0x0211, 0x0211, 0x0212, 0x0212, 0x0211, 0x0212, 0x0211, 0x0211, 0x0211, 0x0211,
    0x0212, 0x0211, 0x0211, 0x0211, 0x0211, 0x0211, 0x0212, 0x0211, 0x01F1, 0x0212, 0x0211, 0x0211, 0x0211, 0x0211, 0x0211, 0x0211,
    0x0212, 0x0211, 0x0211, 0x0211, 0x0211, 0x0211, 0x0211, 0x0211, 0x0211, 0x0211, 0x0211, 0x0211, 0x0212, 0x0212, 0x0211, 0x0211,
    0x0211, 0x0211, 0x0211, 0x0212, 0x0211, 0x0211, 0x0211, 0x0211, 0x0211, 0x0211, 0x0211, 0x0211, 0x0212, 0x0211, 0x0211, 0x0212,
    0x0212, 0x0212, 0x0212, 0x0212, 0x0212, 0x0212, 0x0212, 0x0212, 0x0212, 0x0212, 0x0232, 0x01D1, 0x530E, 0xBC8C, 0xCCEC, 0xD52D,
    0xB44A, 0x8346, 0x5282, 0x8BC5, 0x7B84, 0x6B82, 0x5341, 0x5342, 0x73E4, 0x73C3, 0x8C24, 0x9C65, 0x9C85, 0x9C85, 0x9C84, 0x9485,
    0x8C45, 0x9445, 0x9405, 0x9406, 0x6363, 0x6B62, 0x8C44, 0x4B27, 0x01EF, 0x0212, 0x0211, 0x0211, 0x0211, 0x0211, 0x0211, 0x0211,
    0x0211, 0x0211, 0x0211, 0x0211, 0x0211, 0x0211, 0x0211, 0x0211, 0x0211, 0x0211, 0x0212, 0x0211, 0x0211, 0x0211, 0x0211, 0x0211,
    0x0211, 0x0211, 0x0211, 0x0211, 0x0211, 0x0211, 0x0211, 0x0211, 0x0211, 0x0211, 0x0211, 0x01F1, 0x0211, 0x0211, 0x0211, 0x0211,
    0x0212, 0x0212, 0x0211, 0x0211, 0x0212, 0x01B0, 0x5B90, 0xDD4D, 0xD4A9, 0xCCC9, 0xB467, 0xB467, 0xDD4A, 0xDD6B, 0xC4E9, 0xAC87,
    0xC509, 0xBCE8, 0xAC66, 0xAC47, 0xA407, 0xAC48, 0xAC07, 0xBC69, 0x8BE6, 0x6362, 0x6383, 0x3AC8, 0x01EF, 0x01F1, 0x0211, 0x0211,
    0x0211, 0x0212, 0x01F1, 0x4B0A, 0x9BC5, 0xB3E6, 0x7B23, 0x2A04, 0x0210, 0x0211, 0x0211, 0x0211, 0x0212, 0x0212, 0x0211, 0x0211,
    0x0211, 0x0211, 0x0211, 0x0211, 0x0211, 0x0211, 0x0211, 0x0211, 0x0211, 0x0211, 0x0211, 0x0211, 0x0211, 0x0211, 0x0211, 0x0211,
    0x0211, 0x0211, 0x0211, 0x0211, 0x0211, 0x0211, 0x0211, 0x0211, 0x0211, 0x0211, 0x0211, 0x0211, 0x0211, 0x0211, 0x0211, 0x0211,
    0x0211, 0x0211, 0x0211, 0x0211, 0x0211, 0x0211, 0x01F1, 0x0212, 0x0211, 0x0212, 0x0212, 0x0212, 0x0212, 0x0211, 0x0212, 0x0212,
    0x0212, 0x0212, 0x0212, 0x0211, 0x0212, 0x0212, 0x01F2, 0x01F1, 0x0A0F, 0x4ACD, 0xD48B, 0xECC9, 0xE4A9, 0xDC88, 0xD4A8, 0xD4C8,
    0xD4C8, 0xC487, 0xC487, 0xDCE9, 0xE4E9, 0xD4C8, 0xCCA7, 0xDD28, 0xE589, 0xDD49, 0xCCC8, 0xDD09, 0xDD48, 0xC4E8, 0x9BC5, 0x9BC6,
    0x9C27, 0x5B69, 0x1A8E, 0x0211, 0x0232, 0x0212, 0x0212, 0x0211, 0x0212, 0x0212, 0x0212, 0x0212, 0x0212, 0x0212, 0x0211, 0x0212,
    0x0211, 0x0211, 0x0212, 0x0212, 0x0212, 0x0211, 0x0A30, 0x0211, 0x0212, 0x0211, 0x0211, 0x0211, 0x0212, 0x01F1, 0x01F1, 0x0211,
    0x0211, 0x0211, 0x0211, 0x0211, 0x0211, 0x0211, 0x0212, 0x0211, 0x0211, 0x0211, 0x0211, 0x0211, 0x0211, 0x0211, 0x0211, 0x0211,
    0x0211, 0x0211, 0x0211, 0x0211, 0x0211, 0x0212, 0x0211, 0x0211, 0x0212, 0x0212, 0x0212, 0x0212, 0x0212, 0x0211, 0x0211, 0x0211,
    0x0212, 0x0212, 0x0211, 0x0211, 0x0211, 0x0211, 0x0211, 0x0211, 0x0211, 0x0211, 0x0212, 0x0211, 0x0211, 0x0212, 0x0211, 0x0211,
    0x0211, 0x0212, 0x0211, 0x0211, 0x0211, 0x0211, 0x0211, 0x0211, 0x0212, 0x0212, 0x0212, 0x0212, 0x0212, 0x0212, 0x0212, 0x0212,
    0x0212, 0x0212, 0x0211, 0x0211, 0x0211, 0x0212, 0x0212, 0x0212, 0x0211, 0x0212, 0x0211, 0x0212, 0x0212, 0x0212, 0x0212, 0x0212,
    0x0211, 0x0212, 0x0212, 0x0212, 0x0211, 0x0212, 0x0212, 0x0212, 0x0212, 0x0212, 0x0232, 0x01D1, 0x532F, 0xCD0E, 0xE5D1, 0xDDB0,
    0x9B87, 0x7B06, 0x4A82, 0x7B84, 0x8384, 0x6B83, 0x5361, 0x5BA2, 0x6BE3, 0x73E3, 0x8C45, 0x9465, 0x8423, 0x9484, 0xA4E5, 0x9485,
    0x7C03, 0x8404, 0x8BE5, 0x7BC4, 0x5B22, 0x6BA3, 0x6BA4, 0x228B, 0x01F1, 0x0212, 0x0211, 0x0211, 0x0211, 0x0211, 0x0211, 0x0211,
    0x0211, 0x0211, 0x0211, 0x0211, 0x0211, 0x0211, 0x0211, 0x0211, 0x0211, 0x0211, 0x0212, 0x0211, 0x0211, 0x0211, 0x0212, 0x0211,
    0x0211, 0x0211, 0x0211, 0x0211, 0x0211, 0x0211, 0x0211, 0x0211, 0x0211, 0x0211, 0x0211, 0x0211, 0x0211, 0x0211, 0x0211, 0x0212,
    0x0211, 0x0211, 0x0211, 0x0211, 0x0211, 0x0212, 0x1230, 0xA48E, 0xCCCA, 0xCCA9, 0xB447, 0xD50A, 0xE56B, 0xE54B, 0xDD4B, 0xD54A,
    0xCD49, 0xC549, 0xDDCC, 0xBCA8, 0xB468, 0xA427, 0x9C06, 0x9C06, 0x7383, 0x6BA2, 0x6BE6, 0x09EE, 0x01F1, 0x0211, 0x01F1, 0x01F1,
    0x01F1, 0x0212, 0x01F0, 0x52EB, 0xB407, 0xB407, 0x5AC2, 0x2249, 0x0211, 0x0212, 0x0211, 0x0211, 0x0211, 0x0231, 0x0211, 0x0A2F,
    0x0211, 0x0212, 0x0211, 0x0211, 0x0211, 0x0211, 0x0211, 0x0211, 0x0211, 0x0211, 0x0211, 0x0211, 0x0211, 0x0211, 0x0211, 0x0211,
    0x0211, 0x0211, 0x0211, 0x0211, 0x0211, 0x0211, 0x0212, 0x0211, 0x0212, 0x0212, 0x0211, 0x0211, 0x0211, 0x0211, 0x0211, 0x0211,
    0x0211, 0x0211, 0x0211, 0x0211, 0x0211, 0x0211, 0x0211, 0x0211, 0x0211, 0x0211, 0x0212, 0x0211, 0x0211, 0x0212, 0x0212, 0x0212,
    0x0212, 0x0212, 0x0212, 0x0212, 0x01D1, 0x1A4F, 0x4ACE, 0x83AD, 0xBC6C, 0xE4CA, 0xECA9, 0xECA9, 0xECC9, 0xE4A9, 0xDC69, 0xDC89,
    0xDC69, 0xCC48, 0xDC88, 0xECC9, 0xECC9, 0xD468, 0xD4A8, 0xDCE9, 0xE529, 0xE569, 0xCCA8, 0xCCA7, 0xEDA9, 0xE5A9, 0xC4E8, 0xA406,
    0xB427, 0xB468, 0x9448, 0x32AB, 0x0211, 0x0212, 0x0212, 0x0212, 0x0212, 0x0212, 0x0212, 0x0212, 0x0211, 0x0212, 0x0211, 0x0212,
    0x0211, 0x124E, 0x126E, 0x0211, 0x0211, 0x0211, 0x0211, 0x0211, 0x0211, 0x0211, 0x01F1, 0x0211, 0x0211, 0x0211, 0x0211, 0x0211,
    0x0211, 0x0211, 0x0211, 0x0211, 0x0211, 0x0211, 0x0211, 0x0211, 0x0211, 0x0211, 0x0211, 0x0211, 0x0211, 0x0211, 0x0211, 0x0212,
    0x0211, 0x0211, 0x0211, 0x0211, 0x0212, 0x0211, 0x0212, 0x0211, 0x0211, 0x0211, 0x0212, 0x0212, 0x0212, 0x0212, 0x0212, 0x0212,
    0x0211, 0x0211, 0x0211, 0x0211, 0x0211, 0x0211, 0x0211, 0x0212, 0x0211, 0x0211, 0x0211, 0x0211, 0x0211, 0x0212, 0x0211, 0x0211,
    0x0211, 0x0211, 0x0211, 0x0211, 0x0211, 0x0211, 0x0211, 0x0212, 0x0212, 0x0212, 0x0212, 0x01F2, 0x0212, 0x0212, 0x0212, 0x0212,
    0x0212, 0x0212, 0x0211, 0x0211, 0x0211, 0x0212, 0x0212, 0x0212, 0x0212, 0x0212, 0x0211, 0x0212, 0x0212, 0x0212, 0x0211, 0x0211,
    0x0211, 0x0212, 0x0212, 0x0212, 0x0212, 0x0212, 0x0212, 0x0212, 0x0212, 0x0212, 0x0212, 0x01D1, 0x5B4F, 0xD52F, 0xBC8D, 0xD54F,
    0xBC4B, 0x7B26, 0x4261, 0x73A4, 0x7B83, 0x7383, 0x6382, 0x5B81, 0x73E3, 0x7C23, 0x8464, 0x8444, 0x8464, 0xA505, 0x94A5, 0x8C85,
    0x7C24, 0x7C04, 0x83E5, 0x7BC4, 0x7BE4, 0x8404, 0x4B28, 0x01EF, 0x0211, 0x0211, 0x0211, 0x0211, 0x0211, 0x0211, 0x0211, 0x0211,
    0x0211, 0x0211, 0x0211, 0x0211, 0x0211, 0x0211, 0x0211, 0x0211, 0x0211, 0x0211, 0x0211, 0x0211, 0x0211, 0x0211, 0x0211, 0x0211,
    0x0211, 0x0211, 0x0211, 0x0211, 0x0211, 0x0211, 0x0211, 0x0211, 0x0211, 0x0211, 0x0211, 0x0211, 0x0211, 0x0211, 0x0211, 0x0211,
    0x0211, 0x0211, 0x0211, 0x0211, 0x0211, 0x0212, 0x01B0, 0x5B4E, 0xEE10, 0xDD2B, 0xCCA9, 0xD4CA, 0xDD0B, 0xDD0A, 0xDD4B, 0xD56A,
    0xD5AA, 0xCD6A, 0xCD4A, 0xBC69, 0xC489, 0xB448, 0xA407, 0x8B84, 0x8BC5, 0x83E4, 0x73E5, 0x2A8C, 0x01D1, 0x0211, 0x01F1, 0x0211,
    0x01F1, 0x01D1, 0x226D, 0x93E7, 0xBC28, 0x9BC5, 0x4283, 0x124E, 0x0212, 0x0212, 0x0211, 0x0212, 0x0211, 0x0A30, 0x0211, 0x0211,
    0x0211, 0x0211, 0x0211, 0x0211, 0x0212, 0x0211, 0x0211, 0x0211, 0x0211, 0x0211, 0x0211, 0x0211, 0x0211, 0x0211, 0x0211, 0x0211,
    0x0212, 0x0211, 0x0211, 0x0211, 0x0211, 0x0211, 0x0211, 0x0211, 0x0211, 0x0211, 0x0211, 0x0211, 0x0211, 0x0211, 0x0211, 0x0211,
    0x0211, 0x0211, 0x0211, 0x0211, 0x0211, 0x0211, 0x0211, 0x0211, 0x0211, 0x0211, 0x0211, 0x0211, 0x0211, 0x0212, 0x0212, 0x0212,
    0x0212, 0x0212, 0x0211, 0x09EF, 0x4AAD, 0xAC0A, 0xD469, 0xDC89, 0xD468, 0xD448, 0xE469, 0xE469, 0xE489, 0xEC89, 0xECAA, 0xDC48,
    0xDC69, 0xE489, 0xDC68, 0xD468, 0xD448, 0xCC48, 0xD468, 0xDC88, 0xE4E9, 0xED6A, 0xDD09, 0xD4A8, 0xDD08, 0xEDC9, 0xE5EA, 0xD56A,
    0xC489, 0xBC69, 0xB4A8, 0x6B86, 0x0A0D, 0x0212, 0x0212, 0x0212, 0x0211, 0x0211, 0x0212, 0x0211, 0x0211, 0x0211, 0x0211, 0x0211,
    0x0212, 0x0210, 0x1A4B, 0x122C, 0x0A30, 0x0210, 0x0211, 0x0211, 0x0211, 0x0211, 0x0211, 0x0211, 0x0211, 0x0211, 0x0211, 0x0211,
    0x0212, 0x0211, 0x0211, 0x0211, 0x0211, 0x0211, 0x0211, 0x0211, 0x0211, 0x0211, 0x0211, 0x0211, 0x0211, 0x0211, 0x0211, 0x0212,
    0x0211, 0x0211, 0x0211, 0x0211, 0x0211, 0x0212, 0x0212, 0x0211, 0x0211, 0x0211, 0x0211, 0x0212, 0x0212, 0x0212, 0x0212, 0x0212,
    0x0212, 0x0211, 0x0211, 0x0211, 0x0211, 0x0211, 0x0211, 0x0211, 0x0211, 0x0211, 0x0211, 0x0211, 0x0211, 0x0212, 0x0211, 0x0212,
    0x0211, 0x0211, 0x0211, 0x0211, 0x0211, 0x0211, 0x0211, 0x0212, 0x01F2, 0x0212, 0x0212, 0x0212, 0x0212, 0x0212, 0x0212, 0x0212,
    0x0212, 0x0212, 0x0211, 0x0212, 0x0212, 0x0211, 0x0212, 0x0212, 0x0212, 0x0212, 0x0212, 0x0212, 0x0211, 0x0212, 0x0212, 0x0211,
    0x0212, 0x0212, 0x0212, 0x0212, 0x0212, 0x0212, 0x0212, 0x0212, 0x0212, 0x0212, 0x0232, 0x01D0, 0x738F, 0xDD6F, 0xBC8D, 0xC4AD,
    0xCCCD, 0x5A63, 0x6342, 0x8C24, 0x7382, 0x8404, 0x73C3, 0x5361, 0x5BA2, 0x7C23, 0x8464, 0x7C23, 0x94A5, 0x9485, 0x8C64, 0x8C84,
    0x8444, 0x7C24, 0x73A3, 0x5303, 0x5B25, 0x5B48, 0x226D, 0x01F1, 0x0211, 0x0211, 0x0211, 0x0211, 0x0211, 0x0211, 0x0211, 0x0211,
    0x0211, 0x0211, 0x0211, 0x0211, 0x0211, 0x0211, 0x0211, 0x0212, 0x0212, 0x0211, 0x0211, 0x0211, 0x0211, 0x0211, 0x0211, 0x0211,
    0x0211, 0x0211, 0x0211, 0x0211, 0x0211, 0x0211, 0x0211, 0x0211, 0x0211, 0x0211, 0x0211, 0x0211, 0x0211, 0x0212, 0x0211, 0x0211,
    0x0211, 0x0212, 0x0211, 0x0211, 0x0211, 0x0211, 0x01F1, 0x09EF, 0xC5F2, 0xEE0D, 0xBC89, 0xC4A9, 0xD4CA, 0xD4EA, 0xDD4A, 0xD58A,
    0xD5AA, 0xCD6A, 0xC4C9, 0xB428, 0xB3E8, 0xC449, 0xABE8, 0x93C6, 0x8BC5, 0x9405, 0x73C3, 0x32EA, 0x01F1, 0x0211, 0x01F1, 0x01F1,
    0x0211, 0x01D0, 0x3ACC, 0xA3E7, 0xABE7, 0x8344, 0x3A65, 0x0A30, 0x0212, 0x0212, 0x0212, 0x0211, 0x0211, 0x0211, 0x0212, 0x0211,
    0x0211, 0x0211, 0x0211, 0x0211, 0x0211, 0x0211, 0x0212, 0x0211, 0x0211, 0x0211, 0x0211, 0x0211, 0x0211, 0x0211, 0x0211, 0x0211,
    0x0211, 0x0211, 0x0211, 0x0211, 0x0211, 0x0211, 0x0211, 0x0211, 0x0211, 0x0212, 0x0211, 0x0211, 0x0211, 0x0211, 0x0211, 0x0211,
    0x0211, 0x0211, 0x0211, 0x0211, 0x0211, 0x0211, 0x0211, 0x0211, 0x0212, 0x0212, 0x0211, 0x0211, 0x0211, 0x0211, 0x0211, 0x0211,
    0x0212, 0x0212, 0x120F, 0x8BCD, 0xDC8A, 0xC3C6, 0xAB86, 0xB3C7, 0xC428, 0xCC07, 0xE448, 0xEC69, 0xDC48, 0xDC28, 0xEC69, 0xE469,
    0xCC69, 0xD489, 0xD448, 0xCC48, 0xC428, 0xBC07, 0xD468, 0xDC89, 0xE4C9, 0xED29, 0xED29, 0xED29, 0xDCE8, 0xDD28, 0xEDCA, 0xE5CA,
    0xCCE9, 0xBC89, 0xAC68, 0x9C67, 0x5347, 0x0A0E, 0x0212, 0x0211, 0x0211, 0x0212, 0x0211, 0x0211, 0x0211, 0x0211, 0x0211, 0x0211,
    0x0211, 0x0212, 0x01F0, 0x0A0E, 0x0210, 0x0211, 0x0211, 0x0212, 0x0212, 0x0212, 0x0211, 0x0211, 0x0211, 0x0211, 0x0211, 0x0211,
    0x0211, 0x0211, 0x0211, 0x0211, 0x0211, 0x0211, 0x0211, 0x0211, 0x0211, 0x0211, 0x0211, 0x0211, 0x0211, 0x0211, 0x0211, 0x0211,
    0x0211, 0x0211, 0x0212, 0x0211, 0x0211, 0x0212, 0x0211, 0x0211, 0x0211, 0x0211, 0x0211, 0x0211, 0x0211, 0x0211, 0x0212, 0x0212,
    0x0212, 0x0212, 0x0212, 0x0211, 0x0211, 0x0211, 0x0211, 0x0211, 0x0211, 0x0211, 0x0211, 0x0211, 0x0211, 0x0211, 0x0212, 0x0211,
    0x0211, 0x0211, 0x0211, 0x0212, 0x0212, 0x0212, 0x0212, 0x0212, 0x0212, 0x0212, 0x0212, 0x0212, 0x0212, 0x0211, 0x0211, 0x0212,
    0x0212, 0x0212, 0x0212, 0x0212, 0x0211, 0x0211, 0x0212, 0x0211, 0x0212, 0x0211, 0x0212, 0x0211, 0x0211, 0x0211, 0x0211, 0x0212,
    0x0211, 0x0212, 0x0212, 0x0212, 0x0212, 0x0212, 0x0212, 0x0212, 0x0212, 0x0212, 0x0232, 0x01D0, 0x940F, 0xE56F, 0xBC8D, 0xCCEE,
    0xB44A, 0x5A82, 0x73C3, 0x8424, 0x73E3, 0x63A2, 0x63C2, 0x5BA2, 0x5381, 0x63C2, 0x7C44, 0x94A5, 0x8464, 0x6BE3, 0x7403, 0x8444,
    0x7C24, 0x5B63, 0x42E7, 0x1A0A, 0x0A0E, 0x0210, 0x01F1, 0x0211, 0x0211, 0x0211, 0x0211, 0x0211, 0x0211, 0x0211, 0x0211, 0x0211,
    0x0211, 0x0211, 0x0211, 0x0211, 0x0211, 0x0211, 0x0211, 0x0211, 0x0211, 0x0211, 0x0211, 0x0211, 0x0211, 0x0211, 0x0211, 0x0211,
    0x0211, 0x0211, 0x0211, 0x0211, 0x0211, 0x0211, 0x0211, 0x0211, 0x0211, 0x0211, 0x0211, 0x0211, 0x0211, 0x0211, 0x0211, 0x0212,
    0x0212, 0x0212, 0x0211, 0x0211, 0x0211, 0x01F1, 0x0212, 0x01AF, 0xAD93, 0xF64F, 0xD4EA, 0xDCEB, 0xDCCA, 0xDD4B, 0xDD8B, 0xD58A,
    0xD56A, 0xCD2A, 0xCCCA, 0xB428, 0xB428, 0xB428, 0x93A5, 0xA426, 0x8BE5, 0x8C05, 0x8C24, 0x3AEA, 0x01F1, 0x0212, 0x0212, 0x01F1,
    0x01F1, 0x01D1, 0x222D, 0xA3E8, 0xBC07, 0x7B24, 0x2A48, 0x0211, 0x0212, 0x0212, 0x0212, 0x0211, 0x0211, 0x0211, 0x0211, 0x0211,
    0x0211, 0x0211, 0x0211, 0x0211, 0x01F1, 0x0211, 0x0211, 0x0211, 0x0211, 0x0211, 0x0211, 0x0211, 0x0211, 0x0211, 0x0211, 0x0211,
    0x0212, 0x0211, 0x0211, 0x0211, 0x0211, 0x0211, 0x0212, 0x0211, 0x0211, 0x0211, 0x0211, 0x0211, 0x0211, 0x0211, 0x0211, 0x0211,
    0x0211, 0x0211, 0x0211, 0x0211, 0x0211, 0x0211, 0x0211, 0x0211, 0x0211, 0x0211, 0x0212, 0x0211, 0x0212, 0x0212, 0x0211, 0x0211,
    0x0212, 0x0212, 0x1A0E, 0xD4AD, 0xEC8A, 0xCBC7, 0xC3C7, 0xBBC7, 0xBBA7, 0xCBE7, 0xE448, 0xF469, 0xE448, 0xCBE7, 0xDC28, 0xEC69,
    0xDC69, 0xD448, 0xD448, 0xC428, 0xBC07, 0xBC28, 0xD468, 0xE489, 0xEC69, 0xECA9, 0xF58B, 0xED6A, 0xED6A, 0xDD09, 0xDD49, 0xE5CA,
    0xCCE9, 0xBCA8, 0xA427, 0x9C27, 0x9446, 0x42E9, 0x01F0, 0x0212, 0x0212, 0x0212, 0x0211, 0x01F1, 0x0211, 0x0211, 0x0211, 0x0211,
    0x0211, 0x01F1, 0x0212, 0x01F2, 0x01F1, 0x0211, 0x0211, 0x0211, 0x0211, 0x0211, 0x0211, 0x0211, 0x0211, 0x0211, 0x0211, 0x0211,
    0x0211, 0x0211, 0x0211, 0x0211, 0x0211, 0x0211, 0x0211, 0x0211, 0x0211, 0x0211, 0x0211, 0x0212, 0x0211, 0x0211, 0x0211, 0x0211,
    0x0211, 0x0211, 0x0211, 0x0211, 0x0211, 0x0211, 0x0211, 0x0211, 0x0211, 0x0211, 0x0211, 0x0211, 0x0211, 0x0212, 0x0212, 0x0212,
    0x0212, 0x0212, 0x0211, 0x0211, 0x0211, 0x0211, 0x0211, 0x0211, 0x0211, 0x0211, 0x0211, 0x0211, 0x0211, 0x0211, 0x0211, 0x0211,
    0x0211, 0x0211, 0x0212, 0x0211, 0x0212, 0x0212, 0x0212, 0x0212, 0x0212, 0x0212, 0x0212, 0x0212, 0x0212, 0x0211, 0x0211, 0x0212,
    0x0212, 0x0212, 0x0212, 0x0211, 0x0211, 0x0211, 0x0211, 0x0211, 0x0212, 0x0212, 0x0211, 0x0211, 0x0211, 0x0211, 0x0211, 0x0211,
    0x0211, 0x0211, 0x0211, 0x0211, 0x0212, 0x0212, 0x0212, 0x0212, 0x0212, 0x0212, 0x0232, 0x01CF, 0x8BEE, 0xD50E, 0xAC0C, 0xBC6C,
    0x82E6, 0x5AA3, 0x73E4, 0x73E3, 0x63C2, 0x5BA2, 0x5BA2, 0x63C2, 0x5BC2, 0x53A1, 0x7403, 0x7C04, 0x7404, 0x5B82, 0x5B82, 0x42E1,
    0x3285, 0x122C, 0x01F0, 0x0212, 0x0212, 0x0212, 0x0212, 0x0211, 0x0211, 0x0211, 0x0211, 0x0211, 0x0211, 0x0211, 0x0211, 0x0211,
    0x0211, 0x0211, 0x0211, 0x0211, 0x0211, 0x0211, 0x0211, 0x0211, 0x0211, 0x0211, 0x0211, 0x0211, 0x0211, 0x0211, 0x0211, 0x0211,
    0x0211, 0x0211, 0x0211, 0x0211, 0x0211, 0x0211, 0x0211, 0x0211, 0x0211, 0x0211, 0x0211, 0x0211, 0x0211, 0x0211, 0x0211, 0x0211,
    0x0212, 0x0212, 0x0211, 0x0211, 0x01F1, 0x0211, 0x0212, 0x01B0, 0x8C91, 0xF5CE, 0xD48A, 0xE50B, 0xED2B, 0xEDAC, 0xE5CB, 0xD58A,
    0xCD09, 0xCCEA, 0xAC07, 0x9BC6, 0x9BE6, 0xA407, 0x9BE6, 0x9C06, 0x9425, 0x8C45, 0x6BC8, 0x1A6E, 0x01F2, 0x0212, 0x0212, 0x0212,
    0x01F1, 0x01F1, 0x09EE, 0x8BCA, 0xC448, 0x7325, 0x1A0B, 0x01F1, 0x0211, 0x0212, 0x0211, 0x0211, 0x0211, 0x0211, 0x0211, 0x0211,
    0x0211, 0x0211, 0x0211, 0x0211, 0x0211, 0x0211, 0x0211, 0x0211, 0x0211, 0x0211, 0x0211, 0x0211, 0x0211, 0x0211, 0x0211, 0x0211,
    0x0211, 0x0211, 0x0211, 0x0211, 0x0211, 0x0211, 0x0211, 0x0211, 0x0211, 0x0211, 0x0211, 0x0211, 0x0211, 0x0211, 0x0211, 0x0211,
    0x0211, 0x0211, 0x0211, 0x0211, 0x0211, 0x0211, 0x0211, 0x0211, 0x0211, 0x0211, 0x0212, 0x0211, 0x0211, 0x0211, 0x0211, 0x0211,
    0x0212, 0x01F1, 0x3A8F, 0xDCCC, 0xF4CA, 0xDC48, 0xCBA7, 0xC3A7, 0xCBA7, 0xDBE7, 0xE428, 0xE449, 0xD407, 0xC3E7, 0xD408, 0xE428,
    0xDC28, 0xDC28, 0xD428, 0xBC07, 0xBBE7, 0xCC27, 0xDC48, 0xEC48, 0xFC48, 0xF489, 0xF5CD, 0xF5ED, 0xEDCC, 0xDCE9, 0xDD2A, 0xD529,
    0xC4E9, 0x9C06, 0xA448, 0x93E6, 0xA468, 0x9447, 0x3ACA, 0x0210, 0x0212, 0x0212, 0x0211, 0x0211, 0x0211, 0x0211, 0x0211, 0x0211,
    0x0211, 0x0211, 0x0211, 0x0211, 0x0211, 0x0211, 0x0211, 0x0211, 0x0211, 0x0211, 0x0211, 0x0211, 0x0211, 0x0211, 0x0211, 0x0211,
    0x0211, 0x0211, 0x0211, 0x0211, 0x0211, 0x0211, 0x0211, 0x0211, 0x0211, 0x0211, 0x0211, 0x0211, 0x0211, 0x0211, 0x0211, 0x0211,
    0x0211, 0x0211, 0x0211, 0x0211, 0x0211, 0x0211, 0x0211, 0x0211, 0x0211, 0x0212, 0x0211, 0x0211, 0x0212, 0x0212, 0x0212, 0x0212,
    0x0212, 0x0211, 0x0211, 0x0211, 0x0211, 0x0211, 0x0211, 0x0211, 0x0211, 0x0211, 0x0211, 0x0211, 0x0211, 0x0211, 0x0211, 0x0211,
    0x0211, 0x0211, 0x0212, 0x01F1, 0x0212, 0x0212, 0x0212, 0x0212, 0x0212, 0x0212, 0x0212, 0x0211, 0x0211, 0x0211, 0x0212, 0x0212,
    0x0212, 0x0212, 0x0211, 0x0212, 0x0212, 0x0211, 0x0211, 0x0211, 0x0212, 0x0212, 0x0211, 0x0211, 0x0211, 0x0211, 0x0211, 0x0212,
    0x0211, 0x0211, 0x0211, 0x0211, 0x0211, 0x0212, 0x0212, 0x0212, 0x0212, 0x0212, 0x0212, 0x01CF, 0x9C2F, 0xBC6C, 0x9BAA, 0xC48B,
    0x72C5, 0x5B03, 0x7C04, 0x6BC2, 0x5B82, 0x6BE2, 0x63C2, 0x5BA1, 0x63E2, 0x63E2, 0x6383, 0x6322, 0x6343, 0x4AE2, 0x6383, 0x3AA3,
    0x09CC, 0x0212, 0x0212, 0x0212, 0x0211, 0x0211, 0x0211, 0x01F1, 0x0211, 0x0211, 0x0211, 0x0211, 0x0211, 0x0211, 0x0211, 0x0211,
    0x0211, 0x0211, 0x0211, 0x0211, 0x0211, 0x0211, 0x0211, 0x0211, 0x0211, 0x0211, 0x0211, 0x0211, 0x0211, 0x0211, 0x0211, 0x0211,
    0x0211, 0x0211, 0x0211, 0x0212, 0x0211, 0x0211, 0x0211, 0x0211, 0x0211, 0x0211, 0x0211, 0x0211, 0x0211, 0x0211, 0x0211, 0x0211,
    0x0211, 0x0211, 0x0211, 0x0212, 0x0211, 0x0211, 0x0212, 0x01B0, 0x5B70, 0xF58D, 0xCC49, 0xDD0B, 0xF52C, 0xF54B, 0xF62C, 0xDDAA,
    0xD50A, 0xCCA9, 0xA3C6, 0x8B64, 0x9BC6, 0xB408, 0x9366, 0x8364, 0x8C06, 0x3AEA, 0x0210, 0x0212, 0x0212, 0x0212, 0x0212, 0x0212,
    0x0211, 0x0212, 0x01F0, 0x2A6E, 0x530C, 0x224C, 0x01F0, 0x0211, 0x0211, 0x0211, 0x0211, 0x0211, 0x0211, 0x0211, 0x0211, 0x0211,
    0x0211, 0x0211, 0x0211, 0x0211, 0x0211, 0x0211, 0x0211, 0x0211, 0x0211, 0x0211, 0x0211, 0x0211, 0x0211, 0x0211, 0x0211, 0x0211,
    0x0211, 0x0211, 0x0211, 0x0211, 0x0211, 0x0211, 0x0211, 0x0211, 0x0211, 0x0211, 0x0211, 0x0211, 0x0211, 0x0211, 0x0211, 0x0212,
    0x0211, 0x0211, 0x0211, 0x0211, 0x0211, 0x0211, 0x0211, 0x0211, 0x0211, 0x0211, 0x0211, 0x0211, 0x0211, 0x0211, 0x0212, 0x0212,
    0x0212, 0x0212, 0x1A0E, 0xA3AB, 0xE449, 0xEC89, 0xDBE7, 0xCB86, 0xD3A7, 0xCBC7, 0xCBC7, 0xD408, 0xCBE7, 0xC3C7, 0xCBE7, 0xCBE7,
    0xC407, 0xCC27, 0xCC28, 0xC3E7, 0xCC07, 0xDC28, 0xEC48, 0xF448, 0xF468, 0xF54B, 0xF62E, 0xF66F, 0xED8C, 0xDCEA, 0xDD0A, 0xC488,
    0xC4A8, 0xA427, 0x7B64, 0x8BC5, 0x9C27, 0x9C46, 0x73C5, 0x228A, 0x0211, 0x0211, 0x0211, 0x0211, 0x0211, 0x0211, 0x0211, 0x0211,
    0x0211, 0x0211, 0x0211, 0x0211, 0x0211, 0x0211, 0x0211, 0x0211, 0x0211, 0x0211, 0x0211, 0x0211, 0x0211, 0x0211, 0x0211, 0x0211,
    0x0211, 0x0211, 0x0211, 0x0211, 0x01F1, 0x0211, 0x0211, 0x0211, 0x0211, 0x0211, 0x0211, 0x0211, 0x0211, 0x0211, 0x0211, 0x0211,
    0x0211, 0x0211, 0x0211, 0x0211, 0x0211, 0x0211, 0x0211, 0x0211, 0x0211, 0x0211, 0x0211, 0x0211, 0x0211, 0x0211, 0x0211, 0x0211,
    0x0212, 0x0211, 0x0211, 0x0211, 0x0211, 0x0212, 0x0211, 0x0211, 0x0211, 0x0211, 0x0211, 0x0211, 0x0211, 0x0211, 0x0211, 0x0211,
    0x0211, 0x0211, 0x0211, 0x0212, 0x0212, 0x0212, 0x0212, 0x0212, 0x0212, 0x0212, 0x0211, 0x0211, 0x0211, 0x0212, 0x0212, 0x0212,
    0x0212, 0x0212, 0x0212, 0x0212, 0x0211, 0x0211, 0x0211, 0x0211, 0x0211, 0x0211, 0x0211, 0x0211, 0x0211, 0x0211, 0x01F1, 0x0212,
    0x0211, 0x0211, 0x0211, 0x0211, 0x0211, 0x0211, 0x0212, 0x0211, 0x0212, 0x0212, 0x0212, 0x1A0F, 0xB48E, 0xBC4C, 0xAC0C, 0xB42B,
    0x72E6, 0x6B64, 0x6BC3, 0x7BE3, 0x8404, 0x8424, 0x73E3, 0x63C2, 0x7423, 0x7423, 0x42E1, 0x5B43, 0x6343, 0x3A81, 0x5322, 0x3266,
    0x0210, 0x0211, 0x01F1, 0x0211, 0x0211, 0x0211, 0x0212, 0x0211, 0x0211, 0x0212, 0x0211, 0x0211, 0x0211, 0x0211, 0x0211, 0x0211,
    0x0211, 0x0211, 0x0211, 0x0211, 0x0211, 0x0211, 0x0211, 0x0211, 0x0211, 0x0211, 0x0211, 0x0211, 0x0211, 0x0211, 0x0211, 0x0211,
    0x0211, 0x0211, 0x0211, 0x0211, 0x0211, 0x0211, 0x0211, 0x0211, 0x0211, 0x0211, 0x0211, 0x0211, 0x0211, 0x0211, 0x0211, 0x0211,
    0x0211, 0x0211, 0x0211, 0x0211, 0x0211, 0x0211, 0x0212, 0x01D1, 0x32AF, 0xEE91, 0xD50B, 0xD4CA, 0xF54C, 0xF4EA, 0xF58B, 0xEDCB,
    0xD50A, 0xCCA9, 0xBC48, 0xA407, 0xAC07, 0xBC29, 0x9387, 0x7323, 0x6B86, 0x122E, 0x0212, 0x0212, 0x0211, 0x0212, 0x0212, 0x0212,
    0x0212, 0x0212, 0x0212, 0x01F1, 0x01D1, 0x01F2, 0x01F2, 0x01F1, 0x0211, 0x0211, 0x0211, 0x0211, 0x0211, 0x0211, 0x0211, 0x0211,
    0x0211, 0x0212, 0x0211, 0x0211, 0x0211, 0x0211, 0x0211, 0x0211, 0x0211, 0x0211, 0x0211, 0x0211, 0x0211, 0x0211, 0x0211, 0x0211,
    0x0211, 0x0211, 0x0211, 0x0211, 0x0211, 0x0211, 0x0211, 0x0211, 0x0211, 0x0211, 0x0211, 0x0211, 0x0211, 0x0211, 0x0211, 0x0211,
    0x0211, 0x0211, 0x0211, 0x0211, 0x0211, 0x0211, 0x0211, 0x0211, 0x0211, 0x0211, 0x0211, 0x0211, 0x0211, 0x0211, 0x0211, 0x0212,
    0x0212, 0x01F2, 0x1A2F, 0x938A, 0xCBE7, 0xE428, 0xEC48, 0xDC08, 0xC386, 0xD3E7, 0xCBE7, 0xCBE7, 0xD3E7, 0xC3C7, 0xBBA7, 0xC3C7,
    0xBBA6, 0xBBC6, 0xC3E7, 0xC3C7, 0xC3E7, 0xCC08, 0xE489, 0xF4A9, 0xFDAC, 0xFECF, 0xF60D, 0xF60D, 0xED6C, 0xED4C, 0xE52B, 0xDCCA,
    0xC468, 0xB468, 0xA427, 0xB468, 0xAC48, 0x8BE7, 0x7385, 0x3289, 0x01F1, 0x0211, 0x0211, 0x0211, 0x0211, 0x0211, 0x0211, 0x0211,
    0x0211, 0x0211, 0x0211, 0x0211, 0x0211, 0x0211, 0x0211, 0x0211, 0x0211, 0x0211, 0x0211, 0x0211, 0x0211, 0x0211, 0x0211, 0x0211,
    0x0211, 0x0211, 0x0211, 0x0211, 0x0211, 0x0211, 0x0211, 0x0211, 0x0211, 0x0211, 0x0211, 0x0211, 0x0211, 0x0211, 0x0211, 0x0211,
    0x0211, 0x0211, 0x0211, 0x0211, 0x0211, 0x0211, 0x0211, 0x0211, 0x0211, 0x0211, 0x0211, 0x01F1, 0x0211, 0x0211, 0x0211, 0x0211,
    0x0211, 0x0211, 0x0211, 0x0211, 0x0211, 0x0211, 0x0211, 0x0211, 0x0211, 0x0211, 0x0211, 0x0211, 0x0211, 0x0211, 0x0211, 0x0211,
    0x0211, 0x0211, 0x0212, 0x0212, 0x0212, 0x0212, 0x0212, 0x0212, 0x0212, 0x0212, 0x0211, 0x0211, 0x0212, 0x0212, 0x0211, 0x0212,
    0x0212, 0x0212, 0x0212, 0x0211, 0x0211, 0x01F1, 0x0211, 0x01F1, 0x0211, 0x0212, 0x0211, 0x0211, 0x0211, 0x01F1, 0x01F1, 0x0211,
    0x0211, 0x0211, 0x0211, 0x0211, 0x0211, 0x0212, 0x0212, 0x0212, 0x0212, 0x0212, 0x01F1, 0x328F, 0xC4CE, 0xA40C, 0x8B4A, 0x9389,
    0x72E6, 0x6BA4, 0x6BC3, 0x7BE4, 0x9426, 0x83E4, 0x7C23, 0x6382, 0x5B62, 0x6BE3, 0x6382, 0x7C04, 0x6382, 0x4B02, 0x5322, 0x3285,
    0x0A0F, 0x01F1, 0x01F1, 0x0211, 0x0211, 0x0211, 0x0211, 0x0211, 0x0211, 0x0211, 0x0211, 0x0211, 0x0211, 0x0211, 0x0211, 0x0211,
    0x0211, 0x0211, 0x0211, 0x0211, 0x0211, 0x0211, 0x0211, 0x0211, 0x0211, 0x0211, 0x0211, 0x0211, 0x0211, 0x0211, 0x0211, 0x0211,
    0x0211, 0x0211, 0x0211, 0x0211, 0x0211, 0x0211, 0x0211, 0x0211, 0x0211, 0x0211, 0x0211, 0x0211, 0x0211, 0x0211, 0x0211, 0x0211,
    0x0211, 0x0211, 0x01F1, 0x0211, 0x01F1, 0x0211, 0x0211, 0x0212, 0x09EF, 0xBD92, 0xDD4C, 0xD52D, 0xDCEB, 0xECCB, 0xECEB, 0xDCEA,
    0xC489, 0xB407, 0xBC68, 0xC4A8, 0xC489, 0xBC49, 0x9386, 0x7323, 0x5B06, 0x0A0F, 0x0212, 0x0211, 0x0212, 0x0212, 0x0212, 0x0212,
    0x0211, 0x0211, 0x0211, 0x0211, 0x0211, 0x0211, 0x01F1, 0x0211, 0x0211, 0x0211, 0x0211, 0x0211, 0x0211, 0x0211, 0x0211, 0x01F1,
    0x0211, 0x0211, 0x0211, 0x0211, 0x0211, 0x0211, 0x0211, 0x0211, 0x0211, 0x0211, 0x0211, 0x0211, 0x0211, 0x0211, 0x0211, 0x0211,
    0x0211, 0x0211, 0x0211, 0x0211, 0x0211, 0x0211, 0x0211, 0x0211, 0x0211, 0x0211, 0x0211, 0x0211, 0x0211, 0x0211, 0x0211, 0x0211,
    0x0211, 0x0211, 0x0211, 0x0211, 0x0211, 0x0211, 0x0211, 0x0211, 0x0211, 0x0211, 0x0211, 0x0211, 0x01F1, 0x01F1, 0x0212, 0x0212,
    0x0212, 0x0212, 0x01D0, 0x738B, 0xBC07, 0xD408, 0xDC69, 0xD428, 0xC3E7, 0xCBE7, 0xCBE7, 0xD3E7, 0xD3E7, 0xCBC7, 0xCBC7, 0xCBC7,
    0xCBA7, 0xCBA7, 0xCBA7, 0xD3A7, 0xD386, 0xD407, 0xECEA, 0xF52A, 0xFE91, 0xFF12, 0xF5EC, 0xFE2E, 0xF5AC, 0xF52B, 0xED0B, 0xD469,
    0xC469, 0xBC68, 0xB468, 0xAC48, 0xA468, 0x83C6, 0x73A4, 0x4328, 0x01F0, 0x0212, 0x0211, 0x0211, 0x0212, 0x0211, 0x0211, 0x0211,
    0x0211, 0x0211, 0x0211, 0x0211, 0x0211, 0x0211, 0x0211, 0x0211, 0x0211, 0x0211, 0x0211, 0x0211, 0x0211, 0x0211, 0x0211, 0x0211,
    0x0211, 0x0211, 0x0211, 0x0211, 0x0211, 0x0211, 0x0211, 0x0211, 0x0211, 0x0211, 0x0211, 0x0211, 0x0211, 0x0211, 0x0211, 0x0211,
    0x0211, 0x0211, 0x0211, 0x0211, 0x0211, 0x0211, 0x0211, 0x0211, 0x0211, 0x0211, 0x0211, 0x0211, 0x0211, 0x0211, 0x0211, 0x01F1,
    0x0211, 0x0211, 0x0211, 0x0211, 0x0211, 0x0211, 0x0211, 0x0211, 0x0211, 0x0211, 0x0211, 0x0211, 0x0211, 0x0211, 0x0211, 0x0211,
    0x0211, 0x0211, 0x0211, 0x0212, 0x0212, 0x0212, 0x0212, 0x0212, 0x0212, 0x0212, 0x0212, 0x0212, 0x0212, 0x0212, 0x0211, 0x0211,
    0x0212, 0x0211, 0x0211, 0x0211, 0x0211, 0x0211, 0x0211, 0x0211, 0x0211, 0x0211, 0x0211, 0x0211, 0x0211, 0x0211, 0x0211, 0x0211,
    0x0211, 0x0211, 0x0211, 0x0211, 0x0211, 0x0212, 0x0212, 0x0212, 0x0212, 0x0212, 0x01D0, 0x5B50, 0xCCEE, 0x8B6B, 0x8328, 0xB42B,
    0x7B26, 0x83E5, 0x7C04, 0x7BE4, 0x7BC4, 0x73A3, 0x8424, 0x73C3, 0x73E3, 0x8443, 0x94A5, 0x8C64, 0x7403, 0x5B63, 0x5303, 0x2227,
    0x0210, 0x0211, 0x01F1, 0x0211, 0x01F1, 0x0211, 0x0211, 0x0211, 0x0211, 0x0211, 0x0211, 0x0211, 0x0211, 0x0211, 0x0211, 0x0211,
    0x0211, 0x0211, 0x0211, 0x0211, 0x0211, 0x0211, 0x0211, 0x0211, 0x0211, 0x0211, 0x0211, 0x0211, 0x0211, 0x0211, 0x01F1, 0x0211,
    0x0211, 0x0211, 0x0211, 0x0211, 0x0211, 0x0211, 0x0211, 0x0211, 0x0211, 0x0211, 0x0211, 0x0211, 0x0211, 0x0211, 0x0211, 0x0211,
    0x0211, 0x0211, 0x0211, 0x0211, 0x0211, 0x0211, 0x0211, 0x0212, 0x01D1, 0x3AF0, 0xBCCD, 0xD4EB, 0xD50B, 0xE4CB, 0xE489, 0xD48A,
    0xB408, 0xBC68, 0xCCC9, 0xC4A8, 0xBC69, 0x9BA7, 0x8325, 0x7324, 0x326A, 0x01F0, 0x0211, 0x0211, 0x0212, 0x0212, 0x0212, 0x0211,
    0x0211, 0x0211, 0x0211, 0x0211, 0x0211, 0x0211, 0x0211, 0x0211, 0x0211, 0x01F1, 0x0211, 0x0211, 0x0211, 0x0211, 0x01F1, 0x0211,
    0x0211, 0x0212, 0x0211, 0x0211, 0x0211, 0x0211, 0x0211, 0x0211, 0x0211, 0x0211, 0x0211, 0x0211, 0x0211, 0x0211, 0x0211, 0x0211,
    0x0211, 0x0211, 0x0211, 0x0211, 0x0211, 0x0211, 0x0211, 0x0211, 0x0211, 0x0211, 0x0211, 0x0211, 0x0211, 0x0211, 0x0211, 0x0211,
    0x0211, 0x0211, 0x0211, 0x0211, 0x0211, 0x0211, 0x0211, 0x0211, 0x0211, 0x0211, 0x0211, 0x0211, 0x0212, 0x0212, 0x0212, 0x0212,
    0x0212, 0x0212, 0x01D1, 0x3ACD, 0xAC88, 0xBC07, 0xD428, 0xC408, 0xC407, 0xC3E7, 0xBBC7, 0xC3C7, 0xCBC7, 0xC3C7, 0xCC08, 0xCBC7,
    0xCB86, 0xCB66, 0xCB66, 0xD387, 0xD386, 0xCB86, 0xF54B, 0xFDAC, 0xF671, 0xFF13, 0xFE8F, 0xFE2E, 0xF4EA, 0xED0A, 0xE4CA, 0xCC08,
    0xCC49, 0xC468, 0xBCA8, 0xB488, 0xA487, 0x8426, 0x5B03, 0x3AE7, 0x01EF, 0x0212, 0x01F1, 0x0211, 0x0211, 0x0211, 0x0211, 0x0211,
    0x0211, 0x0211, 0x0211, 0x0211, 0x0211, 0x0211, 0x0211, 0x0211, 0x0211, 0x0211, 0x0211, 0x0211, 0x0211, 0x0211, 0x0211, 0x0211,
    0x0211, 0x0211, 0x0211, 0x0211, 0x0211, 0x0211, 0x0211, 0x0211, 0x0211, 0x0211, 0x0211, 0x0211, 0x0211, 0x0211, 0x0211, 0x0211,
    0x0211, 0x0211, 0x0211, 0x0211, 0x0211, 0x0211, 0x0211, 0x0211, 0x0211, 0x0211, 0x0211, 0x0211, 0x0211, 0x0211, 0x0211, 0x0211,
    0x0211, 0x0211, 0x0211, 0x0211, 0x0211, 0x0211, 0x0211, 0x0211, 0x0211, 0x0211, 0x0211, 0x0211, 0x0211, 0x0211, 0x0211, 0x0211,
    0x0211, 0x0211, 0x0211, 0x0211, 0x0212, 0x0212, 0x0212, 0x0212, 0x0212, 0x0212, 0x0212, 0x0211, 0x0212, 0x0212, 0x0212, 0x0212,
    0x0212, 0x0212, 0x0211, 0x0211, 0x0211, 0x0211, 0x0211, 0x0211, 0x0211, 0x01F1, 0x0211, 0x0211, 0x0211, 0x0211, 0x0211, 0x0211,
    0x0211, 0x0211, 0x0211, 0x0211, 0x0211, 0x0212, 0x0212, 0x0212, 0x0212, 0x0212, 0x01D0, 0x5ACD, 0xA3EB, 0x8B4A, 0xABCA, 0x9B67,
    0x9C28, 0x8405, 0x7C04, 0x8404, 0x9466, 0x83E4, 0x8404, 0x94A5, 0xA4C5, 0x9C85, 0x9464, 0x7C03, 0x6BC3, 0x4AE1, 0x3A86, 0x0A0E,
    0x01F2, 0x0211, 0x0211, 0x0211, 0x0211, 0x0211, 0x0211, 0x0211, 0x0211, 0x0211, 0x0211, 0x0211, 0x0211, 0x0211, 0x0211, 0x0211,
    0x0211, 0x0211, 0x0211, 0x0211, 0x0211, 0x0211, 0x0211, 0x0211, 0x0211, 0x0211, 0x0211, 0x0211, 0x0211, 0x0211, 0x0211, 0x0211,
    0x0211, 0x0211, 0x0211, 0x0211, 0x0211, 0x0211, 0x0211, 0x0211, 0x0211, 0x0211, 0x0211, 0x0211, 0x0211, 0x0211, 0x0211, 0x0211,
    0x0211, 0x0211, 0x0211, 0x0211, 0x0211, 0x0211, 0x0211, 0x0211, 0x0232, 0x01B0, 0x634D, 0xE54B, 0xF58C, 0xED6C, 0xED2B, 0xCC69,
    0xBC49, 0xCCCA, 0xC4A9, 0xBC6A, 0x8B46, 0x6263, 0x7304, 0x3A47, 0x01EF, 0x0211, 0x01F1, 0x0211, 0x0212, 0x0212, 0x0212, 0x0211,
    0x0211, 0x0211, 0x0211, 0x0212, 0x0211, 0x0211, 0x0211, 0x0211, 0x0211, 0x0211, 0x0211, 0x0211, 0x0211, 0x0211, 0x0211, 0x0211,
    0x0212, 0x0211, 0x0211, 0x0211, 0x01F1, 0x0211, 0x0211, 0x0211, 0x0211, 0x0211, 0x0211, 0x0211, 0x0211, 0x0211, 0x0211, 0x0211,
    0x0211, 0x0211, 0x0211, 0x0211, 0x0211, 0x01F1, 0x0211, 0x0211, 0x0211, 0x0211, 0x01F1, 0x0211, 0x0211, 0x0211, 0x0211, 0x0211,
    0x0211, 0x0211, 0x0211, 0x0211, 0x0211, 0x0211, 0x0211, 0x0211, 0x0211, 0x0211, 0x0211, 0x0211, 0x0212, 0x0212, 0x0212, 0x0212,
    0x0212, 0x0211, 0x0212, 0x0A0E, 0x8449, 0xB4C7, 0xB427, 0xABA6, 0xABC6, 0xA386, 0xABA6, 0xBBC7, 0xCC07, 0xBBE7, 0xBBE7, 0xBBE7,
    0xB3A6, 0xBBA6, 0xC386, 0xD386, 0xE3C7, 0xE3E7, 0xEC89, 0xFDAD, 0xFE0E, 0xFE2F, 0xF60E, 0xF62F, 0xF4C9, 0xFDAD, 0xD489, 0xC3E7,
    0xCC69, 0xD50A, 0xB4A8, 0xACC8, 0x9486, 0x8445, 0x52E3, 0x32A7, 0x01EF, 0x0211, 0x0211, 0x0211, 0x0211, 0x0211, 0x0211, 0x0211,
    0x0211, 0x0211, 0x0211, 0x0211, 0x0211, 0x0211, 0x0211, 0x0211, 0x0211, 0x0211, 0x0211, 0x0211, 0x0211, 0x0211, 0x0211, 0x0211,
    0x0211, 0x0211, 0x0211, 0x0211, 0x0211, 0x0211, 0x0211, 0x0211, 0x0211, 0x0211, 0x0211, 0x0211, 0x0211, 0x0211, 0x0211, 0x0211,
    0x0211, 0x0211, 0x0211, 0x0211, 0x0211, 0x0211, 0x0211, 0x0211, 0x0211, 0x0211, 0x0211, 0x0211, 0x0211, 0x0211, 0x0211, 0x0211,
    0x0211, 0x0211, 0x0211, 0x0211, 0x0211, 0x0211, 0x0211, 0x0211, 0x0211, 0x0211, 0x0211, 0x0211, 0x0211, 0x0211, 0x0211, 0x0211,
    0x0211, 0x0211, 0x0211, 0x0211, 0x0211, 0x0212, 0x0212, 0x0211, 0x0212, 0x0212, 0x0212, 0x0212, 0x0212, 0x0211, 0x0212, 0x0212,
    0x0212, 0x0212, 0x0212, 0x0212, 0x0211, 0x0211, 0x0211, 0x01F1, 0x0211, 0x0211, 0x0211, 0x0211, 0x0211, 0x0211, 0x0211, 0x0211,
    0x0211, 0x0211, 0x0211, 0x0211, 0x0211, 0x0212, 0x0212, 0x0212, 0x0211, 0x0212, 0x01F0, 0x62CB, 0x9BCB, 0x8B6A, 0xBC2A, 0x9BA7,
    0x9C27, 0x8C04, 0x8405, 0x7384, 0xACE8, 0x8424, 0x8444, 0x9CC5, 0xA4C6, 0x9445, 0x9444, 0x8424, 0x7C04, 0x6B85, 0x224B, 0x01F1,
    0x0212, 0x01F1, 0x0211, 0x0211, 0x0211, 0x0211, 0x0211, 0x0211, 0x0211, 0x0211, 0x0211, 0x0211, 0x0211, 0x0211, 0x0211, 0x0211,
    0x0211, 0x0211, 0x0211, 0x0211, 0x0211, 0x0211, 0x0211, 0x0211, 0x0211, 0x0211, 0x0211, 0x0211, 0x0211, 0x0211, 0x0211, 0x0211,
    0x0211, 0x0211, 0x0211, 0x0211, 0x0211, 0x0211, 0x0211, 0x0211, 0x0211, 0x0211, 0x0211, 0x0211, 0x0211, 0x0211, 0x0211, 0x0211,
    0x0211, 0x01F1, 0x0211, 0x0211, 0x0211, 0x0211, 0x0212, 0x0211, 0x0211, 0x01F2, 0x224E, 0xC4AC, 0xDCA9, 0xDCAA, 0xED0B, 0xE4EA,
    0xD4CB, 0xC489, 0xBC89, 0xAC08, 0x8305, 0x72E4, 0x6B06, 0x120D, 0x0211, 0x0211, 0x0211, 0x0211, 0x0212, 0x0211, 0x01F1, 0x0211,
    0x0211, 0x0211, 0x0211, 0x0211, 0x0211, 0x0211, 0x0211, 0x0212, 0x0211, 0x0211, 0x0212, 0x0211, 0x0211, 0x0211, 0x0211, 0x0211,
    0x0211, 0x01F1, 0x01F1, 0x0211, 0x0211, 0x0211, 0x0211, 0x0211, 0x0211, 0x0211, 0x0211, 0x0211, 0x0211, 0x0211, 0x0211, 0x0211,
    0x0211, 0x0211, 0x0211, 0x0211, 0x0211, 0x0211, 0x0211, 0x0211, 0x0211, 0x0211, 0x0211, 0x0211, 0x0211, 0x0211, 0x0211, 0x0211,
    0x0211, 0x0211, 0x0211, 0x0211, 0x0211, 0x0211, 0x0211, 0x0211, 0x0211, 0x0211, 0x0211, 0x0212, 0x0212, 0x0212, 0x0212, 0x0212,
    0x0212, 0x0212, 0x0212, 0x01F0, 0x5B8A, 0xAD27, 0xBD28, 0xA406, 0x9345, 0x9366, 0x9B66, 0xABA6, 0xB3C7, 0xB407, 0xC468, 0xC448,
    0xC427, 0xC447, 0xCC68, 0xDC89, 0xE428, 0xEC08, 0xEC08, 0xEC89, 0xECA9, 0xE4EA, 0xCCA9, 0xF5CE, 0xF50B, 0xF50B, 0xDC89, 0xD4A9,
    0xB407, 0xB488, 0xAC87, 0x9446, 0x7C04, 0x8C66, 0x52C3, 0x2248, 0x01F1, 0x0211, 0x01F1, 0x0211, 0x0212, 0x0211, 0x0211, 0x0211,
    0x0211, 0x0211, 0x0211, 0x0211, 0x0211, 0x0211, 0x0211, 0x0211, 0x0211, 0x0211, 0x0211, 0x0211, 0x0211, 0x0211, 0x0211, 0x0211,
    0x0211, 0x0211, 0x0211, 0x0211, 0x0211, 0x0211, 0x0211, 0x0211, 0x0211, 0x0211, 0x0211, 0x0211, 0x0211, 0x0211, 0x0211, 0x0211,
    0x0211, 0x0211, 0x0211, 0x0211, 0x0211, 0x0211, 0x0211, 0x01F1, 0x0211, 0x0211, 0x0211, 0x0211, 0x0211, 0x0211, 0x0211, 0x0211,
    0x0211, 0x0211, 0x0211, 0x0211, 0x0211, 0x0211, 0x0211, 0x0211, 0x0211, 0x0211, 0x0211, 0x0211, 0x0211, 0x0211, 0x0211, 0x0211,
    0x0211, 0x0211, 0x0211, 0x0211, 0x0211, 0x0212, 0x0212, 0x0212, 0x0212, 0x0212, 0x0212, 0x0212, 0x0212, 0x0212, 0x0212, 0x0212,
    0x0211, 0x0211, 0x0211, 0x0211, 0x0211, 0x0211, 0x0211, 0x0211, 0x0211, 0x0211, 0x0211, 0x0211, 0x0211, 0x0211, 0x0211, 0x0211,
    0x0211, 0x0211, 0x0212, 0x0211, 0x0212, 0x0212, 0x0212, 0x0212, 0x0211, 0x0212, 0x01D0, 0x62EC, 0x9BCB, 0x7AC7, 0xABC8, 0xB449,
    0xA447, 0x8C05, 0xA4E7, 0xA4C6, 0x9CA6, 0x8C85, 0x8464, 0x8C65, 0x9C86, 0x8404, 0x8C64, 0x8C43, 0x7C06, 0x32CC, 0x01F0, 0x0211,
    0x01F1, 0x0211, 0x0211, 0x0211, 0x0211, 0x0211, 0x0211, 0x0211, 0x0211, 0x0211, 0x0211, 0x0211, 0x0211, 0x0211, 0x0211, 0x0211,
    0x0211, 0x0211, 0x0211, 0x0211, 0x0211, 0x0211, 0x0211, 0x0211, 0x0211, 0x0211, 0x0211, 0x0211, 0x0211, 0x0211, 0x0211, 0x0211,
    0x0211, 0x0211, 0x0211, 0x0211, 0x0211, 0x0211, 0x0211, 0x0211, 0x0211, 0x0211, 0x0211, 0x0211, 0x0211, 0x0211, 0x0211, 0x0211,
    0x0211, 0x0211, 0x0211, 0x0211, 0x0211, 0x0211, 0x0211, 0x0211, 0x0211, 0x0212, 0x01AF, 0x634C, 0xB449, 0xBC29, 0xDCCA, 0xCC8A,
    0xBC69, 0xB448, 0xAC28, 0xA3E7, 0x93A5, 0x7305, 0x222B, 0x01F1, 0x0211, 0x0211, 0x0211, 0x0211, 0x0211, 0x0211, 0x0211, 0x0211,
    0x0211, 0x0211, 0x0211, 0x0211, 0x0211, 0x0212, 0x0211, 0x0212, 0x0212, 0x0212, 0x0212, 0x0211, 0x0211, 0x0211, 0x0211, 0x0211,
    0x01F1, 0x0211, 0x0211, 0x0211, 0x0211, 0x0211, 0x0211, 0x0211, 0x0211, 0x0211, 0x0211, 0x0211, 0x0211, 0x0211, 0x0211, 0x0211,
    0x0211, 0x0211, 0x0211, 0x0211, 0x0211, 0x0211, 0x01F1, 0x0211, 0x0211, 0x0211, 0x0211, 0x0211, 0x0211, 0x0211, 0x0211, 0x0211,
    0x0211, 0x0211, 0x0211, 0x0211, 0x0211, 0x0211, 0x0211, 0x0211, 0x0211, 0x0211, 0x0211, 0x0211, 0x01F2, 0x0212, 0x0211, 0x0212,
    0x0212, 0x0212, 0x0212, 0x01F2, 0x2AAC, 0x8C66, 0xB548, 0xBD28, 0x9C06, 0x8344, 0x8B65, 0x8345, 0xA3C6, 0xCC88, 0xCC67, 0xCC88,
    0xAC29, 0x8389, 0x7B6A, 0x93EA, 0xC46A, 0xD489, 0xD449, 0xE46A, 0xEC89, 0xCC68, 0xD4A9, 0xF54C, 0xECEB, 0xDC69, 0xDCCA, 0xC468,
    0xA3A5, 0x9BC5, 0xACA8, 0x8405, 0x7BE5, 0x7BE6, 0x3A23, 0x1A2C, 0x01F1, 0x01F1, 0x01F1, 0x0211, 0x0211, 0x0211, 0x0211, 0x0211,
    0x0211, 0x0211, 0x0211, 0x0211, 0x0211, 0x0211, 0x0211, 0x0211, 0x0211, 0x0211, 0x0211, 0x0211, 0x0211, 0x0211, 0x0211, 0x0211,
    0x0211, 0x0211, 0x0211, 0x0211, 0x0211, 0x0211, 0x0211, 0x0211, 0x0211, 0x0211, 0x0211, 0x0211, 0x0211, 0x0211, 0x0211, 0x0211,
    0x0211, 0x0211, 0x0211, 0x0211, 0x0211, 0x0211, 0x0211, 0x0211, 0x0211, 0x0211, 0x0211, 0x0211, 0x0211, 0x0211, 0x0211, 0x0211,
    0x0211, 0x0211, 0x0211, 0x0211, 0x0211, 0x0211, 0x0211, 0x0211, 0x0211, 0x0211, 0x0211, 0x0211, 0x0211, 0x0211, 0x0211, 0x0211,
    0x01F1, 0x0211, 0x0211, 0x0211, 0x0211, 0x0212, 0x0212, 0x0212, 0x0211, 0x0211, 0x0211, 0x0211, 0x0211, 0x0211, 0x0211, 0x0211,
    0x0211, 0x0211, 0x0211, 0x0211, 0x01F1, 0x0211, 0x0211, 0x0211, 0x0211, 0x0211, 0x0211, 0x0211, 0x0211, 0x0211, 0x0211, 0x0211,
    0x0211, 0x0211, 0x0211, 0x0212, 0x0212, 0x0211, 0x0211, 0x0212, 0x0211, 0x0212, 0x01F0, 0x4289, 0x8BAA, 0x7AC6, 0xC4AA, 0xBC8A,
    0x8BA5, 0x9445, 0xB527, 0xAD06, 0x94A5, 0x8445, 0x8CA5, 0x7C24, 0x8C45, 0x7C03, 0x8C44, 0x8465, 0x4B4C, 0x01F0, 0x0212, 0x0212,
    0x0212, 0x0211, 0x0211, 0x0211, 0x0211, 0x0211, 0x0211, 0x0211, 0x0211, 0x0211, 0x0211, 0x0211, 0x0211, 0x0211, 0x0211, 0x0211,
    0x0211, 0x0211, 0x0211, 0x0211, 0x0211, 0x0211, 0x0211, 0x0211, 0x0211, 0x0211, 0x0211, 0x0211, 0x0211, 0x0211, 0x0211, 0x0211,
    0x0211, 0x0211, 0x0211, 0x0211, 0x0211, 0x0211, 0x0211, 0x0211, 0x0211, 0x0211, 0x0211, 0x0211, 0x0211, 0x0211, 0x0211, 0x0211,
    0x0211, 0x0211, 0x0212, 0x0211, 0x0211, 0x0211, 0x0211, 0x01F1, 0x0211, 0x0211, 0x01D1, 0x326C, 0xB469, 0xB408, 0xA3A6, 0xABE8,
    0xBC49, 0x9BA7, 0x9386, 0x8B64, 0x6B06, 0x222C, 0x01F1, 0x0212, 0x0211, 0x0211, 0x0211, 0x0211, 0x0211, 0x0211, 0x0211, 0x0211,
    0x0211, 0x0211, 0x0211, 0x0211, 0x0211, 0x0211, 0x0212, 0x0211, 0x0212, 0x0212, 0x0212, 0x0212, 0x0211, 0x0211, 0x0211, 0x0211,
    0x0211, 0x01F1, 0x0211, 0x0211, 0x0211, 0x0211, 0x0211, 0x0211, 0x0211, 0x0211, 0x0211, 0x0211, 0x0211, 0x0211, 0x0211, 0x0211,
    0x0211, 0x0211, 0x0211, 0x0211, 0x0211, 0x0211, 0x0211, 0x0211, 0x0211, 0x0211, 0x0211, 0x0211, 0x0211, 0x0211, 0x0211, 0x0211,
    0x0211, 0x0211, 0x0211, 0x0211, 0x0211, 0x0211, 0x0211, 0x0211, 0x0211, 0x0211, 0x0211, 0x0211, 0x01F1, 0x0211, 0x0211, 0x0211,
    0x0212, 0x0212, 0x0211, 0x0212, 0x122D, 0x6BC5, 0xACE6, 0xB508, 0x8BE5, 0x83A4, 0x7343, 0x7303, 0x9BE6, 0x83A9, 0x52CB, 0x42AD,
    0x1A0E, 0x01D0, 0x01D0, 0x01F0, 0x224E, 0x4AEA, 0x93E8, 0xABE7, 0xCC68, 0xAC28, 0xCC88, 0xECCA, 0xD428, 0xD469, 0xD469, 0xBC07,
    0x9364, 0xA446, 0x9CA7, 0x7C04, 0x6363, 0x5B03, 0x3A87, 0x0210, 0x0212, 0x0211, 0x0212, 0x0211, 0x0211, 0x0211, 0x0211, 0x0211,
    0x0211, 0x0211, 0x0211, 0x0211, 0x0211, 0x0211, 0x0212, 0x0211, 0x0211, 0x0211, 0x0211, 0x0211, 0x0211, 0x0211, 0x0211, 0x0211,
    0x0211, 0x0211, 0x0211, 0x0211, 0x0211, 0x0211, 0x0211, 0x0211, 0x0211, 0x0211, 0x0211, 0x0211, 0x0211, 0x0211, 0x0211, 0x0211,
    0x0211, 0x0211, 0x0211, 0x0211, 0x0211, 0x0211, 0x0211, 0x0211, 0x0211, 0x0211, 0x0211, 0x0211, 0x0211, 0x0211, 0x0211, 0x0211,
    0x0211, 0x0211, 0x0211, 0x0211, 0x0212, 0x0211, 0x0211, 0x0211, 0x0211, 0x0211, 0x0211, 0x0211, 0x0211, 0x0211, 0x0211, 0x0211,
    0x0211, 0x0211, 0x0211, 0x0211, 0x0211, 0x0212, 0x0212, 0x0212, 0x0211, 0x0211, 0x0211, 0x0211, 0x0211, 0x0211, 0x0211, 0x0211,
    0x0211, 0x0212, 0x0211, 0x0211, 0x0211, 0x0211, 0x0211, 0x0211, 0x0211, 0x0211, 0x0211, 0x0211, 0x0212, 0x0211, 0x0211, 0x0211,
    0x0211, 0x0212, 0x0211, 0x0211, 0x0211, 0x0211, 0x0211, 0x0212, 0x0211, 0x0211, 0x020F, 0x3AA6, 0x83AA, 0x8327, 0xC489, 0xA407,
    0x9C26, 0xB4E7, 0xAD07, 0xA506, 0xAD27, 0x8465, 0x7404, 0x8464, 0x9CA5, 0x9464, 0x9484, 0x63C9, 0x0A0F, 0x01F1, 0x0211, 0x0212,
    0x0211, 0x0211, 0x0211, 0x0211, 0x0211, 0x0211, 0x0211, 0x0211, 0x0211, 0x0212, 0x0211, 0x0212, 0x0211, 0x0212, 0x0211, 0x0211,
    0x0211, 0x0211, 0x0211, 0x0211, 0x0211, 0x0211, 0x0211, 0x0211, 0x0211, 0x0211, 0x0211, 0x0211, 0x0211, 0x0211, 0x0211, 0x0211,
    0x0211, 0x0212, 0x0211, 0x0212, 0x0211, 0x0211, 0x0211, 0x0211, 0x0211, 0x0211, 0x0211, 0x0211, 0x0211, 0x0211, 0x0211, 0x0211,
    0x0211, 0x0211, 0x0211, 0x0211, 0x0211, 0x0211, 0x0211, 0x0211, 0x0211, 0x0211, 0x01F1, 0x2A6C, 0x93E7, 0x9BA5, 0xA3E6, 0x9BA6,
    0xA3E7, 0x8B65, 0x7B46, 0x52A8, 0x1A0D, 0x01F2, 0x0212, 0x0211, 0x0211, 0x0212, 0x0211, 0x0211, 0x0211, 0x0211, 0x0212, 0x0211,
    0x0211, 0x0211, 0x0211, 0x0211, 0x0211, 0x0211, 0x0211, 0x0212, 0x0212, 0x0212, 0x0211, 0x0212, 0x0211, 0x0211, 0x0211, 0x0211,
    0x0211, 0x0211, 0x0211, 0x0211, 0x0211, 0x0211, 0x0211, 0x0211, 0x0211, 0x0211, 0x0211, 0x0211, 0x0211, 0x0211, 0x0211, 0x0211,
    0x0211, 0x0211, 0x0211, 0x0211, 0x0211, 0x0211, 0x0211, 0x0211, 0x0211, 0x0211, 0x0211, 0x0211, 0x0211, 0x0211, 0x0211, 0x0211,
    0x0211, 0x0211, 0x0211, 0x0211, 0x0211, 0x0211, 0x0211, 0x0211, 0x0211, 0x0211, 0x0211, 0x0211, 0x0211, 0x0211, 0x0211, 0x0211,
    0x0212, 0x0212, 0x0212, 0x01F1, 0x2AAA, 0x63A4, 0xA4E7, 0xACE7, 0x8C04, 0x7C06, 0x6BA5, 0x6324, 0x3288, 0x01EF, 0x01D1, 0x01D2,
    0x01F2, 0x0212, 0x0212, 0x0212, 0x01F2, 0x01AF, 0x5B2A, 0xA427, 0x83A9, 0x7387, 0xB486, 0xBC27, 0xC428, 0xCC48, 0xC448, 0xCCCA,
    0xAC06, 0xACA7, 0x94A6, 0x8465, 0x4AC2, 0x3A64, 0x124D, 0x01F1, 0x0211, 0x0211, 0x0211, 0x01F1, 0x0211, 0x0211, 0x0211, 0x0211,
    0x0211, 0x0211, 0x0211, 0x0211, 0x0211, 0x0211, 0x0211, 0x0211, 0x0211, 0x01F2, 0x0212, 0x0211, 0x0211, 0x0211, 0x0211, 0x0211,
    0x0211, 0x0211, 0x0211, 0x0211, 0x0211, 0x0211, 0x0211, 0x0211, 0x0211, 0x0211, 0x0211, 0x0211, 0x0211, 0x0211, 0x0211, 0x0211,
    0x0211, 0x0211, 0x0211, 0x0211, 0x0211, 0x0211, 0x0211, 0x0211, 0x0211, 0x0211, 0x0211, 0x0211, 0x0211, 0x0211, 0x0211, 0x0211,
    0x0211, 0x0211, 0x0211, 0x0211, 0x0211, 0x0211, 0x0211, 0x0211, 0x0211, 0x0211, 0x0211, 0x0211, 0x0211, 0x0211, 0x0211, 0x0211,
    0x0212, 0x0211, 0x0211, 0x0211, 0x0212, 0x0211, 0x0211, 0x0211, 0x0211, 0x0211, 0x0211, 0x0211, 0x0211, 0x0211, 0x0211, 0x0211,
    0x0211, 0x0212, 0x0211, 0x0211, 0x0211, 0x0211, 0x0211, 0x0211, 0x0211, 0x0211, 0x0211, 0x0211, 0x0211, 0x0211, 0x0211, 0x0211,
    0x0211, 0x0212, 0x0211, 0x0211, 0x0211, 0x0211, 0x0212, 0x0212, 0x0211, 0x0211, 0x0A2D, 0x4B05, 0x8BEB, 0x8B68, 0xA3C7, 0xA426,
    0xACA7, 0xACE7, 0xA4E6, 0x94C5, 0xA506, 0xAD26, 0x8C85, 0x8444, 0x8C86, 0x8C65, 0x73E6, 0x1A4C, 0x01D1, 0x0211, 0x0212, 0x0212,
    0x0211, 0x0211, 0x0211, 0x0211, 0x0211, 0x0211, 0x0211, 0x0211, 0x0211, 0x0211, 0x0211, 0x0211, 0x0211, 0x0211, 0x0211, 0x0211,
    0x0211, 0x0211, 0x0211, 0x0211, 0x0211, 0x0211, 0x0211, 0x0211, 0x0211, 0x0211, 0x0211, 0x0211, 0x0211, 0x0211, 0x0211, 0x0211,
    0x0211, 0x0211, 0x0211, 0x0211, 0x0211, 0x0211, 0x0211, 0x0211, 0x0211, 0x0211, 0x0211, 0x0211, 0x0211, 0x0211, 0x0211, 0x0211,
    0x0211, 0x0211, 0x0211, 0x0211, 0x0211, 0x0211, 0x0211, 0x0211, 0x0211, 0x0211, 0x0212, 0x09EF, 0x4AE9, 0x6306, 0x4AA9, 0x324A,
    0x2A4B, 0x224B, 0x122E, 0x01F0, 0x0212, 0x0212, 0x0212, 0x0211, 0x0211, 0x0211, 0x0211, 0x0211, 0x0211, 0x0211, 0x0211, 0x0211,
    0x0211, 0x0211, 0x0211, 0x0211, 0x0211, 0x0211, 0x0211, 0x0211, 0x0211, 0x0211, 0x0211, 0x0211, 0x0211, 0x0211, 0x0211, 0x0211,
    0x0211, 0x0211, 0x0211, 0x0211, 0x0211, 0x0211, 0x0211, 0x0211, 0x0211, 0x0211, 0x0211, 0x0211, 0x0211, 0x0211, 0x0211, 0x0211,
    0x0211, 0x0211, 0x0211, 0x0211, 0x0211, 0x0211, 0x0211, 0x0211, 0x0211, 0x0211, 0x0211, 0x0211, 0x0211, 0x0211, 0x0211, 0x0211,
    0x0211, 0x0211, 0x0211, 0x0211, 0x0211, 0x0211, 0x0211, 0x0211, 0x0211, 0x0211, 0x0211, 0x0211, 0x0211, 0x0211, 0x0211, 0x01F1,
    0x0211, 0x0212, 0x0212, 0x01F1, 0x1A6A, 0x4303, 0x7C04, 0x6BA7, 0x226B, 0x122E, 0x122E, 0x124E, 0x0210, 0x0212, 0x0212, 0x0211,
    0x0211, 0x0211, 0x0211, 0x0211, 0x0211, 0x0211, 0x1A2D, 0x638A, 0x2A8B, 0x5BA8, 0x9444, 0xAC67, 0xAC27, 0xA3E7, 0xB448, 0xBCA8,
    0xBCE9, 0xA4A7, 0x9CC6, 0x8CA5, 0x5B03, 0x2A49, 0x01F1, 0x0212, 0x0211, 0x0211, 0x0211, 0x0211, 0x0211, 0x0211, 0x0211, 0x0211,
    0x0211, 0x0211, 0x0211, 0x0211, 0x0211, 0x0211, 0x0211, 0x0212, 0x0211, 0x0A30, 0x01F0, 0x0212, 0x0211, 0x0211, 0x0211, 0x0211,
    0x0212, 0x0211, 0x0211, 0x0211, 0x0211, 0x0211, 0x0211, 0x0211, 0x0211, 0x0211, 0x0211, 0x0211, 0x0211, 0x0211, 0x0211, 0x0211,
    0x0211, 0x0211, 0x0211, 0x0211, 0x0211, 0x0211, 0x0211, 0x0211, 0x0211, 0x0211, 0x0211, 0x0211, 0x0212, 0x0211, 0x0211, 0x0211,
    0x0211, 0x0211, 0x0211, 0x0211, 0x0211, 0x0211, 0x0211, 0x0211, 0x0211, 0x0211, 0x0212, 0x0211, 0x0211, 0x0211, 0x0211, 0x0211,
    0x0212, 0x0211, 0x0212, 0x0211, 0x0211, 0x0212, 0x0212, 0x0212, 0x0211, 0x0211, 0x0211, 0x0211, 0x0211, 0x0211, 0x0211, 0x0211,
    0x0211, 0x0211, 0x0211, 0x0211, 0x0211, 0x0211, 0x0211, 0x0212, 0x0212, 0x0211, 0x0211, 0x0211, 0x0211, 0x0211, 0x0211, 0x0212,
    0x0211, 0x0211, 0x0211, 0x0211, 0x0211, 0x0212, 0x0212, 0x0212, 0x0212, 0x01F1, 0x2A88, 0x6BA5, 0xACCF, 0x9368, 0x9B66, 0xB468,
    0xA487, 0xA486, 0xACE7, 0x8CA5, 0x7C84, 0x8484, 0x9CE5, 0x9CC6, 0x3ACA, 0x1A4C, 0x122D, 0x01F0, 0x0211, 0x0211, 0x0211, 0x0211,
    0x0211, 0x0211, 0x0211, 0x0211, 0x0212, 0x0212, 0x0211, 0x0212, 0x0211, 0x0211, 0x0211, 0x0211, 0x0211, 0x0211, 0x0211, 0x0211,
    0x0211, 0x0211, 0x0211, 0x0211, 0x0211, 0x0211, 0x0211, 0x0211, 0x0211, 0x0211, 0x0211, 0x0211, 0x0211, 0x0212, 0x0212, 0x0211,
    0x0211, 0x0211, 0x0211, 0x0211, 0x0211, 0x0211, 0x0211, 0x0211, 0x0211, 0x0211, 0x0211, 0x0211, 0x0211, 0x0211, 0x0211, 0x0211,
    0x0211, 0x0211, 0x0211, 0x0211, 0x0211, 0x0212, 0x0211, 0x0211, 0x0211, 0x0211, 0x0211, 0x0212, 0x01F0, 0x0A10, 0x01F1, 0x01F2,
    0x01F2, 0x0212, 0x0212, 0x0212, 0x0212, 0x0212, 0x0212, 0x0212, 0x0211, 0x0211, 0x0211, 0x0211, 0x0211, 0x0211, 0x0211, 0x0211,
    0x0211, 0x0211, 0x0211, 0x0211, 0x0211, 0x0211, 0x0211, 0x0211, 0x0211, 0x0211, 0x0211, 0x0211, 0x0211, 0x0211, 0x0211, 0x0212,
    0x0211, 0x0211, 0x0211, 0x0212, 0x0211, 0x0212, 0x0211, 0x0211, 0x0211, 0x0211, 0x0211, 0x0211, 0x0211, 0x0211, 0x0211, 0x0211,
    0x0211, 0x0211, 0x0211, 0x0211, 0x0211, 0x0212, 0x0211, 0x0212, 0x0211, 0x0211, 0x0212, 0x0211, 0x0211, 0x0211, 0x0211, 0x0211,
    0x0211, 0x0211, 0x0211, 0x0211, 0x0211, 0x0211, 0x0211, 0x0211, 0x0211, 0x0211, 0x0211, 0x0211, 0x0212, 0x0211, 0x0211, 0x0211,
    0x0211, 0x0211, 0x0211, 0x0212, 0x01F1, 0x020E, 0x122B, 0x01EE, 0x01F2, 0x0212, 0x0212, 0x0212, 0x0212, 0x0211, 0x0211, 0x0211,
    0x0212, 0x0211, 0x0211, 0x0212, 0x0212, 0x0212, 0x0231, 0x0A2E, 0x22AD, 0x32EA, 0x7C47, 0xA4C7, 0x8BE5, 0x9C26, 0x9C46, 0xACA8,
    0xACC7, 0xA4E7, 0x7C05, 0x7C05, 0x5305, 0x09ED, 0x0212, 0x0211, 0x0211, 0x0212, 0x0211, 0x0211, 0x0211, 0x0211, 0x0211, 0x0211,
    0x0211, 0x0211, 0x0211, 0x0211, 0x0211, 0x0211, 0x0211, 0x0211, 0x0211, 0x124D, 0x2ACB, 0x0210, 0x0212, 0x0211, 0x0211, 0x0212,
    0x0211, 0x0211, 0x0211, 0x0211, 0x0211, 0x0211, 0x0211, 0x0211, 0x0211, 0x0211, 0x0211, 0x0211, 0x0211, 0x0211, 0x0211, 0x0211,
    0x0211, 0x0211, 0x0211, 0x0211, 0x0211, 0x0211, 0x0211, 0x0211, 0x0211, 0x0212, 0x0211, 0x0211, 0x0211, 0x0211, 0x0211, 0x0211,
    0x0211, 0x0211, 0x0211, 0x0211, 0x0211, 0x0211, 0x0211, 0x0211, 0x0211, 0x0211, 0x0212, 0x0212, 0x0211, 0x0211, 0x0211, 0x0211,
    0x0212, 0x0211, 0x0211, 0x0211, 0x0211, 0x0211, 0x0211, 0x0211, 0x0211, 0x0211, 0x0211, 0x0211, 0x0211, 0x0211, 0x0211, 0x0211,
    0x0211, 0x0211, 0x0211, 0x0211, 0x0211, 0x0211, 0x0212, 0x0211, 0x0211, 0x0211, 0x0211, 0x0211, 0x0211, 0x0211, 0x0211, 0x0211,
    0x0211, 0x0211, 0x0211, 0x0211, 0x0211, 0x0211, 0x0211, 0x0212, 0x0212, 0x0A0F, 0x4B25, 0x73C8, 0xA46E, 0x9B68, 0xABE7, 0xB468,
    0x9C26, 0x9425, 0xA4A7, 0x9CC6, 0x8CA5, 0x84A4, 0x7C63, 0x8484, 0x4B4B, 0x01D1, 0x01F2, 0x0211, 0x0211, 0x0211, 0x0211, 0x0211,
    0x0211, 0x0211, 0x0211, 0x0211, 0x0211, 0x0211, 0x0211, 0x0211, 0x0211, 0x0211, 0x0211, 0x0211, 0x0211, 0x0211, 0x0211, 0x0211,
    0x0211, 0x0211, 0x0211, 0x0211, 0x0211, 0x0211, 0x0211, 0x0211, 0x0211, 0x0211, 0x0211, 0x0211, 0x0211, 0x0211, 0x0212, 0x0211,
    0x0211, 0x0211, 0x0211, 0x0211, 0x0211, 0x0211, 0x0211, 0x0211, 0x0211, 0x0211, 0x0211, 0x0211, 0x0211, 0x0211, 0x0211, 0x0211,
    0x0211, 0x0211, 0x0212, 0x0211, 0x0211, 0x0211, 0x0211, 0x0211, 0x0212, 0x0211, 0x0211, 0x0211, 0x0212, 0x0212, 0x0212, 0x0211,
    0x0211, 0x0211, 0x0211, 0x0211, 0x0212, 0x0211, 0x0211, 0x0211, 0x0211, 0x0211, 0x0211, 0x0211, 0x0211, 0x0211, 0x0211, 0x0211,
    0x0211, 0x0211, 0x0211, 0x0211, 0x0211, 0x0211, 0x0211, 0x0211, 0x0211, 0x0211, 0x0211, 0x0211, 0x0211, 0x0211, 0x0211, 0x0211,
    0x0211, 0x0211, 0x0211, 0x0211, 0x0211, 0x0212, 0x0211, 0x0211, 0x0211, 0x0211, 0x0211, 0x0211, 0x0211, 0x0211, 0x0211, 0x0211,
    0x0211, 0x0211, 0x0211, 0x0211, 0x0211, 0x0211, 0x0211, 0x0211, 0x0211, 0x0211, 0x0211, 0x0211, 0x0211, 0x0211, 0x0211, 0x0211,
    0x0211, 0x0211, 0x0211, 0x0211, 0x0211, 0x0211, 0x0211, 0x0211, 0x0211, 0x0211, 0x0211, 0x0211, 0x0211, 0x0211, 0x0211, 0x0211,
    0x0211, 0x0211, 0x0211, 0x0211, 0x0212, 0x0212, 0x01F2, 0x0212, 0x0211, 0x0211, 0x0211, 0x0211, 0x0211, 0x0211, 0x0211, 0x0211,
    0x0211, 0x0211, 0x0211, 0x0212, 0x0212, 0x0211, 0x0212, 0x0211, 0x1A8E, 0x124E, 0x22AB, 0x7C46, 0x7C44, 0x9CC7, 0x9CC6, 0x8C85,
    0x94C6, 0x7425, 0x4282, 0x6304, 0x3247, 0x01F0, 0x0212, 0x0211, 0x0211, 0x0211, 0x0211, 0x0211, 0x0211, 0x0211, 0x0211, 0x0211,
    0x0211, 0x0211, 0x0211, 0x0211, 0x0211, 0x0211, 0x0211, 0x0211, 0x0212, 0x01F0, 0x2ACA, 0x124C, 0x01F1, 0x0212, 0x0212, 0x0212,
    0x0211, 0x0211, 0x0211, 0x0211, 0x0211, 0x0211, 0x0211, 0x0211, 0x0211, 0x0211, 0x0211, 0x0211, 0x0211, 0x0211, 0x0211, 0x0211,
    0x0211, 0x0211, 0x0211, 0x0211, 0x0211, 0x0211, 0x0212, 0x0211, 0x0211, 0x0212, 0x0211, 0x0211, 0x0211, 0x0211, 0x0211, 0x0211,
    0x0211, 0x0211, 0x0211, 0x0211, 0x0211, 0x0211, 0x0211, 0x0211, 0x0211, 0x0211, 0x0211, 0x0211, 0x0211, 0x0211, 0x0211, 0x0211,
    0x0212, 0x0211, 0x0212, 0x0211, 0x0211, 0x0211, 0x0212, 0x0211, 0x0211, 0x0211, 0x0211, 0x0211, 0x0211, 0x0211, 0x0211, 0x0211,
    0x0211, 0x0211, 0x0211, 0x0211, 0x0212, 0x0211, 0x0211, 0x0211, 0x0211, 0x0211, 0x0211, 0x0212, 0x0211, 0x0211, 0x0211, 0x0211,
    0x0211, 0x0211, 0x0211, 0x0211, 0x0211, 0x0211, 0x0212, 0x0212, 0x0212, 0x1A4B, 0x4B03, 0x73A9, 0x8B69, 0x9346, 0xAC07, 0x9BE6,
    0x9405, 0x8C05, 0xA486, 0xA4C6, 0x9CC6, 0x9CC6, 0x94C5, 0x94A5, 0x4B2B, 0x01F0, 0x0212, 0x0211, 0x0211, 0x0211, 0x0211, 0x0211,
    0x0211, 0x0211, 0x0211, 0x0211, 0x0211, 0x0211, 0x0211, 0x0211, 0x0211, 0x0211, 0x0211, 0x0211, 0x0211, 0x0211, 0x0211, 0x0211,
    0x0211, 0x0211, 0x0211, 0x0211, 0x0211, 0x0211, 0x0211, 0x0211, 0x0211, 0x0211, 0x0212, 0x0211, 0x0211, 0x0212, 0x0211, 0x0211,
    0x0211, 0x0212, 0x0211, 0x0211, 0x0211, 0x0211, 0x0211, 0x0211, 0x0211, 0x0211, 0x0211, 0x0211, 0x0211, 0x0211, 0x0211, 0x0211,
    0x0211, 0x0212, 0x0211, 0x0211, 0x0211, 0x0211, 0x0211, 0x0211, 0x0211, 0x0211, 0x0211, 0x0211, 0x0211, 0x0211, 0x0211, 0x0211,
    0x0211, 0x0211, 0x0211, 0x0211, 0x0211, 0x0211, 0x0211, 0x0211, 0x0211, 0x0211, 0x0211, 0x0211, 0x0211, 0x0211, 0x0211, 0x0211,
    0x0211, 0x0211, 0x0211, 0x0211, 0x0211, 0x0211, 0x0211, 0x0211, 0x0211, 0x0211, 0x0211, 0x0211, 0x0211, 0x0211, 0x0211, 0x0211,
    0x0212, 0x0211, 0x0211, 0x0211, 0x0211, 0x0211, 0x0211, 0x0211, 0x0211, 0x0211, 0x0211, 0x0211, 0x0211, 0x0211, 0x0211, 0x0211,
    0x0211, 0x0211, 0x0211, 0x0211, 0x0211, 0x0211, 0x0211, 0x0211, 0x0211, 0x0211, 0x0212, 0x0211, 0x0211, 0x0211, 0x0211, 0x0211,
    0x0211, 0x0211, 0x0211, 0x0211, 0x0211, 0x0211, 0x0211, 0x0211, 0x0211, 0x0211, 0x0211, 0x0211, 0x0211, 0x0211, 0x0211, 0x0211,
    0x0212, 0x0211, 0x0211, 0x0212, 0x0211, 0x0211, 0x0211, 0x0211, 0x01F1, 0x0211, 0x0211, 0x0211, 0x0211, 0x0211, 0x0211, 0x0211,
    0x0211, 0x0211, 0x0212, 0x0212, 0x0212, 0x0211, 0x0211, 0x0211, 0x01F1, 0x01F2, 0x01EF, 0x53C7, 0x74A4, 0x6C43, 0x7444, 0x6C64,
    0x4B42, 0x29C0, 0x3201, 0x4A83, 0x2229, 0x0211, 0x0211, 0x0211, 0x0211, 0x0211, 0x0211, 0x0211, 0x0211, 0x0211, 0x0211, 0x0211,
    0x0211, 0x0211, 0x0211, 0x0211, 0x0211, 0x0211, 0x0211, 0x0211, 0x0211, 0x0212, 0x0A0D, 0x32C7, 0x122D, 0x01F1, 0x0211, 0x0211,
    0x0211, 0x0211, 0x0211, 0x0211, 0x0211, 0x0211, 0x0211, 0x0211, 0x0211, 0x0211, 0x0211, 0x0211, 0x0211, 0x0211, 0x0211, 0x0211,
    0x0211, 0x0211, 0x0211, 0x0211, 0x0211, 0x0211, 0x0211, 0x0211, 0x0212, 0x0211, 0x0211, 0x0211, 0x0211, 0x0211, 0x0211, 0x0211,
    0x0211, 0x0211, 0x0211, 0x0211, 0x0211, 0x0211, 0x0211, 0x0211, 0x0211, 0x0211, 0x0211, 0x0211, 0x0211, 0x0211, 0x0211, 0x0211,
    0x0211, 0x0211, 0x0212, 0x0211, 0x0211, 0x0211, 0x0211, 0x0211, 0x0211, 0x0211, 0x0211, 0x0211, 0x0211, 0x0211, 0x0211, 0x0211,
    0x0211, 0x0211, 0x0211, 0x0211, 0x0211, 0x0211, 0x0211, 0x0211, 0x0211, 0x0211, 0x0211, 0x0211, 0x0211, 0x0211, 0x0211, 0x0211,
    0x0211, 0x0211, 0x0211, 0x0211, 0x0211, 0x0212, 0x0212, 0x0212, 0x0212, 0x2268, 0x5322, 0x6349, 0x9BCA, 0xB408, 0xB448, 0xA426,
    0x9405, 0x83C4, 0x9C46, 0x9CA6, 0x9CA5, 0x9CA5, 0x9486, 0x63AA, 0x0A0F, 0x0212, 0x0211, 0x0211, 0x0211, 0x01F1, 0x0211, 0x0211,
    0x0211, 0x0212, 0x0211, 0x0211, 0x0211, 0x0211, 0x0211, 0x0211, 0x0211, 0x0211, 0x0211, 0x0211, 0x0211, 0x0211, 0x0211, 0x0211,
    0x0211, 0x0211, 0x0211, 0x0211, 0x0211, 0x0211, 0x0211, 0x0211, 0x0211, 0x0211, 0x0212, 0x0211, 0x0211, 0x0211, 0x0211, 0x0211,
    0x0211, 0x0211, 0x0211, 0x0211, 0x0211, 0x0211, 0x0211, 0x0211, 0x0211, 0x0211, 0x0211, 0x0211, 0x0211, 0x0211, 0x0211, 0x0211,
    0x0211, 0x0212, 0x0211, 0x0212, 0x0211, 0x0212, 0x0212, 0x0211, 0x0211, 0x0211, 0x0211, 0x0211, 0x0211, 0x0211, 0x0211, 0x0211,
    0x0211, 0x0211, 0x0211, 0x0211, 0x0211, 0x0211, 0x0211, 0x0211, 0x0211, 0x0211, 0x0211, 0x0211, 0x0211, 0x0211, 0x0211, 0x0211,
    0x0211, 0x0211, 0x0211, 0x0211, 0x0211, 0x0211, 0x0211, 0x0211, 0x0211, 0x0211, 0x0211, 0x0211, 0x0211, 0x0211, 0x0212, 0x0211,
    0x0211, 0x0211, 0x0211, 0x0211, 0x0211, 0x0211, 0x0211, 0x0211, 0x0211, 0x0211, 0x0211, 0x0211, 0x0211, 0x0211, 0x0211, 0x0211,
    0x0211, 0x0211, 0x0211, 0x0211, 0x0211, 0x0211, 0x0211, 0x0211, 0x0211, 0x0211, 0x0211, 0x0211, 0x0211, 0x0211, 0x0211, 0x0211,
    0x0211, 0x0211, 0x0211, 0x0211, 0x0211, 0x0211, 0x0211, 0x0211, 0x0211, 0x0211, 0x0211, 0x0211, 0x0211, 0x0211, 0x0211, 0x0211,
    0x0211, 0x0211, 0x0211, 0x0211, 0x0211, 0x0211, 0x0211, 0x0211, 0x0211, 0x0211, 0x0211, 0x0211, 0x0211, 0x0211, 0x0211, 0x0211,
    0x0211, 0x0211, 0x0211, 0x0211, 0x0212, 0x0212, 0x0212, 0x0212, 0x0211, 0x0211, 0x01F1, 0x1A6C, 0x4386, 0x6445, 0x6464, 0x53C5,
    0x3AC2, 0x3222, 0x2226, 0x11C9, 0x0A0F, 0x0211, 0x0211, 0x0211, 0x0211, 0x0212, 0x0211, 0x0211, 0x0211, 0x0211, 0x0211, 0x0211,
    0x0211, 0x0211, 0x0211, 0x0211, 0x0211, 0x0211, 0x0211, 0x0212, 0x0212, 0x0212, 0x020F, 0x4345, 0x3B05, 0x2AC8, 0x1A6D, 0x01F1,
    0x0211, 0x0211, 0x0211, 0x0211, 0x0211, 0x0211, 0x0211, 0x0211, 0x0211, 0x0211, 0x0211, 0x0211, 0x0211, 0x0211, 0x0211, 0x0211,
    0x0211, 0x0211, 0x0211, 0x0212, 0x0211, 0x0211, 0x0211, 0x0211, 0x0212, 0x0211, 0x0211, 0x0211, 0x0211, 0x0211, 0x0211, 0x0211,
    0x0211, 0x0211, 0x0211, 0x0211, 0x0211, 0x0211, 0x0211, 0x0211, 0x0211, 0x0211, 0x0211, 0x0212, 0x0211, 0x0211, 0x0211, 0x0211,
    0x0211, 0x0211, 0x0211, 0x0211, 0x0211, 0x0211, 0x0211, 0x0211, 0x0211, 0x0211, 0x0211, 0x0211, 0x0211, 0x0211, 0x0211, 0x0211,
    0x0211, 0x0211, 0x0212, 0x0211, 0x0211, 0x0211, 0x0211, 0x0211, 0x0211, 0x0211, 0x0211, 0x0211, 0x0211, 0x0211, 0x0211, 0x0211,
    0x0211, 0x0211, 0x0211, 0x0211, 0x0211, 0x0212, 0x0212, 0x0212, 0x0212, 0x226A, 0x4B23, 0x6348, 0xA409, 0xBC28, 0xBC68, 0xA446,
    0x9405, 0x7B84, 0x83C4, 0x9467, 0x6389, 0x42EB, 0x1A4D, 0x01F0, 0x0212, 0x0212, 0x0211, 0x0212, 0x0211, 0x0211, 0x0211, 0x0211,
    0x0212, 0x0212, 0x0211, 0x0211, 0x0212, 0x0211, 0x0211, 0x0212, 0x0211, 0x0211, 0x0211, 0x0211, 0x0211, 0x0211, 0x0211, 0x0211,
    0x0211, 0x0211, 0x0211, 0x0211, 0x0212, 0x0211, 0x0211, 0x01F1, 0x0211, 0x0211, 0x0211, 0x0211, 0x0211, 0x0211, 0x0211, 0x0211,
    0x0211, 0x0211, 0x0211, 0x0211, 0x0211, 0x0211, 0x0211, 0x0211, 0x0211, 0x0211, 0x0212, 0x0211, 0x0211, 0x0211, 0x0211, 0x0211,
    0x0211, 0x0211, 0x0211, 0x0211, 0x0211, 0x0211, 0x0211, 0x0211, 0x0211, 0x0211, 0x0211, 0x0211, 0x0211, 0x0211, 0x0211, 0x0211,
    0x0211, 0x0211, 0x0211, 0x0211, 0x0212, 0x0212, 0x0211, 0x0211, 0x0211, 0x0211, 0x0211, 0x0211, 0x0211, 0x0211, 0x0211, 0x0211,
    0x0211, 0x0211, 0x0211, 0x0211, 0x0211, 0x0211, 0x0211, 0x0211, 0x0211, 0x0211, 0x0212, 0x0212, 0x0211, 0x0211, 0x0211, 0x0211,
    0x0211, 0x0211, 0x0211, 0x0211, 0x0211, 0x0211, 0x0211, 0x0211, 0x0211, 0x0211, 0x0211, 0x0211, 0x0211, 0x0211, 0x0211, 0x0211,
    0x0211, 0x0211, 0x0211, 0x0211, 0x0211, 0x0211, 0x0211, 0x0212, 0x0211, 0x0211, 0x0211, 0x0211, 0x0211, 0x0211, 0x0211, 0x0211,
    0x0211, 0x0211, 0x0211, 0x0211, 0x0211, 0x0211, 0x0211, 0x0211, 0x0211, 0x0211, 0x0211, 0x0211, 0x0211, 0x0212, 0x0211, 0x0212,
    0x0211, 0x0211, 0x0211, 0x0212, 0x0211, 0x0211, 0x0211, 0x0211, 0x0211, 0x0211, 0x0211, 0x0211, 0x0211, 0x0211, 0x0211, 0x0211,
    0x0211, 0x0211, 0x0211, 0x0211, 0x0211, 0x0211, 0x0212, 0x0212, 0x0211, 0x0211, 0x0212, 0x0211, 0x01F0, 0x124C, 0x1A8B, 0x0A2D,
    0x2AEA, 0x22CA, 0x0210, 0x0212, 0x0212, 0x0211, 0x0211, 0x0211, 0x0211, 0x0211, 0x0211, 0x0211, 0x0211, 0x0211, 0x0212, 0x0211,
    0x0211, 0x0211, 0x0211, 0x0211, 0x0211, 0x0211, 0x0212, 0x0211, 0x0212, 0x01F1, 0x22AB, 0x3B23, 0x32A0, 0x3284, 0x0A0E, 0x01F1,
    0x0211, 0x0211, 0x0211, 0x0211, 0x0211, 0x0211, 0x0211, 0x0211, 0x0211, 0x0211, 0x0211, 0x0211, 0x0211, 0x0211, 0x0211, 0x0211,
    0x0211, 0x0212, 0x0211, 0x0211, 0x0211, 0x0212, 0x0212, 0x0211, 0x0212, 0x0211, 0x0211, 0x0211, 0x0211, 0x0211, 0x0211, 0x0211,
    0x0211, 0x0211, 0x0211, 0x0211, 0x0211, 0x0211, 0x0211, 0x0211, 0x0211, 0x0211, 0x0212, 0x0211, 0x0211, 0x0212, 0x0212, 0x0211,
    0x0211, 0x0211, 0x0211, 0x0211, 0x0211, 0x01F1, 0x0211, 0x0211, 0x0211, 0x0211, 0x0211, 0x0211, 0x0211, 0x0211, 0x0211, 0x0211,
    0x0211, 0x0211, 0x0211, 0x0211, 0x0211, 0x0212, 0x0211, 0x0211, 0x0211, 0x0211, 0x0211, 0x0211, 0x0211, 0x0211, 0x0211, 0x0211,
    0x0211, 0x0211, 0x0211, 0x0211, 0x0211, 0x0211, 0x0212, 0x0232, 0x0212, 0x1A6B, 0x42E4, 0x6349, 0x9BC7, 0xBC48, 0xCCE9, 0xBC87,
    0xAC46, 0x8BC4, 0x8383, 0x7BC8, 0x01CD, 0x01D1, 0x01F1, 0x0212, 0x0211, 0x0211, 0x0211, 0x0211, 0x0211, 0x0212, 0x0211, 0x0211,
    0x0211, 0x0212, 0x0211, 0x0211, 0x0211, 0x0211, 0x0211, 0x0211, 0x0211, 0x0211, 0x0211, 0x0211, 0x0211, 0x0211, 0x0211, 0x0211,
    0x0211, 0x0211, 0x0211, 0x0211, 0x0211, 0x0211, 0x0211, 0x0211, 0x0211, 0x0211, 0x0211, 0x0211, 0x0211, 0x0211, 0x0211, 0x0211,
    0x0211, 0x0211, 0x0211, 0x0211, 0x0211, 0x0211, 0x0211, 0x0211, 0x0211, 0x0211, 0x0211, 0x0211, 0x0211, 0x0211, 0x0211, 0x0211,
    0x0211, 0x0211, 0x0211, 0x0211, 0x0211, 0x0211, 0x0211, 0x0211, 0x0211, 0x0211, 0x0211, 0x0211, 0x0211, 0x0211, 0x0211, 0x0211,
    0x0211, 0x0211, 0x0211, 0x0211, 0x0211, 0x0211, 0x0212, 0x0211, 0x0211, 0x0211, 0x0211, 0x0211, 0x0211, 0x0211, 0x0211, 0x0211,
    0x0211, 0x0211, 0x0211, 0x0211, 0x0211, 0x0211, 0x0211, 0x0211, 0x0211, 0x0211, 0x0211, 0x0211, 0x0211, 0x0212, 0x0211, 0x0211,
    0x0211, 0x0211, 0x0211, 0x0211, 0x0211, 0x0211, 0x0211, 0x0211, 0x0211, 0x0211, 0x0211, 0x0211, 0x0211, 0x0211, 0x0211, 0x0211,
    0x0212, 0x0211, 0x0211, 0x0211, 0x0211, 0x0211, 0x0211, 0x0211, 0x0211, 0x0211, 0x0211, 0x0211, 0x0211, 0x0211, 0x0211, 0x0211,
    0x0211, 0x0211, 0x0211, 0x0211, 0x0211, 0x0211, 0x0211, 0x0212, 0x0211, 0x0211, 0x0211, 0x0211, 0x0211, 0x0211, 0x0211, 0x0211,
    0x0211, 0x0211, 0x0211, 0x0211, 0x0211, 0x0211, 0x0211, 0x0211, 0x0211, 0x0211, 0x0211, 0x0211, 0x0211, 0x0211, 0x0211, 0x0211,
    0x0211, 0x0211, 0x0211, 0x0212, 0x0211, 0x0211, 0x0211, 0x0212, 0x0212, 0x0211, 0x0212, 0x0212, 0x0212, 0x01F2, 0x0210, 0x0211,
    0x01F1, 0x0211, 0x0230, 0x0210, 0x0211, 0x0211, 0x0211, 0x0211, 0x0211, 0x0211, 0x0211, 0x0211, 0x0211, 0x0211, 0x0211, 0x0211,
    0x0211, 0x0211, 0x0211, 0x0211, 0x0211, 0x0211, 0x0212, 0x0212, 0x0212, 0x01F1, 0x228C, 0x4305, 0x3AA3, 0x120B, 0x0211, 0x01F1,
    0x0211, 0x0211, 0x0211, 0x0211, 0x0211, 0x0211, 0x0211, 0x0211, 0x0211, 0x0211, 0x0211, 0x0211, 0x0211, 0x0211, 0x0211, 0x0211,
    0x0211, 0x0211, 0x0211, 0x0211, 0x0211, 0x0211, 0x0211, 0x0211, 0x0211, 0x0211, 0x0211, 0x0211, 0x0211, 0x0212, 0x0211, 0x0211,
    0x0211, 0x0211, 0x0211, 0x0211, 0x0211, 0x0211, 0x0211, 0x0211, 0x0211, 0x0211, 0x0211, 0x0211, 0x0211, 0x0211, 0x0211, 0x0211,
    0x0211, 0x0211, 0x0211, 0x0211, 0x01F1, 0x0211, 0x01F1, 0x0211, 0x0211, 0x0211, 0x0211, 0x0211, 0x0211, 0x0211, 0x0211, 0x0211,
    0x0211, 0x0211, 0x0211, 0x0211, 0x0211, 0x0211, 0x0211, 0x0211, 0x0211, 0x0211, 0x0211, 0x0211, 0x0211, 0x0211, 0x0211, 0x0211,
    0x0211, 0x0211, 0x0211, 0x0211, 0x0211, 0x0211, 0x0212, 0x0212, 0x0210, 0x32C7, 0x4B05, 0x6B49, 0xA3C7, 0xB3C6, 0xB3E6, 0xC487,
    0xAC48, 0x6B48, 0x83C8, 0x5B2A, 0x01EF, 0x0211, 0x0211, 0x0211, 0x0211, 0x0211, 0x0211, 0x0211, 0x0211, 0x0211, 0x0211, 0x0211,
    0x0211, 0x0211, 0x0211, 0x0211, 0x0211, 0x0211, 0x0211, 0x0211, 0x0211, 0x0211, 0x0211, 0x0211, 0x0211, 0x0211, 0x0211, 0x0211,
    0x0211, 0x0211, 0x0211, 0x0211, 0x0211, 0x0211, 0x0211, 0x0211, 0x0211, 0x0211, 0x0211, 0x0211, 0x0211, 0x0211, 0x0211, 0x0211,
    0x0211, 0x0211, 0x0211, 0x0211, 0x0211, 0x0211, 0x0211, 0x0211, 0x0211, 0x0211, 0x0211, 0x0211, 0x0211, 0x0211, 0x0211, 0x0211,
    0x0211, 0x0211, 0x0211, 0x0211, 0x0212, 0x0211, 0x0211, 0x0211, 0x0211, 0x0211, 0x0211, 0x0211, 0x0211, 0x0211, 0x0211, 0x0211,
    0x0211, 0x0211, 0x0211, 0x0211, 0x0211, 0x0211, 0x0211, 0x0211, 0x0211, 0x0211, 0x0211, 0x0211, 0x0211, 0x0211, 0x0211, 0x0211,
    0x0211, 0x0211, 0x0211, 0x0211, 0x0211, 0x0211, 0x0211, 0x0211, 0x0211, 0x0211, 0x0211, 0x0212, 0x0211, 0x0211, 0x0211, 0x0211,
    0x0211, 0x0211, 0x0211, 0x0211, 0x0211, 0x0211, 0x0211, 0x0211, 0x0211, 0x0211, 0x0211, 0x0211, 0x0211, 0x0211, 0x0211, 0x0211,
    0x0211, 0x0211, 0x0211, 0x0211, 0x0211, 0x0211, 0x0211, 0x0211, 0x0211, 0x0211, 0x0211, 0x0211, 0x0211, 0x0211, 0x0211, 0x0211,
    0x0211, 0x0211, 0x0211, 0x0211, 0x0211, 0x0211, 0x0211, 0x0211, 0x0211, 0x0211, 0x0211, 0x0211, 0x0211, 0x0211, 0x0211, 0x0211,
    0x0211, 0x0211, 0x0211, 0x0212, 0x0211, 0x0211, 0x0211, 0x0211, 0x0211, 0x0211, 0x0211, 0x0211, 0x0211, 0x0211, 0x0211, 0x0211,
    0x0211, 0x0211, 0x0211, 0x0211, 0x0211, 0x0211, 0x0211, 0x0211, 0x0211, 0x0211, 0x0211, 0x0211, 0x0211, 0x0211, 0x0210, 0x0A2E,
    0x0A2F, 0x01F0, 0x124D, 0x0A0F, 0x0211, 0x0211, 0x0211, 0x0211, 0x0211, 0x0211, 0x0211, 0x0211, 0x0211, 0x0211, 0x0211, 0x0211,
    0x0211, 0x0211, 0x0211, 0x0211, 0x0211, 0x0211, 0x0211, 0x0212, 0x0210, 0x0A2E, 0x01CF, 0x3AE8, 0x4308, 0x01F0, 0x0212, 0x0211,
    0x0211, 0x0211, 0x0211, 0x0211, 0x0211, 0x0211, 0x0211, 0x0211, 0x0211, 0x0211, 0x0211, 0x0211, 0x0211, 0x0211, 0x0211, 0x0211,
    0x0211, 0x0211, 0x0211, 0x0211, 0x0211, 0x0211, 0x0211, 0x0211, 0x0211, 0x0211, 0x0211, 0x0211, 0x0212, 0x0211, 0x0211, 0x01F1,
    0x01F1, 0x0211, 0x0211, 0x0211, 0x0211, 0x0211, 0x0211, 0x0211, 0x0211, 0x0211, 0x0211, 0x0211, 0x0211, 0x0211, 0x0211, 0x0211,
    0x0211, 0x0211, 0x0211, 0x0211, 0x0211, 0x0211, 0x0211, 0x0211, 0x0211, 0x0211, 0x0211, 0x0211, 0x0211, 0x0211, 0x0211, 0x0212,
    0x0211, 0x0211, 0x0211, 0x0211, 0x0211, 0x0211, 0x0211, 0x0211, 0x0211, 0x0211, 0x0211, 0x0211, 0x0211, 0x0211, 0x0211, 0x0211,
    0x0211, 0x0211, 0x0211, 0x0211, 0x0211, 0x0211, 0x0211, 0x0212, 0x0A0F, 0x2267, 0x3AA7, 0x7349, 0xABE7, 0xBC49, 0xA3A7, 0xA386,
    0x9BC9, 0x220D, 0x0A0F, 0x0A10, 0x01F1, 0x0211, 0x01F1, 0x01F1, 0x0211, 0x0211, 0x0211, 0x0211, 0x0211, 0x0211, 0x0211, 0x0212,
    0x0211, 0x0211, 0x0211, 0x0211, 0x0211, 0x0212, 0x0211, 0x0211, 0x0211, 0x0211, 0x0211, 0x0211, 0x0211, 0x0211, 0x0211, 0x0211,
    0x0211, 0x0211, 0x0211, 0x0211, 0x0211, 0x0212, 0x0211, 0x0211, 0x0211, 0x0211, 0x0211, 0x0211, 0x0211, 0x0211, 0x0211, 0x01F1,
    0x0211, 0x0212, 0x0212, 0x0211, 0x0211, 0x0211, 0x0211, 0x0211, 0x0211, 0x01F1, 0x0211, 0x0211, 0x0211, 0x0211, 0x0211, 0x0211,
    0x0211, 0x0212, 0x0211, 0x0211, 0x0211, 0x0211, 0x0211, 0x0211, 0x0211, 0x0211, 0x0211, 0x0211, 0x0211, 0x0211, 0x0211, 0x0211,
    0x0211, 0x0211, 0x0211, 0x0211, 0x0211, 0x0211, 0x0211, 0x0211, 0x0211, 0x0211, 0x0211, 0x0211, 0x0211, 0x0212, 0x0211, 0x0211,
    0x0211, 0x0211, 0x0211, 0x0211, 0x0211, 0x0211, 0x0211, 0x0211, 0x0211, 0x0211, 0x0211, 0x0211, 0x0211, 0x0211, 0x0211, 0x0211,
    0x0211, 0x0211, 0x0211, 0x0211, 0x0211, 0x0211, 0x0211, 0x0211, 0x0211, 0x0211, 0x0211, 0x0211, 0x0211, 0x0211, 0x0211, 0x0211,
    0x0211, 0x0211, 0x0211, 0x0211, 0x0211, 0x0211, 0x0211, 0x0211, 0x0211, 0x0212, 0x0211, 0x0211, 0x0211, 0x0211, 0x0211, 0x0211,
    0x0211, 0x0211, 0x0211, 0x0211, 0x0211, 0x0211, 0x0211, 0x0211, 0x0211, 0x0211, 0x0211, 0x0211, 0x0211, 0x0212, 0x0211, 0x0211,
    0x0211, 0x0211, 0x0211, 0x0211, 0x0211, 0x0211, 0x0211, 0x0211, 0x0211, 0x0211, 0x0211, 0x0211, 0x0211, 0x0211, 0x0211, 0x0211,
    0x0211, 0x0211, 0x0211, 0x0211, 0x0211, 0x0211, 0x0211, 0x0211, 0x0211, 0x0211, 0x0211, 0x0211, 0x0211, 0x0211, 0x0212, 0x0A2C,
    0x2244, 0x2A86, 0x2266, 0x020E, 0x0212, 0x0211, 0x0211, 0x0211, 0x0211, 0x0211, 0x0211, 0x0211, 0x0211, 0x0211, 0x0211, 0x0211,
    0x0211, 0x0212, 0x0211, 0x0211, 0x0211, 0x0211, 0x0211, 0x0211, 0x1A4C, 0x3AA6, 0x2A89, 0x2A8A, 0x0A0D, 0x01F2, 0x0211, 0x0211,
    0x0211, 0x0211, 0x0212, 0x0212, 0x0212, 0x0212, 0x0211, 0x0211, 0x0211, 0x0211, 0x0211, 0x0211, 0x0211, 0x0211, 0x0211, 0x0212,
    0x0211, 0x0211, 0x0211, 0x0211, 0x0211, 0x0211, 0x0211, 0x0211, 0x0211, 0x0211, 0x0211, 0x0211, 0x0212, 0x0211, 0x0211, 0x01F1,
    0x0211, 0x0211, 0x0211, 0x0211, 0x0211, 0x0211, 0x0211, 0x0211, 0x0211, 0x0211, 0x0211, 0x0211, 0x0211, 0x0211, 0x0211, 0x0211,
    0x0211, 0x0212, 0x0211, 0x0211, 0x0211, 0x0211, 0x0211, 0x0211, 0x0211, 0x0211, 0x0211, 0x0211, 0x0211, 0x0211, 0x0211, 0x0211,
    0x0211, 0x0211, 0x0211, 0x0211, 0x0211, 0x0211, 0x0211, 0x0211, 0x0212, 0x01F1, 0x0211, 0x0211, 0x0211, 0x0211, 0x0211, 0x0211,
    0x0211, 0x0211, 0x0211, 0x0211, 0x0212, 0x0212, 0x0211, 0x0212, 0x0A2E, 0x1208, 0x3288, 0x7348, 0xA3A7, 0xB428, 0x9B67, 0xA386,
    0xB449, 0x6B6D, 0x2AB0, 0x01F1, 0x0212, 0x0211, 0x0211, 0x0211, 0x01F1, 0x0211, 0x0211, 0x0211, 0x0211, 0x0211, 0x0211, 0x0211,
    0x0211, 0x0211, 0x0211, 0x0211, 0x0211, 0x0211, 0x0211, 0x0211, 0x0211, 0x0211, 0x0211, 0x0211, 0x0211, 0x0211, 0x0211, 0x0211,
    0x0211, 0x0211, 0x0211, 0x0211, 0x0211, 0x0211, 0x0211, 0x0211, 0x0211, 0x0211, 0x0211, 0x0211, 0x0211, 0x0211, 0x0211, 0x0211,
    0x0211, 0x0212, 0x0211, 0x0211, 0x0211, 0x0211, 0x0211, 0x0211, 0x0211, 0x01F1, 0x0211, 0x0211, 0x0211, 0x0211, 0x0211, 0x0211,
    0x0211, 0x0211, 0x0211, 0x0211, 0x0211, 0x0211, 0x0211, 0x0211, 0x01F2, 0x0211, 0x0211, 0x0211, 0x0211, 0x0211, 0x0211, 0x0211,
    0x0211, 0x0211, 0x0211, 0x0211, 0x0211, 0x0211, 0x0211, 0x01F1, 0x0212, 0x0211, 0x0211, 0x0211, 0x0211, 0x0212, 0x0211, 0x0211,
    0x0211, 0x0211, 0x0211, 0x0211, 0x0211, 0x0211, 0x0211, 0x0211, 0x0211, 0x0211, 0x0211, 0x0211, 0x0211, 0x0211, 0x0211, 0x0211,
    0x0211, 0x0211, 0x0211, 0x0211, 0x0211, 0x0211, 0x0211, 0x0211, 0x0211, 0x0211, 0x0211, 0x0211, 0x0211, 0x0211, 0x0211, 0x0211,
    0x0211, 0x0211, 0x0211, 0x0211, 0x0211, 0x0211, 0x0211, 0x0211, 0x0211, 0x0211, 0x0211, 0x01F1, 0x0211, 0x0211, 0x0211, 0x0211,
    0x0211, 0x0211, 0x0211, 0x0211, 0x0211, 0x0211, 0x0211, 0x0211, 0x0211, 0x0211, 0x0211, 0x0211, 0x0211, 0x0211, 0x0211, 0x0211,
    0x0211, 0x0211, 0x0211, 0x0211, 0x0211, 0x0211, 0x0211, 0x0211, 0x0211, 0x0211, 0x0211, 0x0211, 0x0211, 0x0211, 0x0211, 0x0211,
    0x0211, 0x0211, 0x0211, 0x0211, 0x0211, 0x0211, 0x0212, 0x0211, 0x0211, 0x0211, 0x0211, 0x0211, 0x0211, 0x0211, 0x0212, 0x022F,
    0x19C3, 0x4AE1, 0x3AC5, 0x01EF, 0x0212, 0x0211, 0x0211, 0x0211, 0x0211, 0x0211, 0x0211, 0x0211, 0x0212, 0x0211, 0x0211, 0x0211,
    0x0211, 0x0212, 0x0211, 0x0211, 0x0211, 0x0212, 0x01F1, 0x0A0E, 0x5B69, 0x5B67, 0x124D, 0x01F1, 0x0212, 0x0212, 0x0211, 0x0212,
    0x0212, 0x0212, 0x0211, 0x0211, 0x0211, 0x0212, 0x0211, 0x0211, 0x0211, 0x0211, 0x0211, 0x0211, 0x0211, 0x0211, 0x0211, 0x0211,
    0x0211, 0x0211, 0x0211, 0x0211, 0x0211, 0x0211, 0x0211, 0x0211, 0x0211, 0x0211, 0x0211, 0x01F1, 0x0211, 0x01F1, 0x01F1, 0x0211,
    0x0211, 0x0211, 0x0211, 0x0211, 0x0211, 0x0211, 0x0211, 0x0211, 0x0211, 0x0211, 0x0211, 0x0211, 0x0211, 0x0211, 0x0211, 0x0211,
    0x0211, 0x0211, 0x0211, 0x0211, 0x0211, 0x0211, 0x0211, 0x0211, 0x0211, 0x0211, 0x0211, 0x0211, 0x0211, 0x0212, 0x0211, 0x0211,
    0x0211, 0x0211, 0x0211, 0x0211, 0x0211, 0x0211, 0x0211, 0x0211, 0x0211, 0x0211, 0x0211, 0x0211, 0x0211, 0x0211, 0x0211, 0x0211,
    0x0211, 0x0211, 0x0212, 0x0212, 0x0212, 0x0211, 0x0212, 0x0211, 0x0A0E, 0x09CA, 0x3A89, 0x7327, 0x9B66, 0xA366, 0xABC7, 0xC488,
    0xB46A, 0x42CD, 0x0A30, 0x0211, 0x0212, 0x0211, 0x0211, 0x0211, 0x0211, 0x0211, 0x0211, 0x0211, 0x0211, 0x0211, 0x0211, 0x0211,
    0x0211, 0x0211, 0x0211, 0x0211, 0x0212, 0x0211, 0x01F1, 0x0211, 0x0211, 0x0211, 0x0211, 0x0211, 0x0211, 0x0211, 0x0211, 0x0211,
    0x0211, 0x0211, 0x0211, 0x0211, 0x0211, 0x0211, 0x0211, 0x0211, 0x0211, 0x0211, 0x0211, 0x0211, 0x0211, 0x0211, 0x0211, 0x0211,
    0x0211, 0x0211, 0x0211, 0x01F1, 0x0211, 0x0211, 0x0211, 0x0211, 0x0211, 0x0211, 0x01F1, 0x0211, 0x0211, 0x0211, 0x0211, 0x0211,
    0x0211, 0x0211, 0x0211, 0x0211, 0x0211, 0x0211, 0x01F1, 0x0211, 0x0211, 0x0211, 0x0211, 0x0211, 0x0211, 0x0211, 0x0211, 0x0211,
    0x0211, 0x0211, 0x0211, 0x0211, 0x0211, 0x0211, 0x0211, 0x01F1, 0x0211, 0x0211, 0x0211, 0x0211, 0x01F1, 0x0211, 0x0211, 0x0211,
    0x0211, 0x0211, 0x0211, 0x0211, 0x0211, 0x0211, 0x0211, 0x0211, 0x0211, 0x0211, 0x0211, 0x0211, 0x0211, 0x0211, 0x0211, 0x0211,
    0x01F1, 0x0211, 0x0211, 0x0211, 0x0211, 0x0211, 0x0211, 0x0211, 0x0211, 0x0211, 0x0211, 0x0211, 0x0211, 0x0211, 0x0211, 0x0211,
    0x0211, 0x0211, 0x0211, 0x0211, 0x0211, 0x0211, 0x0211, 0x0211, 0x0211, 0x0211, 0x0211, 0x0211, 0x0211, 0x0211, 0x0211, 0x0211,
    0x0211, 0x0211, 0x0211, 0x0211, 0x0211, 0x0211, 0x0211, 0x0211, 0x0211, 0x0211, 0x0211, 0x0211, 0x0211, 0x0211, 0x0211, 0x0211,
    0x0211, 0x0211, 0x0211, 0x0211, 0x0211, 0x0211, 0x01F1, 0x0211, 0x0211, 0x0211, 0x0211, 0x0211, 0x0211, 0x0211, 0x0211, 0x0211,
    0x0211, 0x0211, 0x01F1, 0x0211, 0x0211, 0x0211, 0x0211, 0x0211, 0x01F1, 0x0211, 0x0211, 0x0211, 0x0211, 0x0211, 0x0212, 0x0211,
    0x122A, 0x2204, 0x1A0A, 0x01F1, 0x0212, 0x0211, 0x0212, 0x0211, 0x0211, 0x0211, 0x0211, 0x0211, 0x0211, 0x0211, 0x0211, 0x0211,
    0x0211, 0x0211, 0x0211, 0x0211, 0x0212, 0x01F1, 0x122F, 0x5B6B, 0x6346, 0x2229, 0x01F1, 0x0212, 0x0211, 0x0211, 0x0211, 0x0211,
    0x0211, 0x0211, 0x0211, 0x0A30, 0x0211, 0x0212, 0x0211, 0x0211, 0x0211, 0x0212, 0x0211, 0x0211, 0x0211, 0x0211, 0x0211, 0x0211,
    0x0211, 0x0211, 0x0211, 0x0211, 0x0211, 0x0211, 0x0211, 0x0211, 0x0211, 0x0211, 0x0211, 0x0211, 0x0211, 0x0211, 0x01F1, 0x0211,
    0x0211, 0x0211, 0x0211, 0x0211, 0x0211, 0x0211, 0x0211, 0x0211, 0x0211, 0x0211, 0x0211, 0x0211, 0x0211, 0x0211, 0x0211, 0x01F1,
    0x0211, 0x0211, 0x0211, 0x0211, 0x0211, 0x0211, 0x0211, 0x0211, 0x0211, 0x0211, 0x0211, 0x0211, 0x0211, 0x0211, 0x0211, 0x0211,
    0x0211, 0x0211, 0x0211, 0x0211, 0x0211, 0x0212, 0x0211, 0x0211, 0x0211, 0x0211, 0x0211, 0x0211, 0x0211, 0x01F1, 0x0211, 0x0211,
    0x0211, 0x0212, 0x0212, 0x0212, 0x0212, 0x0212, 0x0211, 0x0211, 0x020F, 0x11C9, 0x4AEA, 0x7348, 0x9B86, 0xA366, 0xC468, 0xCCA7,
    0x93EA, 0x0A10, 0x0212, 0x0212, 0x0212, 0x0211, 0x0211, 0x0211, 0x0211, 0x0211, 0x0211, 0x0211, 0x0211, 0x0211, 0x0211, 0x0211,
    0x0211, 0x0211, 0x0211, 0x0211, 0x0211, 0x0211, 0x0211, 0x01F1, 0x0211, 0x0211, 0x0211, 0x0211, 0x0211, 0x0211, 0x0211, 0x0211,
    0x0211, 0x0211, 0x0211, 0x0211, 0x0211, 0x0211, 0x0211, 0x0211, 0x0211, 0x01F1, 0x0211, 0x0211, 0x0211, 0x0211, 0x0211, 0x01F1,
    0x0211, 0x0211, 0x0211, 0x0211, 0x0211, 0x0211, 0x0211, 0x0211, 0x0211, 0x0211, 0x01F1, 0x0211, 0x0211, 0x0211, 0x0211, 0x0211,
    0x0211, 0x0211, 0x0211, 0x0211, 0x0211, 0x0211, 0x0211, 0x0211, 0x0211, 0x0211, 0x0211, 0x0211, 0x0211, 0x0211, 0x0211, 0x0211,
    0x0211, 0x0211, 0x0211, 0x0211, 0x0211, 0x0211, 0x0211, 0x0211, 0x0211, 0x0211, 0x0211, 0x01F1, 0x0211, 0x0211, 0x0211, 0x0211,
    0x0211, 0x0211, 0x0211, 0x0211, 0x0211, 0x0211, 0x0211, 0x0211, 0x0211, 0x0211, 0x0211, 0x0211, 0x0211, 0x0211, 0x0211, 0x0211,
    0x0211, 0x0211, 0x0211, 0x0211, 0x0211, 0x0211, 0x0211, 0x0211, 0x0211, 0x0211, 0x0211, 0x0211, 0x0211, 0x0211, 0x0211, 0x0211,
    0x0211, 0x0211, 0x0212, 0x0211, 0x0211, 0x0211, 0x0211, 0x0211, 0x01F1, 0x01F2, 0x0211, 0x0211, 0x0211, 0x0211, 0x0211, 0x0211,
    0x0211, 0x0211, 0x0211, 0x0211, 0x0211, 0x0211, 0x0211, 0x0211, 0x0211, 0x0211, 0x0211, 0x0211, 0x0211, 0x0211, 0x0211, 0x0211,
    0x01F1, 0x0211, 0x01F1, 0x0211, 0x0211, 0x0211, 0x0211, 0x0211, 0x0211, 0x0211, 0x0211, 0x0211, 0x0211, 0x0211, 0x0211, 0x0211,
    0x0211, 0x0211, 0x01F1, 0x0211, 0x0211, 0x0211, 0x0211, 0x0211, 0x0211, 0x0211, 0x0211, 0x0211, 0x0211, 0x0211, 0x0212, 0x0212,
    0x0211, 0x01F0, 0x01F1, 0x0212, 0x0211, 0x0211, 0x0211, 0x0211, 0x0211, 0x0211, 0x0211, 0x0211, 0x0211, 0x0211, 0x0211, 0x0211,
    0x0211, 0x0212, 0x0211, 0x0212, 0x01F0, 0x328D, 0x7C0C, 0x6347, 0x222A, 0x0A10, 0x0211, 0x0211, 0x0212, 0x0211, 0x0211, 0x0211,
    0x0211, 0x0211, 0x0211, 0x0211, 0x0211, 0x0212, 0x0211, 0x0211, 0x0211, 0x0212, 0x0211, 0x0211, 0x0211, 0x0211, 0x0211, 0x0211,
    0x0211, 0x0211, 0x0211, 0x0211, 0x0211, 0x0211, 0x0211, 0x0211, 0x0211, 0x0211, 0x0211, 0x0211, 0x0211, 0x0211, 0x0211, 0x0211,
    0x0211, 0x0211, 0x0211, 0x0211, 0x0211, 0x0211, 0x0211, 0x0211, 0x0211, 0x0211, 0x0211, 0x0211, 0x0211, 0x0211, 0x0211, 0x0211,
    0x01F1, 0x0211, 0x0211, 0x0211, 0x0211, 0x0211, 0x0211, 0x0211, 0x0211, 0x0211, 0x0211, 0x0211, 0x0211, 0x0211, 0x0211, 0x0211,
    0x0211, 0x0211, 0x0211, 0x0211, 0x01F1, 0x0211, 0x0211, 0x0211, 0x0211, 0x0211, 0x0211, 0x0211, 0x0211, 0x0211, 0x0211, 0x0211,
    0x0211, 0x0212, 0x0212, 0x0212, 0x0212, 0x0212, 0x0211, 0x0211, 0x0A0C, 0x19C4, 0x4B0A, 0x8BA9, 0xA3A6, 0xA3A6, 0xC447, 0xA3E7,
    0x52EB, 0x0211, 0x0211, 0x0211, 0x0212, 0x0211, 0x0211, 0x0212, 0x0211, 0x0211, 0x0211, 0x0211, 0x0211, 0x0211, 0x0211, 0x0211,
    0x0211, 0x0211, 0x0211, 0x0211, 0x0211, 0x01F1, 0x0211, 0x0211, 0x0211, 0x0211, 0x0211, 0x0211, 0x0211, 0x0211, 0x0211, 0x0211,
    0x0211, 0x0211, 0x0211, 0x0211, 0x0211, 0x0211, 0x0211, 0x0211, 0x0211, 0x0211, 0x0211, 0x0211, 0x0211, 0x0211, 0x0211, 0x0211,
    0x0211, 0x0211, 0x0211, 0x0211, 0x0211, 0x0211, 0x0211, 0x0211, 0x0211, 0x0211, 0x0211, 0x0211, 0x0211, 0x0211, 0x0211, 0x0211,
    0x0211, 0x0211, 0x0211, 0x0211, 0x0211, 0x0211, 0x0211, 0x0211, 0x0211, 0x0211, 0x0211, 0x0211, 0x0211, 0x0211, 0x0211, 0x0211,
    0x0211, 0x0211, 0x0211, 0x0211, 0x0211, 0x0211, 0x0211, 0x0211, 0x01F1, 0x0211, 0x0211, 0x0211, 0x0211, 0x0211, 0x0211, 0x0211,
    0x0211, 0x0211, 0x01F1, 0x0211, 0x0211, 0x0211, 0x0211, 0x0211, 0x0211, 0x01F1, 0x0211, 0x0211, 0x0211, 0x0211, 0x0211, 0x01F1,
    0x0211, 0x0211, 0x0211, 0x0211, 0x0211, 0x0211, 0x0211, 0x0211, 0x0211, 0x0211, 0x0211, 0x0211, 0x0211, 0x0211, 0x0211, 0x0211,
    0x0211, 0x0211, 0x0211, 0x0211, 0x0211, 0x0211, 0x0211, 0x0211, 0x01F1, 0x0211, 0x0211, 0x0211, 0x0211, 0x0211, 0x0211, 0x0211,
    0x0211, 0x0211, 0x0211, 0x0211, 0x0211, 0x0211, 0x0211, 0x0211, 0x0211, 0x0211, 0x0211, 0x01F1, 0x0211, 0x0211, 0x0211, 0x0211,
    0x0211, 0x0211, 0x0211, 0x0211, 0x0211, 0x0211, 0x0211, 0x0211, 0x0211, 0x0211, 0x0211, 0x0211, 0x0211, 0x0211, 0x0211, 0x0211,
    0x0211, 0x0211, 0x01F1, 0x0211, 0x0211, 0x0211, 0x0211, 0x0211, 0x0211, 0x0211, 0x0211, 0x0212, 0x0211, 0x0212, 0x0212, 0x0211,
    0x0212, 0x0212, 0x0212, 0x0211, 0x0211, 0x0211, 0x0211, 0x0211, 0x0211, 0x0211, 0x0211, 0x0211, 0x0211, 0x0211, 0x0211, 0x0211,
    0x0211, 0x0211, 0x0211, 0x0211, 0x224A, 0x7C08, 0x8426, 0x5308, 0x01F0, 0x0212, 0x0211, 0x0211, 0x0211, 0x0211, 0x0211, 0x0211,
    0x0211, 0x0211, 0x0211, 0x0212, 0x0211, 0x01F1, 0x0211, 0x0211, 0x0211, 0x0211, 0x0211, 0x0211, 0x0211, 0x0211, 0x0211, 0x0211,
    0x0211, 0x0211, 0x0211, 0x0211, 0x0211, 0x0211, 0x0211, 0x01F1, 0x0211, 0x0211, 0x0211, 0x0211, 0x0211, 0x0211, 0x0211, 0x0211,
    0x0211, 0x0211, 0x0211, 0x0211, 0x0211, 0x0211, 0x0211, 0x0211, 0x0211, 0x0211, 0x0211, 0x0211, 0x0211, 0x0211, 0x0211, 0x0211,
    0x01F1, 0x01F1, 0x0211, 0x0211, 0x0211, 0x0211, 0x0211, 0x0211, 0x0211, 0x0211, 0x0211, 0x0211, 0x0211, 0x0211, 0x0211, 0x0211,
    0x0211, 0x0211, 0x0211, 0x0211, 0x0211, 0x0211, 0x0211, 0x0211, 0x0211, 0x0211, 0x0211, 0x0211, 0x0211, 0x0211, 0x0211, 0x0211,
    0x0212, 0x0212, 0x0212, 0x0212, 0x0212, 0x0212, 0x0212, 0x0210, 0x1A28, 0x19C4, 0x638C, 0x8388, 0xA3A7, 0xA3A6, 0xA3E8, 0x324C,
    0x01F0, 0x0211, 0x0211, 0x0211, 0x0212, 0x0211, 0x0211, 0x0211, 0x0211, 0x0211, 0x0211, 0x0211, 0x0211, 0x0211, 0x0211, 0x0211,
    0x0211, 0x0211, 0x0211, 0x0211, 0x0211, 0x0211, 0x0211, 0x0211, 0x0211, 0x0211, 0x0211, 0x0211, 0x0211, 0x0211, 0x0211, 0x0211,
    0x0211, 0x0211, 0x0211, 0x0211, 0x0211, 0x0211, 0x0211, 0x0211, 0x0211, 0x0211, 0x0211, 0x0211, 0x0211, 0x0211, 0x0211, 0x0211,
    0x0211, 0x0211, 0x0211, 0x0211, 0x0211, 0x0211, 0x0211, 0x0211, 0x0211, 0x0211, 0x0211, 0x0211, 0x0211, 0x0211, 0x0211, 0x0211,
    0x0211, 0x0211, 0x0211, 0x0211, 0x0211, 0x0211, 0x0211, 0x0211, 0x0211, 0x0211, 0x0211, 0x0211, 0x0211, 0x0211, 0x0211, 0x0211,
    0x0211, 0x0211, 0x0211, 0x0211, 0x0211, 0x0211, 0x01F1, 0x01F1, 0x01F1, 0x0211, 0x0212, 0x0211, 0x0211, 0x0211, 0x0211, 0x0211,
    0x0211, 0x0211, 0x0211, 0x0211, 0x0211, 0x0211, 0x0211, 0x0211, 0x0211, 0x0211, 0x01F1, 0x0211, 0x0212, 0x0211, 0x0212, 0x0211,
    0x0211, 0x0211, 0x0211, 0x0211, 0x0211, 0x0211, 0x0211, 0x0211, 0x0211, 0x0211, 0x0211, 0x0211, 0x0211, 0x0211, 0x0211, 0x0211,
    0x0211, 0x0211, 0x0211, 0x0211, 0x0211, 0x0211, 0x0211, 0x0211, 0x0211, 0x0211, 0x0211, 0x0211, 0x0211, 0x0211, 0x0211, 0x0211,
    0x0211, 0x0211, 0x0211, 0x0211, 0x0211, 0x0211, 0x0211, 0x0211, 0x0211, 0x0211, 0x0211, 0x0211, 0x0211, 0x0211, 0x0211, 0x0211,
    0x0211, 0x0211, 0x0211, 0x0211, 0x0211, 0x0211, 0x0211, 0x0211, 0x0211, 0x0211, 0x0211, 0x0211, 0x0211, 0x0211, 0x0211, 0x0211,
    0x0211, 0x0211, 0x0211, 0x0211, 0x0211, 0x0211, 0x0211, 0x0211, 0x0211, 0x0211, 0x0211, 0x0212, 0x0211, 0x0212, 0x01F1, 0x0211,
    0x0211, 0x0211, 0x0211, 0x0211, 0x0211, 0x0211, 0x0211, 0x0211, 0x0211, 0x0211, 0x0211, 0x0211, 0x0211, 0x0211, 0x0211, 0x0211,
    0x0211, 0x0211, 0x0211, 0x0A0E, 0x3A85, 0x73E5, 0x6BC5, 0x1A2B, 0x01F1, 0x0211, 0x0211, 0x0211, 0x0211, 0x0211, 0x0211, 0x0211,
    0x0211, 0x0211, 0x0211, 0x0211, 0x0211, 0x0211, 0x0211, 0x0211, 0x0211, 0x0211, 0x0211, 0x0211, 0x0211, 0x0211, 0x0211, 0x0211,
    0x0211, 0x0211, 0x0211, 0x0211, 0x0211, 0x0211, 0x0211, 0x01F1, 0x0211, 0x0211, 0x0211, 0x0211, 0x0211, 0x0211, 0x0211, 0x0211,
    0x0211, 0x0211, 0x0211, 0x0211, 0x0211, 0x0211, 0x0211, 0x0211, 0x0211, 0x0211, 0x0211, 0x0211, 0x0211, 0x0211, 0x0211, 0x0211,
    0x0211, 0x0211, 0x0211, 0x0211, 0x0211, 0x0211, 0x0211, 0x0211, 0x0211, 0x0211, 0x0211, 0x0211, 0x0211, 0x0211, 0x0211, 0x0211,
    0x0211, 0x0211, 0x0211, 0x0211, 0x0212, 0x0211, 0x01F1, 0x0211, 0x0211, 0x0211, 0x0211, 0x0211, 0x0211, 0x0211, 0x0211, 0x0211,
    0x0212, 0x0212, 0x0212, 0x0212, 0x0212, 0x0212, 0x0212, 0x0A2F, 0x19C7, 0x7450, 0x7C50, 0x83AA, 0xA3C8, 0x9B65, 0x8B87, 0x222C,
    0x01F0, 0x0211, 0x0211, 0x0211, 0x0212, 0x0212, 0x0211, 0x0211, 0x0211, 0x0211, 0x0211, 0x0211, 0x0211, 0x0211, 0x0211, 0x0211,
    0x0211, 0x0211, 0x0211, 0x0211, 0x0211, 0x0211, 0x0211, 0x0211, 0x0211, 0x0211, 0x0211, 0x0211, 0x0211, 0x0211, 0x0211, 0x0211,
    0x0211, 0x0211, 0x0211, 0x0211, 0x0211, 0x0211, 0x0211, 0x0211, 0x0211, 0x0211, 0x0211, 0x0211, 0x01F1, 0x0211, 0x0211, 0x0211,
    0x0211, 0x0211, 0x0211, 0x0211, 0x0211, 0x0212, 0x0211, 0x0211, 0x0211, 0x0211, 0x0211, 0x0211, 0x0211, 0x0211, 0x0211, 0x0211,
    0x0211, 0x0211, 0x0211, 0x0211, 0x0211, 0x0211, 0x0211, 0x0211, 0x0211, 0x0211, 0x0211, 0x0211, 0x0211, 0x0211, 0x0211, 0x0211,
    0x0211, 0x0211, 0x0211, 0x0211, 0x0211, 0x0211, 0x0211, 0x01F1, 0x0211, 0x0211, 0x0211, 0x01F1, 0x0211, 0x0211, 0x0211, 0x0211,
    0x0211, 0x0211, 0x0211, 0x0211, 0x0211, 0x0211, 0x0211, 0x0211, 0x0211, 0x0211, 0x0211, 0x0211, 0x0211, 0x0211, 0x0211, 0x0211,
    0x0211, 0x0211, 0x0211, 0x0211, 0x0211, 0x0211, 0x0211, 0x0211, 0x0211, 0x0211, 0x0211, 0x0211, 0x0211, 0x0211, 0x0211, 0x0211,
    0x0211, 0x0211, 0x0211, 0x0211, 0x0211, 0x01F1, 0x0211, 0x0211, 0x0211, 0x0211, 0x0211, 0x0211, 0x0211, 0x0211, 0x0212, 0x0211,
    0x0211, 0x0211, 0x0211, 0x0211, 0x0211, 0x0211, 0x0211, 0x0211, 0x0211, 0x0211, 0x0211, 0x0211, 0x0211, 0x0211, 0x0211, 0x0211,
    0x0211, 0x0211, 0x0211, 0x0211, 0x0211, 0x0211, 0x0211, 0x0211, 0x0211, 0x0211, 0x0211, 0x0211, 0x0211, 0x0211, 0x0211, 0x0211,
    0x0211, 0x0211, 0x01F1, 0x0211, 0x0211, 0x0211, 0x0211, 0x0211, 0x0211, 0x0211, 0x0211, 0x0212, 0x0211, 0x0211, 0x0212, 0x0211,
    0x0211, 0x0211, 0x0211, 0x0211, 0x0211, 0x0211, 0x0211, 0x0211, 0x0211, 0x0211, 0x0211, 0x0211, 0x0211, 0x0211, 0x0211, 0x0211,
    0x0211, 0x0211, 0x0211, 0x0210, 0x1A2C, 0x2A89, 0x1A2A, 0x01F0, 0x0212, 0x0211, 0x0211, 0x0211, 0x0211, 0x0211, 0x0211, 0x0212,
    0x0211, 0x0211, 0x0211, 0x0211, 0x0211, 0x0211, 0x0211, 0x0211, 0x0211, 0x0211, 0x0211, 0x0211, 0x0211, 0x0211, 0x0211, 0x0211,
    0x0211, 0x0211, 0x0211, 0x0211, 0x0211, 0x0211, 0x0211, 0x0211, 0x0211, 0x0211, 0x0211, 0x0211, 0x0211, 0x0211, 0x0211, 0x0211,
    0x0211, 0x0211, 0x0211, 0x0211, 0x0211, 0x0211, 0x0211, 0x0211, 0x0211, 0x0211, 0x0211, 0x0211, 0x0211, 0x0211, 0x0211, 0x0211,
    0x0211, 0x0211, 0x0211, 0x0211, 0x0211, 0x0211, 0x0211, 0x0211, 0x0211, 0x0211, 0x0211, 0x0211, 0x0211, 0x0211, 0x0211, 0x0211,
    0x0211, 0x0211, 0x0211, 0x0211, 0x0211, 0x0211, 0x0211, 0x0211, 0x0211, 0x0211, 0x0211, 0x0211, 0x0211, 0x0211, 0x0211, 0x0211,
    0x0212, 0x0212, 0x0212, 0x0212, 0x0212, 0x0212, 0x0212, 0x0A31, 0x19EA, 0x84B2, 0x7C2F, 0x942B, 0xC489, 0xABE7, 0xABE6, 0xA449,
    0x42CC, 0x01D0, 0x0212, 0x0211, 0x0211, 0x0212, 0x0211, 0x0211, 0x0211, 0x0211, 0x0211, 0x0211, 0x0211, 0x0211, 0x0211, 0x0211,
    0x0211, 0x0211, 0x0211, 0x0211, 0x0211, 0x01F1, 0x0211, 0x0211, 0x0211, 0x0211, 0x0211, 0x0211, 0x0211, 0x0211, 0x0211, 0x0211,
    0x0211, 0x0211, 0x0211, 0x0211, 0x0211, 0x0211, 0x0211, 0x0211, 0x0211, 0x0211, 0x0211, 0x0211, 0x0211, 0x0211, 0x0211, 0x0211,
    0x0211, 0x0211, 0x0211, 0x0211, 0x0211, 0x0211, 0x0211, 0x0211, 0x0211, 0x0211, 0x0211, 0x0211, 0x0211, 0x0211, 0x0211, 0x0211,
    0x0211, 0x0211, 0x0211, 0x0211, 0x0211, 0x0211, 0x0211, 0x0211, 0x0211, 0x0211, 0x0211, 0x0211, 0x0211, 0x0211, 0x0211, 0x0211,
    0x0211, 0x0211, 0x0211, 0x0211, 0x0211, 0x0211, 0x0211, 0x0211, 0x0211, 0x01F1, 0x0211, 0x0211, 0x0211, 0x0211, 0x0211, 0x0211,
    0x0211, 0x0211, 0x0211, 0x0211, 0x0211, 0x0211, 0x0211, 0x0211, 0x0211, 0x0211, 0x0211, 0x0211, 0x0211, 0x0211, 0x0211, 0x0211,
    0x0211, 0x0211, 0x0211, 0x0211, 0x0211, 0x0211, 0x0211, 0x0211, 0x0211, 0x0212, 0x0212, 0x0211, 0x0211, 0x0211, 0x0211, 0x0211,
    0x0211, 0x0211, 0x0211, 0x01F1, 0x01F1, 0x0211, 0x0211, 0x0211, 0x0211, 0x0211, 0x0211, 0x0211, 0x0211, 0x0211, 0x0211, 0x0211,
    0x0211, 0x0211, 0x0211, 0x0211, 0x0211, 0x0211, 0x0211, 0x0211, 0x0211, 0x0211, 0x0211, 0x0211, 0x0211, 0x0211, 0x0211, 0x0211,
    0x0211, 0x0211, 0x0211, 0x0211, 0x0211, 0x0211, 0x0211, 0x0211, 0x0211, 0x0211, 0x0211, 0x0211, 0x0211, 0x01F1, 0x0211, 0x0211,
    0x0211, 0x0211, 0x01F1, 0x0211, 0x0211, 0x0211, 0x0211, 0x0211, 0x0211, 0x0211, 0x0211, 0x0211, 0x0211, 0x0211, 0x0212, 0x0211,
    0x0211, 0x0211, 0x0211, 0x0211, 0x0211, 0x0211, 0x0211, 0x0211, 0x0211, 0x0211, 0x0211, 0x0211, 0x0211, 0x0211, 0x0211, 0x0211,
    0x0211, 0x0211, 0x0211, 0x0211, 0x0211, 0x01F1, 0x01F1, 0x0212, 0x0211, 0x0211, 0x0211, 0x0211, 0x0211, 0x0211, 0x0211, 0x0212,
    0x0211, 0x0211, 0x0211, 0x0211, 0x0211, 0x0211, 0x0211, 0x0211, 0x0211, 0x0211, 0x0211, 0x0211, 0x0211, 0x0211, 0x0211, 0x0211,
    0x0211, 0x0211, 0x0211, 0x0211, 0x0211, 0x0211, 0x0211, 0x0211, 0x0211, 0x0211, 0x0211, 0x0211, 0x0211, 0x0211, 0x0211, 0x0212,
    0x0211, 0x0211, 0x01F1, 0x0211, 0x0211, 0x0211, 0x0211, 0x0211, 0x0211, 0x0211, 0x0211, 0x0211, 0x0211, 0x0211, 0x0211, 0x0211,
    0x0211, 0x0211, 0x0211, 0x0211, 0x0211, 0x0212, 0x0211, 0x0211, 0x0211, 0x0211, 0x0211, 0x0211, 0x0211, 0x0211, 0x0211, 0x0211,
    0x0211, 0x0211, 0x0211, 0x0211, 0x0211, 0x0211, 0x0211, 0x0211, 0x0211, 0x0211, 0x0211, 0x0211, 0x0211, 0x0211, 0x0211, 0x0212,
    0x0212, 0x0212, 0x0212, 0x0212, 0x0212, 0x0212, 0x0212, 0x122F, 0x2A49, 0x63EF, 0x94F1, 0xAC8B, 0xABC6, 0xA3C6, 0xAC06, 0x9C08,
    0x326C, 0x01F0, 0x0211, 0x0211, 0x0211, 0x0211, 0x0211, 0x01F1, 0x0211, 0x0212, 0x0211, 0x0211, 0x0211, 0x0211, 0x0211, 0x0211,
    0x0211, 0x0211, 0x0211, 0x0211, 0x0211, 0x0211, 0x0211, 0x0211, 0x0211, 0x0211, 0x0211, 0x0211, 0x0211, 0x0211, 0x0211, 0x0211,
    0x0211, 0x0212, 0x0211, 0x0211, 0x0211, 0x0211, 0x0211, 0x0211, 0x0211, 0x0211, 0x0211, 0x0211, 0x0211, 0x0211, 0x0211, 0x0211,
    0x0211, 0x0211, 0x0211, 0x0211, 0x0211, 0x0211, 0x0211, 0x0211, 0x0211, 0x0211, 0x0211, 0x0211, 0x0211, 0x0211, 0x0211, 0x0211,
    0x0211, 0x0211, 0x0211, 0x0211, 0x0211, 0x0211, 0x0211, 0x0211, 0x0211, 0x0211, 0x0211, 0x0211, 0x0211, 0x0211, 0x0212, 0x0211,
    0x0211, 0x0211, 0x0211, 0x0211, 0x0211, 0x0211, 0x0211, 0x0211, 0x0211, 0x0211, 0x0211, 0x0211, 0x0211, 0x0211, 0x0211, 0x0211,
    0x0211, 0x0211, 0x0211, 0x0211, 0x0211, 0x0211, 0x0211, 0x0211, 0x0211, 0x0211, 0x0211, 0x0211, 0x0211, 0x0211, 0x0211, 0x0211,
    0x0211, 0x0211, 0x0211, 0x0211, 0x0211, 0x0211, 0x0211, 0x0211, 0x0212, 0x01D1, 0x01D1, 0x0212, 0x0212, 0x0211, 0x0211, 0x0211,
    0x0211, 0x0211, 0x0211, 0x0211, 0x0211, 0x0211, 0x0211, 0x0211, 0x0211, 0x0211, 0x0211, 0x0211, 0x0211, 0x0211, 0x0211, 0x0212,
    0x0211, 0x0211, 0x0211, 0x0211, 0x0211, 0x0211, 0x0211, 0x0211, 0x01F1, 0x0211, 0x0211, 0x0211, 0x0211, 0x0211, 0x0211, 0x0211,
    0x0211, 0x0211, 0x0211, 0x0211, 0x0211, 0x0211, 0x0211, 0x0211, 0x0211, 0x0211, 0x0211, 0x0211, 0x0211, 0x0211, 0x0211, 0x0211,
    0x0211, 0x0211, 0x0211, 0x0211, 0x0211, 0x0211, 0x0211, 0x0211, 0x0211, 0x0211, 0x0211, 0x0211, 0x0211, 0x0211, 0x0211, 0x0211,
    0x0211, 0x0211, 0x0211, 0x01F1, 0x0211, 0x0211, 0x0211, 0x0211, 0x0211, 0x0211, 0x0211, 0x0211, 0x0211, 0x0211, 0x0211, 0x0211,
    0x0211, 0x0211, 0x0211, 0x0211, 0x0211, 0x0211, 0x0211, 0x0211, 0x0211, 0x0211, 0x0211, 0x0211, 0x0211, 0x0211, 0x0211, 0x0211,
    0x0211, 0x0211, 0x0211, 0x0211, 0x0211, 0x0211, 0x0211, 0x0211, 0x0211, 0x0211, 0x0211, 0x0211, 0x0211, 0x0211, 0x0211, 0x0211,
    0x0211, 0x0211, 0x0211, 0x0211, 0x0211, 0x0211, 0x0211, 0x0211, 0x0211, 0x0211, 0x0211, 0x0211, 0x0211, 0x0211, 0x0211, 0x0211,
    0x0211, 0x0212, 0x0211, 0x0211, 0x0211, 0x0211, 0x0211, 0x0211, 0x0211, 0x0211, 0x0211, 0x0211, 0x0211, 0x0211, 0x0211, 0x0211,
    0x0211, 0x0211, 0x0211, 0x0211, 0x0211, 0x0211, 0x0211, 0x0211, 0x0211, 0x0211, 0x0211, 0x0211, 0x0211, 0x0211, 0x0211, 0x0211,
    0x0211, 0x0211, 0x0211, 0x0211, 0x0211, 0x0211, 0x0211, 0x0211, 0x0211, 0x0212, 0x0211, 0x0211, 0x0211, 0x0211, 0x0211, 0x0211,
    0x0212, 0x0212, 0x0212, 0x0212, 0x0212, 0x0212, 0x0212, 0x120D, 0x532B, 0xBE79, 0xA511, 0xAC29, 0xABE6, 0xAC06, 0xA408, 0x2A4B,
    0x01D0, 0x0211, 0x0211, 0x01F1, 0x0211, 0x0211, 0x0211, 0x0211, 0x0211, 0x0211, 0x0211, 0x0211, 0x0211, 0x0211, 0x0211, 0x0211,
    0x0211, 0x0211, 0x0211, 0x0211, 0x0211, 0x0211, 0x0211, 0x0212, 0x0212, 0x0211, 0x0211, 0x0211, 0x0211, 0x0212, 0x0211, 0x0211,
    0x0211, 0x0211, 0x0211, 0x0211, 0x0211, 0x0211, 0x0211, 0x0211, 0x0211, 0x0211, 0x0211, 0x0211, 0x0211, 0x0211, 0x0211, 0x0211,
    0x0211, 0x0211, 0x0212, 0x0211, 0x0211, 0x0211, 0x0211, 0x0211, 0x0211, 0x0211, 0x0211, 0x0211, 0x0211, 0x0211, 0x0211, 0x0211,
    0x0211, 0x0211, 0x0211, 0x0211, 0x0211, 0x0211, 0x0212, 0x0211, 0x0211, 0x0211, 0x0211, 0x0211, 0x0211, 0x0211, 0x0212, 0x0211,
    0x0211, 0x0211, 0x0211, 0x0211, 0x0211, 0x0211, 0x0211, 0x0211, 0x0211, 0x0211, 0x0211, 0x0211, 0x0211, 0x0211, 0x0211, 0x0211,
    0x0211, 0x0212, 0x0211, 0x0211, 0x0211, 0x0211, 0x0211, 0x0211, 0x0211, 0x0211, 0x0211, 0x0211, 0x0211, 0x0211, 0x0211, 0x0212,
    0x0211, 0x0211, 0x0211, 0x0211, 0x0211, 0x0211, 0x0211, 0x0212, 0x01F1, 0x2AF1, 0x2AD1, 0x01F0, 0x0211, 0x0211, 0x0211, 0x0211,
    0x0211, 0x0211, 0x0211, 0x0211, 0x0211, 0x0211, 0x0211, 0x0211, 0x0211, 0x0211, 0x0211, 0x0211, 0x0211, 0x0211, 0x0211, 0x0211,
    0x0211, 0x0211, 0x0211, 0x0211, 0x0211, 0x0211, 0x0211, 0x0211, 0x0211, 0x0211, 0x0211, 0x0211, 0x0211, 0x0211, 0x0211, 0x0211,
    0x0211, 0x0211, 0x0211, 0x0211, 0x0211, 0x0211, 0x0211, 0x0211, 0x0211, 0x0211, 0x0211, 0x0211, 0x0211, 0x0211, 0x0211, 0x0211,
    0x0211, 0x0211, 0x0211, 0x0211, 0x0211, 0x0211, 0x0211, 0x0211, 0x0211, 0x0211, 0x0211, 0x0211, 0x0211, 0x0211, 0x0211, 0x0211,
    0x0211, 0x0211, 0x0211, 0x0211, 0x0211, 0x0211, 0x0211, 0x0211, 0x0211, 0x0211, 0x0211, 0x0211, 0x0211, 0x0211, 0x0211, 0x0211,
    0x0211, 0x0211, 0x0211, 0x0211, 0x0211, 0x0211, 0x0211, 0x0211, 0x0211, 0x0211, 0x0211, 0x0211, 0x0211, 0x0211, 0x0211, 0x0211,
    0x0211, 0x0211, 0x0211, 0x0211, 0x0211, 0x0211, 0x0211, 0x0211, 0x0211, 0x0211, 0x0211, 0x0211, 0x0211, 0x0212, 0x0211, 0x0211,
    0x0211, 0x0211, 0x0211, 0x0211, 0x0211, 0x0211, 0x0211, 0x0211, 0x0211, 0x0211, 0x0211, 0x0211, 0x0211, 0x0211, 0x0211, 0x0211,
    0x0211, 0x0211, 0x0211, 0x0211, 0x0211, 0x0211, 0x0211, 0x0211, 0x0211, 0x0211, 0x0211, 0x0211, 0x0211, 0x0211, 0x0211, 0x0211,
    0x0211, 0x0211, 0x0211, 0x0211, 0x0211, 0x0211, 0x0212, 0x0211, 0x0211, 0x0211, 0x0211, 0x0211, 0x0211, 0x0211, 0x0211, 0x0211,
    0x0211, 0x0211, 0x0211, 0x0211, 0x0211, 0x0212, 0x0211, 0x0211, 0x0212, 0x0212, 0x0211, 0x0211, 0x0211, 0x0211, 0x0211, 0x0212,
    0x0212, 0x0212, 0x0212, 0x0212, 0x0212, 0x0212, 0x0212, 0x1A2E, 0x5B6D, 0xADD6, 0xA4AD, 0xB489, 0xBC67, 0xB426, 0x7369, 0x01EF,
    0x0211, 0x0211, 0x01F1, 0x01F1, 0x01F1, 0x0211, 0x0211, 0x0211, 0x0212, 0x0212, 0x0211, 0x0211, 0x0211, 0x0211, 0x0211, 0x0211,
    0x0211, 0x0211, 0x0211, 0x0212, 0x0211, 0x0211, 0x0211, 0x0212, 0x0211, 0x0211, 0x0212, 0x0211, 0x0211, 0x0211, 0x0211, 0x0211,
    0x0211, 0x0211, 0x0211, 0x0211, 0x0211, 0x0211, 0x0211, 0x0211, 0x0211, 0x0212, 0x0211, 0x0211, 0x0211, 0x0211, 0x0211, 0x0211,
    0x0211, 0x0211, 0x0211, 0x0211, 0x0211, 0x0211, 0x0211, 0x0211, 0x0211, 0x0211, 0x0211, 0x0211, 0x0211, 0x0211, 0x0211, 0x0211,
    0x0211, 0x0211, 0x0211, 0x0211, 0x0211, 0x0211, 0x0211, 0x0212, 0x0211, 0x0211, 0x0211, 0x0211, 0x0211, 0x0211, 0x0211, 0x0211,
    0x0211, 0x0211, 0x0211, 0x0211, 0x0211, 0x0211, 0x0211, 0x0211, 0x0211, 0x0211, 0x0211, 0x0212, 0x0212, 0x0211, 0x0211, 0x0211,
    0x0211, 0x0211, 0x0211, 0x0211, 0x0211, 0x0211, 0x0211, 0x0211, 0x0211, 0x0211, 0x0211, 0x0211, 0x0211, 0x0211, 0x0212, 0x0212,
    0x0211, 0x0212, 0x0211, 0x0211, 0x0212, 0x0211, 0x0211, 0x0212, 0x01D1, 0x3B12, 0x4B92, 0x01F0, 0x0212, 0x0211, 0x0211, 0x0211,
    0x0211, 0x0211, 0x0211, 0x0211, 0x0211, 0x0212, 0x0212, 0x0212, 0x0212, 0x0212, 0x0211, 0x0211, 0x0211, 0x0211, 0x0211, 0x0211,
    0x0211, 0x0211, 0x0211, 0x0211, 0x0211, 0x0211, 0x0211, 0x0211, 0x01F1, 0x0211, 0x0211, 0x0211, 0x0212, 0x0211, 0x0211, 0x0211,
    0x0211, 0x0211, 0x0211, 0x0211, 0x0211, 0x0211, 0x0211, 0x0211, 0x0211, 0x0211, 0x0211, 0x0211, 0x0211, 0x0211, 0x0211, 0x0211,
    0x0211, 0x0211, 0x0211, 0x0211, 0x0211, 0x0211, 0x0211, 0x0212, 0x0211, 0x0212, 0x0211, 0x0211, 0x0211, 0x0211, 0x0211, 0x0211,
    0x0211, 0x0211, 0x0211, 0x0211, 0x0211, 0x0211, 0x0211, 0x0211, 0x0211, 0x0211, 0x0211, 0x0212, 0x0211, 0x0211, 0x0211, 0x0212,
    0x0211, 0x0212, 0x0212, 0x0212, 0x0211, 0x0211, 0x0211, 0x0211, 0x0211, 0x0211, 0x0211, 0x0211, 0x0211, 0x0211, 0x0211, 0x0211,
    0x0211, 0x0211, 0x0211, 0x0211, 0x0211, 0x0211, 0x0211, 0x0211, 0x0211, 0x0211, 0x0211, 0x0211, 0x0211, 0x0211, 0x0211, 0x0211,
    0x0211, 0x0211, 0x0211, 0x0211, 0x0211, 0x0211, 0x0211, 0x0211, 0x0211, 0x0211, 0x0211, 0x0211, 0x0211, 0x0211, 0x0211, 0x0211,
    0x0211, 0x0211, 0x0211, 0x0211, 0x0211, 0x0211, 0x01F1, 0x0211, 0x0211, 0x0211, 0x0211, 0x0211, 0x0211, 0x0211, 0x0211, 0x0211,
    0x0211, 0x0211, 0x0211, 0x0211, 0x0212, 0x0211, 0x0211, 0x0211, 0x0211, 0x0211, 0x0211, 0x0211, 0x0211, 0x0211, 0x0211, 0x0211,
    0x0211, 0x0211, 0x0211, 0x0211, 0x0212, 0x0211, 0x0211, 0x0211, 0x0211, 0x0212, 0x0211, 0x0211, 0x0211, 0x0211, 0x0211, 0x0211,
    0x0211, 0x0211, 0x0212, 0x0211, 0x0211, 0x0212, 0x0212, 0x120F, 0x4B0D, 0x9D55, 0xA44B, 0xC4C9, 0xC4A7, 0x83A9, 0x122E, 0x0211,
    0x0211, 0x0211, 0x0211, 0x0211, 0x0211, 0x01F2, 0x01F2, 0x01F2, 0x0212, 0x0212, 0x0211, 0x0211, 0x0211, 0x0211, 0x0211, 0x0211,
    0x0211, 0x0212, 0x0212, 0x0211, 0x0211, 0x0211, 0x0212, 0x0211, 0x0211, 0x0211, 0x0211, 0x0212, 0x0211, 0x0211, 0x0211, 0x0211,
    0x0211, 0x0211, 0x0211, 0x0211, 0x0211, 0x0211, 0x0211, 0x0211, 0x0211, 0x0211, 0x0211, 0x0211, 0x0211, 0x0211, 0x0211, 0x0211,
    0x0211, 0x0211, 0x0211, 0x0212, 0x0211, 0x0211, 0x0211, 0x0211, 0x0211, 0x0211, 0x0211, 0x0211, 0x0211, 0x0211, 0x0211, 0x0211,
    0x0211, 0x0211, 0x0211, 0x0211, 0x0211, 0x0211, 0x0211, 0x0211, 0x0211, 0x0211, 0x0211, 0x0211, 0x0211, 0x0211, 0x0211, 0x0211,
    0x0211, 0x0211, 0x0211, 0x0211, 0x0211, 0x0211, 0x0211, 0x0211, 0x0211, 0x0212, 0x0212, 0x0211, 0x0211, 0x0211, 0x0211, 0x0211,
    0x0211, 0x0211, 0x0211, 0x0211, 0x0211, 0x0211, 0x0211, 0x0211, 0x0211, 0x0211, 0x0211, 0x0211, 0x0211, 0x0211, 0x0211, 0x0212,
    0x0212, 0x0211, 0x0211, 0x0211, 0x0211, 0x0211, 0x0211, 0x0211, 0x0212, 0x01D1, 0x01D0, 0x0211, 0x0211, 0x0211, 0x0211, 0x0211,
    0x0212, 0x0211, 0x0211, 0x0211, 0x0211, 0x0211, 0x0211, 0x0211, 0x0211, 0x0211, 0x0211, 0x0211, 0x0211, 0x0211, 0x0211, 0x0211,
    0x0211, 0x0211, 0x0211, 0x0211, 0x0211, 0x0211, 0x0211, 0x0211, 0x0211, 0x0211, 0x0211, 0x0211, 0x0211, 0x0212, 0x0211, 0x0211,
    0x0211, 0x0211, 0x0211, 0x0211, 0x0211, 0x0211, 0x0211, 0x0211, 0x0211, 0x0211, 0x0211, 0x0211, 0x0211, 0x0211, 0x0211, 0x0211,
    0x0211, 0x0211, 0x0211, 0x0211, 0x0211, 0x0211, 0x0212, 0x0212, 0x0211, 0x0211, 0x0211, 0x0211, 0x0211, 0x0211, 0x0211, 0x0211,
    0x0211, 0x0211, 0x0211, 0x0211, 0x0211, 0x0211, 0x0211, 0x0211, 0x0211, 0x0211, 0x0211, 0x0211, 0x0211, 0x0211, 0x0211, 0x0211,
    0x0211, 0x0212, 0x0211, 0x0211, 0x0211, 0x0211, 0x0211, 0x0211, 0x0211, 0x0211, 0x0211, 0x0211, 0x0211, 0x0211, 0x0211, 0x0211,
    0x0211, 0x0211, 0x0211, 0x0211, 0x0211, 0x0211, 0x0211, 0x0211, 0x0211, 0x0211, 0x0211, 0x0211, 0x0211, 0x0211, 0x0211, 0x0211,
    0x0211, 0x0211, 0x0211, 0x0211, 0x0211, 0x0211, 0x0211, 0x0211, 0x0211, 0x0211, 0x0211, 0x0211, 0x0211, 0x0211, 0x0211, 0x0211,
    0x0211, 0x0211, 0x0211, 0x0211, 0x0211, 0x0211, 0x0211, 0x0211, 0x0211, 0x0211, 0x0211, 0x0211, 0x0211, 0x0212, 0x0211, 0x0211,
    0x0211, 0x0212, 0x0211, 0x0211, 0x0211, 0x0211, 0x0211, 0x0211, 0x0211, 0x0212, 0x0211, 0x0211, 0x0211, 0x0211, 0x0211, 0x0211,
    0x0211, 0x0211, 0x0211, 0x0211, 0x0211, 0x0211, 0x0211, 0x0211, 0x0211, 0x0211, 0x0211, 0x0211, 0x0211, 0x0211, 0x0211, 0x0211,
    0x0211, 0x0211, 0x0211, 0x0211, 0x0211, 0x0211, 0x0212, 0x0A30, 0x2A6B, 0x8CD3, 0x9C2B, 0xB407, 0xBC46, 0x632A, 0x01F1, 0x0232,
    0x0232, 0x0212, 0x0211, 0x0211, 0x0211, 0x0A2F, 0x122E, 0x0A30, 0x0211, 0x0211, 0x0211, 0x0211, 0x0211, 0x0211, 0x0211, 0x0211,
    0x0211, 0x0211, 0x0211, 0x0211, 0x0211, 0x0211, 0x0212, 0x0211, 0x0211, 0x0211, 0x0211, 0x0211, 0x0211, 0x0211, 0x0211, 0x0211,
    0x0211, 0x0211, 0x0211, 0x0211, 0x0211, 0x0211, 0x0211, 0x0211, 0x0211, 0x0211, 0x0211, 0x0211, 0x0211, 0x0211, 0x0211, 0x0211,
    0x0211, 0x0211, 0x0211, 0x0211, 0x0211, 0x0211, 0x0211, 0x0211, 0x0211, 0x0211, 0x0211, 0x0211, 0x0211, 0x0211, 0x0211, 0x0211,
    0x0212, 0x0211, 0x0211, 0x0211, 0x0211, 0x0211, 0x0211, 0x0211, 0x0211, 0x0211, 0x0211, 0x0211, 0x0211, 0x0211, 0x0211, 0x0211,
    0x0211, 0x0211, 0x0211, 0x0211, 0x0211, 0x0211, 0x0211, 0x0211, 0x0211, 0x0212, 0x0211, 0x0211, 0x0211, 0x0211, 0x0211, 0x0211,
    0x0211, 0x0211, 0x0211, 0x0211, 0x0211, 0x0211, 0x0211, 0x0211, 0x0211, 0x0211, 0x0211, 0x0211, 0x0211, 0x0212, 0x0211, 0x0211,
    0x0211, 0x0211, 0x0211, 0x0211, 0x0211, 0x0211, 0x0211, 0x0211, 0x0211, 0x0212, 0x0212, 0x0211, 0x0211, 0x0211, 0x0211, 0x0211,
    0x0211, 0x0211, 0x0212, 0x0212, 0x0211, 0x0211, 0x0211, 0x0211, 0x0211, 0x0211, 0x0211, 0x0211, 0x0211, 0x0211, 0x0211, 0x0211,
    0x0211, 0x0211, 0x0211, 0x0211, 0x0211, 0x0211, 0x0211, 0x0211, 0x0211, 0x0211, 0x0211, 0x0211, 0x0211, 0x0211, 0x0211, 0x0211,
    0x0211, 0x0211, 0x0211, 0x0211, 0x0211, 0x0211, 0x0211, 0x0211, 0x0211, 0x0211, 0x0211, 0x0211, 0x0211, 0x0211, 0x0211, 0x0211,
    0x0211, 0x0211, 0x0211, 0x0211, 0x0211, 0x0211, 0x0211, 0x0211, 0x0211, 0x0211, 0x0211, 0x0211, 0x0211, 0x0211, 0x0211, 0x0211,
    0x0211, 0x0211, 0x0211, 0x0211, 0x0211, 0x0211, 0x0211, 0x0211, 0x0211, 0x0211, 0x0211, 0x0211, 0x0211, 0x0211, 0x0211, 0x0211,
    0x0211, 0x0212, 0x0211, 0x0A10, 0x01F1, 0x0212, 0x0211, 0x0211, 0x0211, 0x0211, 0x0211, 0x0211, 0x0211, 0x0211, 0x0211, 0x0211,
    0x0211, 0x0211, 0x0211, 0x0211, 0x0211, 0x0211, 0x0211, 0x0211, 0x0211, 0x0211, 0x0211, 0x0211, 0x0211, 0x0211, 0x0211, 0x0211,
    0x0211, 0x0211, 0x0211, 0x0211, 0x0211, 0x0211, 0x0211, 0x0211, 0x0211, 0x0211, 0x0211, 0x0211, 0x0211, 0x0211, 0x0211, 0x0211,
    0x0211, 0x0211, 0x0211, 0x0211, 0x0211, 0x0211, 0x0211, 0x0211, 0x0211, 0x0211, 0x0212, 0x0211, 0x0211, 0x0211, 0x0211, 0x0211,
    0x0211, 0x0211, 0x0212, 0x0211, 0x0211, 0x0211, 0x0211, 0x0211, 0x0211, 0x0211, 0x0211, 0x0211, 0x0211, 0x0211, 0x0211, 0x0211,
    0x0211, 0x0211, 0x0211, 0x0211, 0x0211, 0x0211, 0x0211, 0x0211, 0x0211, 0x0211, 0x0211, 0x0211, 0x0211, 0x0211, 0x0211, 0x0211,
    0x0211, 0x0211, 0x0211, 0x0211, 0x0211, 0x0211, 0x0212, 0x0A10, 0x2A4B, 0x536D, 0x738A, 0x9BE6, 0xAC25, 0x7389, 0x0A2F, 0x0212,
    0x0232, 0x0212, 0x0212, 0x0211, 0x122F, 0x4ACA, 0x5309, 0x226D, 0x01F1, 0x0212, 0x0211, 0x0211, 0x0211, 0x0211, 0x0211, 0x0211,
    0x0211, 0x0211, 0x0211, 0x0211, 0x0211, 0x0212, 0x0211, 0x0211, 0x0211, 0x0211, 0x0211, 0x0211, 0x0211, 0x0211, 0x0211, 0x0211,
    0x0211, 0x0211, 0x0211, 0x0211, 0x0211, 0x0211, 0x0211, 0x0211, 0x0211, 0x0211, 0x0211, 0x0212, 0x0211, 0x0211, 0x0212, 0x0211,
    0x0211, 0x0211, 0x0211, 0x0211, 0x0211, 0x0211, 0x0211, 0x0211, 0x0211, 0x0211, 0x0211, 0x0211, 0x0211, 0x0212, 0x0211, 0x0211,
    0x0211, 0x0211, 0x0211, 0x0211, 0x0211, 0x0211, 0x0211, 0x0211, 0x0211, 0x0211, 0x0211, 0x0211, 0x0211, 0x0211, 0x0211, 0x0211,
    0x0211, 0x0211, 0x0211, 0x0211, 0x0211, 0x0211, 0x0211, 0x0211, 0x0211, 0x0212, 0x0211, 0x0211, 0x0212, 0x0211, 0x0211, 0x0211,
    0x0211, 0x0211, 0x0211, 0x0211, 0x0211, 0x0211, 0x0211, 0x0211, 0x0211, 0x0211, 0x0211, 0x0211, 0x0211, 0x0211, 0x0211, 0x0211,
    0x0211, 0x0212, 0x0211, 0x0211, 0x0211, 0x0211, 0x0211, 0x0211, 0x0211, 0x0211, 0x0211, 0x0211, 0x0211, 0x0212, 0x0211, 0x0211,
    0x0211, 0x0211, 0x0211, 0x0211, 0x0211, 0x0211, 0x0211, 0x0212, 0x0211, 0x0212, 0x0211, 0x0211, 0x0211, 0x0211, 0x0211, 0x0211,
    0x0211, 0x0211, 0x0211, 0x0211, 0x0211, 0x0211, 0x0211, 0x0211, 0x0212, 0x0211, 0x0211, 0x0211, 0x0211, 0x0211, 0x0211, 0x0211,
    0x0211, 0x0211, 0x0211, 0x0211, 0x0211, 0x0211, 0x0211, 0x0211, 0x0211, 0x0211, 0x0211, 0x0211, 0x0211, 0x0211, 0x0211, 0x0211,
    0x0211, 0x0212, 0x0211, 0x0212, 0x0211, 0x0211, 0x0211, 0x0212, 0x0211, 0x0211, 0x0212, 0x0211, 0x0211, 0x0211, 0x0211, 0x0211,
    0x0211, 0x0211, 0x0211, 0x0211, 0x0211, 0x0211, 0x0211, 0x0211, 0x0211, 0x0212, 0x0211, 0x0211, 0x0211, 0x0211, 0x0211, 0x0211,
    0x0211, 0x0211, 0x0211, 0x01F1, 0x0211, 0x01F1, 0x0211, 0x0211, 0x0211, 0x0211, 0x0211, 0x0211, 0x0211, 0x0211, 0x0211, 0x0211,
    0x0211, 0x0211, 0x0211, 0x0211, 0x0211, 0x0211, 0x0211, 0x0211, 0x0211, 0x0211, 0x0211, 0x0211, 0x0211, 0x0211, 0x0211, 0x0211,
    0x0211, 0x0211, 0x0211, 0x0211, 0x0211, 0x0211, 0x0211, 0x0211, 0x0211, 0x0211, 0x0211, 0x0211, 0x0211, 0x0211, 0x0211, 0x0211,
    0x0211, 0x0211, 0x0211, 0x0211, 0x0211, 0x0211, 0x0211, 0x0211, 0x0211, 0x0211, 0x0211, 0x0211, 0x0211, 0x0211, 0x0211, 0x0211,
    0x0211, 0x0211, 0x0211, 0x0211, 0x0211, 0x0211, 0x0211, 0x0211, 0x0211, 0x0211, 0x0211, 0x0211, 0x0211, 0x0211, 0x0211, 0x0211,
    0x0211, 0x0211, 0x0211, 0x0211, 0x0211, 0x0211, 0x0211, 0x0211, 0x0211, 0x0211, 0x0211, 0x0211, 0x0211, 0x0211, 0x0211, 0x0211,
    0x01F1, 0x0211, 0x0211, 0x0211, 0x0211, 0x0211, 0x0211, 0x0211, 0x120C, 0x5B6E, 0x638C, 0x6347, 0x6348, 0x5B68, 0x1A6E, 0x0212,
    0x0211, 0x0212, 0x0212, 0x0212, 0x0211, 0x0A0F, 0x0A0F, 0x01F1, 0x0212, 0x0211, 0x0211, 0x0211, 0x0211, 0x0211, 0x0211, 0x0211,
    0x0211, 0x0211, 0x0211, 0x0211, 0x0211, 0x0211, 0x0211, 0x0211, 0x0211, 0x0211, 0x0212, 0x0211, 0x0211, 0x0211, 0x0211, 0x0211,
    0x0211, 0x0211, 0x0211, 0x0211, 0x0211, 0x0211, 0x0211, 0x0211, 0x0211, 0x0211, 0x0211, 0x0212, 0x0212, 0x0211, 0x0211, 0x0211,
    0x0211, 0x0211, 0x0211, 0x0211, 0x0211, 0x0211, 0x0211, 0x0211, 0x0211, 0x0211, 0x0211, 0x0211, 0x0211, 0x0211, 0x0211, 0x0211,
    0x01F1, 0x0211, 0x0211, 0x0211, 0x0211, 0x0211, 0x0211, 0x0211, 0x0211, 0x0211, 0x0211, 0x0211, 0x0211, 0x0211, 0x0211, 0x0211,
    0x0211, 0x0211, 0x0211, 0x0211, 0x0211, 0x0211, 0x0211, 0x0211, 0x0211, 0x0211, 0x0211, 0x0211, 0x0211, 0x0211, 0x0211, 0x0211,
    0x0211, 0x0211, 0x0211, 0x0211, 0x0211, 0x0211, 0x0211, 0x0211, 0x0211, 0x0211, 0x0211, 0x0211, 0x0211, 0x0211, 0x0211, 0x0211,
    0x0211, 0x0211, 0x0211, 0x0211, 0x0211, 0x0211, 0x0211, 0x0211, 0x0211, 0x0211, 0x0211, 0x0211, 0x01F1, 0x0211, 0x0211, 0x0211,
    0x0211, 0x0211, 0x0211, 0x0211, 0x0211, 0x0211, 0x0211, 0x0211, 0x0211, 0x0211, 0x0211, 0x0211, 0x0211, 0x0211, 0x0211, 0x0211,
    0x0211, 0x0211, 0x0211, 0x0211, 0x0211, 0x0211, 0x0211, 0x0211, 0x0211, 0x0211, 0x0211, 0x0211, 0x0211, 0x0211, 0x0211, 0x0211,
    0x0211, 0x0211, 0x0211, 0x0211, 0x0211, 0x0211, 0x0211, 0x0211, 0x0211, 0x0211, 0x0211, 0x0211, 0x0211, 0x0211, 0x0211, 0x0211,
    0x0212, 0x0211, 0x0211, 0x0211, 0x0211, 0x0211, 0x0211, 0x0211, 0x0211, 0x0211, 0x0211, 0x0211, 0x0211, 0x0211, 0x0211, 0x0211,
    0x0211, 0x0211, 0x0211, 0x0211, 0x0211, 0x0211, 0x0211, 0x0211, 0x0211, 0x0211, 0x0211, 0x0211, 0x0211, 0x0211, 0x0211, 0x0211,
    0x0211, 0x0211, 0x0211, 0x0211, 0x0212, 0x0211, 0x0211, 0x0211, 0x0211, 0x0211, 0x0211, 0x0211, 0x0211, 0x0211, 0x0211, 0x0211,
    0x0211, 0x0211, 0x0211, 0x0211, 0x0211, 0x0211, 0x0211, 0x0211, 0x0211, 0x0211, 0x0211, 0x0211, 0x0211, 0x0211, 0x0211, 0x0211,
    0x0211, 0x0211, 0x0211, 0x0212, 0x0211, 0x0211, 0x0211, 0x0212, 0x0212, 0x0211, 0x0212, 0x0211, 0x0211, 0x0211, 0x0211, 0x0211,
    0x0211, 0x0211, 0x0211, 0x01F1, 0x0211, 0x0211, 0x0211, 0x0211, 0x0211, 0x0211, 0x0211, 0x0211, 0x0211, 0x0211, 0x0211, 0x0211,
    0x0211, 0x0211, 0x0211, 0x0211, 0x0211, 0x0211, 0x0211, 0x0211, 0x0211, 0x0211, 0x0211, 0x0211, 0x0211, 0x0211, 0x0211, 0x0211,
    0x0211, 0x0212, 0x0212, 0x0211, 0x0211, 0x0212, 0x0212, 0x0211, 0x0211, 0x0211, 0x0211, 0x0211, 0x0211, 0x0211, 0x0211, 0x0211,
    0x0211, 0x0211, 0x0211, 0x0211, 0x0211, 0x0211, 0x0211, 0x0232, 0x01EF, 0x42ED, 0x6BF0, 0x42EC, 0x3288, 0x6B87, 0x3AEA, 0x01F1,
    0x0232, 0x0212, 0x0212, 0x0212, 0x0212, 0x0212, 0x01F2, 0x0211, 0x0211, 0x0211, 0x0211, 0x0211, 0x0212, 0x0212, 0x0211, 0x0211,
    0x0211, 0x0211, 0x0211, 0x0212, 0x0211, 0x0211, 0x0211, 0x0211, 0x0211, 0x01F1, 0x01D1, 0x0212, 0x0211, 0x0211, 0x0211, 0x0211,
    0x0211, 0x0211, 0x0211, 0x0211, 0x0211, 0x0211, 0x0211, 0x0211, 0x0211, 0x0212, 0x0212, 0x0211, 0x0211, 0x0211, 0x0211, 0x0211,
    0x01F1, 0x0211, 0x0211, 0x0211, 0x0211, 0x0211, 0x0211, 0x0211, 0x0211, 0x0211, 0x0211, 0x0211, 0x0211, 0x0212, 0x0212, 0x0212,
    0x0211, 0x0211, 0x0211, 0x0211, 0x0211, 0x0211, 0x0211, 0x0212, 0x0211, 0x0211, 0x0211, 0x0211, 0x0211, 0x0211, 0x0211, 0x0211,
    0x0211, 0x0211, 0x0211, 0x0211, 0x0211, 0x0211, 0x0212, 0x0211, 0x0212, 0x0211, 0x0212, 0x0211, 0x0211, 0x0211, 0x0211, 0x0211,
    0x0211, 0x0211, 0x0211, 0x0211, 0x0211, 0x0211, 0x0211, 0x0211, 0x0211, 0x0211, 0x0211, 0x0211, 0x0211, 0x0211, 0x0211, 0x0211,
    0x0211, 0x0212, 0x0211, 0x0211, 0x0211, 0x0211, 0x0211, 0x0211, 0x0211, 0x0211, 0x0211, 0x0211, 0x01F1, 0x0A31, 0x0A30, 0x01F1,
    0x0212, 0x0211, 0x0211, 0x0211, 0x0211, 0x0211, 0x0211, 0x0211, 0x0211, 0x0211, 0x0211, 0x0211, 0x0211, 0x0211, 0x0211, 0x0211,
    0x0211, 0x0211, 0x0211, 0x0211, 0x0211, 0x0211, 0x0211, 0x0211, 0x0212, 0x0212, 0x0211, 0x0211, 0x0211, 0x0211, 0x0211, 0x0211,
    0x0211, 0x0211, 0x0211, 0x0211, 0x0211, 0x0211, 0x0211, 0x0211, 0x0211, 0x0211, 0x0211, 0x0211, 0x0211, 0x0211, 0x0211, 0x0211,
    0x0211, 0x0211, 0x0211, 0x0211, 0x0211, 0x0211, 0x0211, 0x0211, 0x0211, 0x0211, 0x0211, 0x0211, 0x0211, 0x0211, 0x0211, 0x0211,
    0x0211, 0x0211, 0x0211, 0x0211, 0x0211, 0x0211, 0x0211, 0x0211, 0x0211, 0x0211, 0x0211, 0x0211, 0x0212, 0x0212, 0x0211, 0x0211,
    0x0212, 0x0211, 0x0211, 0x0211, 0x0211, 0x0211, 0x0211, 0x0211, 0x0211, 0x0211, 0x0211, 0x0211, 0x0211, 0x0211, 0x0211, 0x0211,
    0x0211, 0x0211, 0x0211, 0x0211, 0x0211, 0x0211, 0x0211, 0x0211, 0x0211, 0x0211, 0x0211, 0x0211, 0x0211, 0x0211, 0x0211, 0x0211,
    0x0211, 0x0211, 0x0211, 0x0211, 0x0211, 0x0211, 0x0211, 0x0211, 0x0211, 0x0211, 0x0211, 0x0211, 0x0211, 0x0211, 0x0211, 0x0211,
    0x0211, 0x0211, 0x0211, 0x0211, 0x0211, 0x0211, 0x0211, 0x0211, 0x0211, 0x0211, 0x0211, 0x0211, 0x0211, 0x0211, 0x0211, 0x0211,
    0x0211, 0x0211, 0x0211, 0x0211, 0x0211, 0x0211, 0x0211, 0x0211, 0x0211, 0x0211, 0x0211, 0x0211, 0x0211, 0x0211, 0x0211, 0x0211,
    0x0211, 0x0211, 0x0211, 0x0211, 0x0211, 0x0211, 0x0211, 0x0211, 0x0211, 0x0211, 0x0211, 0x0211, 0x0211, 0x01F2, 0x0211, 0x0211,
    0x0211, 0x0211, 0x0211, 0x0211, 0x0211, 0x0212, 0x0211, 0x0211, 0x0211, 0x120E, 0x532E, 0x532D, 0x3249, 0x6B87, 0x73C6, 0x2AAC,
    0x0211, 0x0211, 0x0212, 0x0212, 0x0211, 0x0211, 0x0211, 0x0211, 0x0211, 0x0211, 0x0211, 0x0211, 0x0211, 0x0211, 0x0211, 0x0211,
    0x0211, 0x0211, 0x0211, 0x0211, 0x0211, 0x0211, 0x0211, 0x0212, 0x01F1, 0x1A92, 0x2AD2, 0x01F1, 0x0212, 0x0211, 0x0211, 0x0211,
    0x0211, 0x0211, 0x0211, 0x0211, 0x0211, 0x0211, 0x0211, 0x0211, 0x0211, 0x0211, 0x0211, 0x0211, 0x0211, 0x0211, 0x0211, 0x0211,
    0x0211, 0x0211, 0x0211, 0x0211, 0x0211, 0x0211, 0x0211, 0x0211, 0x0211, 0x0211, 0x0211, 0x0211, 0x0212, 0x0211, 0x0211, 0x0211,
    0x0211, 0x0211, 0x0211, 0x0211, 0x0211, 0x0211, 0x0211, 0x0211, 0x0211, 0x0211, 0x0211, 0x0211, 0x0211, 0x0211, 0x0211, 0x0211,
    0x0211, 0x0211, 0x0211, 0x0211, 0x0211, 0x0211, 0x0211, 0x0211, 0x0211, 0x0211, 0x0211, 0x0211, 0x0211, 0x0211, 0x0211, 0x0211,
    0x0211, 0x0211, 0x0211, 0x0211, 0x0211, 0x0211, 0x0211, 0x0211, 0x0211, 0x0211, 0x0211, 0x0211, 0x0211, 0x0211, 0x0211, 0x0211,
    0x0211, 0x0211, 0x0211, 0x0211, 0x0211, 0x0211, 0x01F1, 0x0211, 0x0211, 0x0211, 0x0211, 0x01F1, 0x0211, 0x01F1, 0x01F1, 0x0211,
    0x0211, 0x0211, 0x0211, 0x0211, 0x0211, 0x0211, 0x0211, 0x0211, 0x0211, 0x0211, 0x0212, 0x0211, 0x0211, 0x0211, 0x0211, 0x0211,
    0x0211, 0x0211, 0x0211, 0x0211, 0x0211, 0x0211, 0x0211, 0x0212, 0x0211, 0x0211, 0x01F1, 0x0211, 0x0211, 0x0211, 0x0211, 0x0211,
    0x0211, 0x0211, 0x0211, 0x0211, 0x0211, 0x0211, 0x0211, 0x01F1, 0x0211, 0x0211, 0x0211, 0x0211, 0x0211, 0x0211, 0x0211, 0x0211,
    0x0211, 0x0211, 0x0211, 0x0211, 0x0211, 0x0211, 0x0211, 0x0211, 0x0211, 0x0211, 0x0211, 0x0212, 0x0211, 0x0211, 0x0211, 0x0211,
    0x0211, 0x0211, 0x0211, 0x0211, 0x0211, 0x0211, 0x0211, 0x0211, 0x0211, 0x0211, 0x0211, 0x0211, 0x0211, 0x0211, 0x0211, 0x0211,
    0x01F1, 0x0211, 0x0212, 0x0211, 0x0212, 0x0211, 0x0211, 0x0211, 0x0211, 0x0211, 0x0211, 0x0211, 0x0211, 0x0212, 0x0211, 0x0211,
    0x0211, 0x0211, 0x0211, 0x0211, 0x0211, 0x0211, 0x0211, 0x0211, 0x0211, 0x0211, 0x0211, 0x0211, 0x0211, 0x01F1, 0x0211, 0x0211,
    0x0211, 0x0211, 0x0211, 0x0211, 0x0211, 0x0211, 0x0211, 0x0211, 0x0211, 0x0211, 0x0211, 0x0211, 0x0211, 0x0211, 0x0211, 0x0211,
    0x0211, 0x01F1, 0x0211, 0x0211, 0x0211, 0x0211, 0x0211, 0x0211, 0x0211, 0x0211, 0x0211, 0x0211, 0x0211, 0x0211, 0x0211, 0x0211,
    0x0211, 0x0211, 0x0211, 0x0211, 0x0211, 0x0211, 0x0211, 0x0211, 0x0211, 0x0211, 0x0211, 0x0211, 0x0211, 0x0211, 0x0211, 0x0212,
    0x0211, 0x0211, 0x0211, 0x0212, 0x0211, 0x0211, 0x0211, 0x0211, 0x0211, 0x0211, 0x0211, 0x0211, 0x0211, 0x0211, 0x0211, 0x0211,
    0x0211, 0x0211, 0x0211, 0x0211, 0x0211, 0x0212, 0x0212, 0x0212, 0x0211, 0x0211, 0x09EE, 0x32AC, 0x6BF0, 0x6BEF, 0x5328, 0x5B67,
    0x2A4B, 0x0A0F, 0x0212, 0x0212, 0x0212, 0x0211, 0x0211, 0x0211, 0x0211, 0x0211, 0x0211, 0x0211, 0x0211, 0x0211, 0x0211, 0x0211,
    0x0211, 0x0211, 0x0211, 0x0211, 0x0211, 0x0211, 0x0211, 0x0212, 0x01F2, 0x0A11, 0x4B94, 0x1251, 0x01F1, 0x0211, 0x0211, 0x0211,
    0x0211, 0x0211, 0x0211, 0x0211, 0x0211, 0x0211, 0x0211, 0x0211, 0x0211, 0x0211, 0x0211, 0x0211, 0x0211, 0x0211, 0x0211, 0x0211,
    0x0211, 0x0211, 0x0211, 0x0211, 0x0211, 0x0211, 0x0211, 0x0211, 0x0211, 0x0211, 0x0211, 0x0211, 0x0211, 0x0211, 0x0211, 0x0211,
    0x0211, 0x0211, 0x0211, 0x0211, 0x0211, 0x0211, 0x0211, 0x0211, 0x0211, 0x0211, 0x0211, 0x0211, 0x0211, 0x0211, 0x0211, 0x0211,
    0x0211, 0x0211, 0x0211, 0x0211, 0x0211, 0x0211, 0x0211, 0x0211, 0x0211, 0x0211, 0x0211, 0x0211, 0x0211, 0x0211, 0x0211, 0x0211,
    0x0211, 0x0211, 0x0211, 0x0211, 0x0211, 0x0211, 0x0211, 0x0211, 0x0211, 0x0211, 0x0211, 0x0211, 0x0211, 0x0211, 0x0211, 0x0211,
    0x0211, 0x0211, 0x0211, 0x0211, 0x0211, 0x0211, 0x0211, 0x0211, 0x0211, 0x0211, 0x0211, 0x0211, 0x0211, 0x0211, 0x0212, 0x0211,
    0x0211, 0x0211, 0x0211, 0x0211, 0x0211, 0x0211, 0x0211, 0x0211, 0x0212, 0x0211, 0x0212, 0x0211, 0x0211, 0x0211, 0x0211, 0x0211,
    0x0211, 0x0211, 0x0211, 0x0211, 0x0211, 0x0211, 0x0211, 0x0211, 0x0211, 0x0211, 0x0211, 0x0211, 0x0211, 0x0211, 0x0211, 0x0211,
    0x0211, 0x0211, 0x0211, 0x0211, 0x0211, 0x0211, 0x0211, 0x0211, 0x0211, 0x0211, 0x0211, 0x0211, 0x0211, 0x0211, 0x0211, 0x0211,
    0x0211, 0x0211, 0x0211, 0x0211, 0x0211, 0x0211, 0x0211, 0x0211, 0x0211, 0x0211, 0x0211, 0x0211, 0x0211, 0x0211, 0x0211, 0x0211,
    0x0211, 0x0211, 0x0211, 0x0211, 0x0211, 0x0211, 0x0211, 0x0211, 0x0211, 0x0211, 0x0211, 0x01F1, 0x0211, 0x0211, 0x01F1, 0x0211,
    0x0211, 0x0211, 0x0211, 0x0211, 0x0211, 0x0211, 0x0211, 0x0211, 0x0211, 0x0211, 0x0211, 0x0211, 0x0211, 0x0211, 0x0211, 0x0211,
    0x0211, 0x0211, 0x0211, 0x0211, 0x0211, 0x0211, 0x0211, 0x0211, 0x0211, 0x0211, 0x0211, 0x0211, 0x0211, 0x0211, 0x0211, 0x0211,
    0x0211, 0x0211, 0x0211, 0x0211, 0x0211, 0x0211, 0x0211, 0x0211, 0x0211, 0x0211, 0x0211, 0x0211, 0x0211, 0x0211, 0x0211, 0x0211,
    0x0211, 0x0211, 0x0211, 0x0211, 0x0211, 0x0211, 0x0211, 0x0211, 0x0211, 0x0211, 0x0211, 0x0211, 0x0211, 0x0211, 0x0211, 0x0211,
    0x0211, 0x0211, 0x0211, 0x0211, 0x0211, 0x0211, 0x0211, 0x0211, 0x0211, 0x0211, 0x0211, 0x0211, 0x0211, 0x0211, 0x0211, 0x0211,
    0x0211, 0x0211, 0x0211, 0x0211, 0x0211, 0x0211, 0x0211, 0x0211, 0x0211, 0x0211, 0x0211, 0x0211, 0x0211, 0x01F1, 0x0212, 0x01F1,
    0x0211, 0x0211, 0x0211, 0x0211, 0x0211, 0x0212, 0x0212, 0x0212, 0x0211, 0x0211, 0x01F1, 0x01F0, 0x1A4E, 0x32AE, 0x224C, 0x1A2C,
    0x09EE, 0x0210, 0x0211, 0x0212, 0x0211, 0x0211, 0x0211, 0x0212, 0x0211, 0x0211, 0x0211, 0x0211, 0x0211, 0x0211, 0x0211, 0x0211,
    0x0211, 0x0211, 0x0211, 0x0211, 0x0211, 0x0211, 0x0211, 0x0212, 0x0211, 0x01F1, 0x01D1, 0x0211, 0x0211, 0x0211, 0x0211, 0x0211,
    0x0211, 0x0211, 0x0211, 0x0211, 0x0211, 0x0211, 0x0211, 0x0211, 0x0211, 0x0211, 0x0211, 0x0211, 0x0211, 0x0211, 0x0211, 0x0212,
    0x0211, 0x0211, 0x0211, 0x01F1, 0x0211, 0x0211, 0x0211, 0x0211, 0x0211, 0x0211, 0x0211, 0x0211, 0x0211, 0x0211, 0x0211, 0x0211,
    0x0211, 0x0211, 0x0211, 0x0211, 0x0211, 0x0211, 0x0211, 0x0211, 0x0211, 0x0211, 0x0211, 0x0211, 0x0211, 0x0211, 0x0211, 0x0211,
    0x0211, 0x0211, 0x0211, 0x0211, 0x0211, 0x0211, 0x0211, 0x0211, 0x0211, 0x0211, 0x0211, 0x0211, 0x0211, 0x0211, 0x0211, 0x0211,
    0x0211, 0x0211, 0x0211, 0x0211, 0x0211, 0x0211, 0x0211, 0x0211, 0x0211, 0x0211, 0x0211, 0x0211, 0x0211, 0x0211, 0x0211, 0x0211,
    0x0211, 0x0211, 0x0211, 0x0211, 0x0211, 0x0211, 0x0211, 0x01F1, 0x0211, 0x0211, 0x0211, 0x0211, 0x0211, 0x0211, 0x0211, 0x0212,
    0x0212, 0x0211, 0x0211, 0x0211, 0x0211, 0x0211, 0x0211, 0x0211, 0x0211, 0x0211, 0x0212, 0x0211, 0x0211, 0x0211, 0x0211, 0x0211,
    0x0211, 0x0211, 0x0211, 0x0211, 0x0211, 0x0211, 0x0211, 0x0211, 0x0211, 0x0211, 0x0211, 0x0211, 0x0211, 0x0211, 0x0211, 0x0211,
    0x0211, 0x0212, 0x0211, 0x0211, 0x0211, 0x0211, 0x0211, 0x0211, 0x0211, 0x0211, 0x0211, 0x0211, 0x0211, 0x0211, 0x0211, 0x0211,
    0x0211, 0x0211, 0x0211, 0x0211, 0x0211, 0x0211, 0x0212, 0x0211, 0x0211, 0x0211, 0x0211, 0x0211, 0x0211, 0x0211, 0x0211, 0x0211,
    0x0211, 0x0211, 0x0211, 0x0211, 0x0211, 0x0211, 0x0211, 0x0211, 0x0211, 0x0211, 0x0211, 0x0211, 0x0211, 0x0211, 0x0211, 0x0211,
    0x0212, 0x0211, 0x0211, 0x0211, 0x0211, 0x0211, 0x0211, 0x0211, 0x0211, 0x0211, 0x0211, 0x0211, 0x0211, 0x0211, 0x0211, 0x0211,
    0x0211, 0x0211, 0x0211, 0x0211, 0x0211, 0x0211, 0x0211, 0x0211, 0x0211, 0x0211, 0x0211, 0x0211, 0x0211, 0x0211, 0x0211, 0x0211,
    0x0211, 0x0211, 0x0211, 0x0211, 0x0211, 0x0211, 0x0211, 0x0211, 0x0211, 0x0211, 0x0211, 0x0211, 0x0211, 0x0211, 0x0211, 0x0211,
    0x0211, 0x0211, 0x0211, 0x0211, 0x0211, 0x0211, 0x0211, 0x0211, 0x0211, 0x0211, 0x0211, 0x0211, 0x0211, 0x0211, 0x0211, 0x01F1,
    0x0211, 0x0211, 0x0211, 0x0211, 0x0211, 0x0211, 0x0211, 0x0211, 0x0211, 0x0211, 0x0211, 0x0211, 0x0211, 0x0211, 0x0211, 0x0211,
    0x0211, 0x0211, 0x0211, 0x0212, 0x0212, 0x0211, 0x0211, 0x0211, 0x01F1, 0x0211, 0x0211, 0x0211, 0x0211, 0x0211, 0x0211, 0x0211,
    0x0211, 0x0211, 0x0211, 0x0211, 0x0211, 0x0211, 0x0211, 0x0211, 0x0212, 0x0211, 0x0211, 0x0212, 0x01F1, 0x01F1, 0x0A10, 0x0210,
    0x0212, 0x0212, 0x01F1, 0x0211, 0x0211, 0x0211, 0x0211, 0x0211, 0x0211, 0x0211, 0x0211, 0x0211, 0x0211, 0x0211, 0x0211, 0x0211,
    0x0211, 0x0211, 0x0211, 0x0211, 0x0211, 0x0211, 0x0211, 0x0211, 0x0211, 0x0211, 0x0212, 0x0211, 0x0211, 0x0211, 0x0211, 0x0211,
    0x0211, 0x0211, 0x0211, 0x01F1, 0x0211, 0x0211, 0x0211, 0x0211, 0x0211, 0x0212, 0x01F1, 0x0211, 0x0211, 0x0211, 0x0211, 0x0211,
    0x0211, 0x0211, 0x0211, 0x0211, 0x0211, 0x0211, 0x0211, 0x0211, 0x0211, 0x0211, 0x0211, 0x0211, 0x0211, 0x0211, 0x0211, 0x0211,
    0x0211, 0x0211, 0x0211, 0x0211, 0x0211, 0x0211, 0x0211, 0x0211, 0x01F1, 0x01F1, 0x0211, 0x0211, 0x0211, 0x0211, 0x0211, 0x0211,
    0x0211, 0x0211, 0x0211, 0x0211, 0x0211, 0x0211, 0x0211, 0x0211, 0x0212, 0x0211, 0x0211, 0x0211, 0x0211, 0x0211, 0x0211, 0x0211,
    0x0211, 0x0211, 0x0211, 0x0211, 0x0211, 0x0211, 0x0211, 0x0211, 0x0211, 0x0211, 0x0211, 0x0211, 0x0211, 0x0211, 0x0211, 0x0211,
    0x0211, 0x0211, 0x0211, 0x0211, 0x0211, 0x0211, 0x0211, 0x01F1, 0x0211, 0x0211, 0x0211, 0x0211, 0x0211, 0x0211, 0x0211, 0x0211,
    0x0211, 0x0211, 0x0211, 0x0211, 0x0211, 0x0211, 0x0211, 0x0211, 0x0211, 0x0211, 0x0211, 0x0211, 0x0211, 0x0211, 0x0211, 0x0211,
    0x0211, 0x0211, 0x0211, 0x0211, 0x0211, 0x0211, 0x0211, 0x0211, 0x0211, 0x0211, 0x0211, 0x0211, 0x0211, 0x0211, 0x0211, 0x0211,
    0x0211, 0x0211, 0x0211, 0x0211, 0x0211, 0x0211, 0x0211, 0x0211, 0x0211, 0x0211, 0x0211, 0x0211, 0x0211, 0x0211, 0x0211, 0x0211,
    0x0211, 0x0211, 0x0211, 0x0211, 0x0211, 0x0211, 0x0211, 0x0211, 0x0211, 0x0211, 0x0211, 0x0211, 0x0211, 0x0211, 0x0211, 0x0211,
    0x0211, 0x0211, 0x0211, 0x0211, 0x0211, 0x0211, 0x0211, 0x0211, 0x0211, 0x0211, 0x0211, 0x0211, 0x0211, 0x0211, 0x0211, 0x0211,
    0x0211, 0x0211, 0x0211, 0x0211, 0x0211, 0x0211, 0x0211, 0x0211, 0x0211, 0x0211, 0x0211, 0x0211, 0x0211, 0x0211, 0x0211, 0x0211,
    0x0211, 0x0211, 0x0211, 0x0211, 0x0211, 0x0211, 0x0211, 0x0211, 0x0211, 0x0211, 0x0211, 0x0211, 0x0211, 0x0211, 0x0211, 0x0211,
    0x0211, 0x0211, 0x0211, 0x0211, 0x0211, 0x0211, 0x0211, 0x0211, 0x0211, 0x0211, 0x01F1, 0x0211, 0x01F1, 0x0211, 0x0211, 0x0211,
    0x0211, 0x0211, 0x0211, 0x0211, 0x0211, 0x0211, 0x0211, 0x0211, 0x0211, 0x0211, 0x0211, 0x0211, 0x0211, 0x0211, 0x0211, 0x0211,
    0x0211, 0x0212, 0x0211, 0x0211, 0x0211, 0x0211, 0x0211, 0x0211, 0x0211, 0x0211, 0x0211, 0x0211, 0x0211, 0x0211, 0x0211, 0x0211,
    0x0211, 0x0211, 0x0211, 0x0211, 0x01F1, 0x0211, 0x0211, 0x0211, 0x01F1, 0x0211, 0x0211, 0x0211, 0x0211, 0x0211, 0x0211, 0x0211,
    0x0211, 0x0211, 0x0211, 0x0211, 0x0211, 0x0211, 0x0211, 0x0211, 0x0211, 0x0211, 0x0211, 0x0211, 0x0212, 0x0212, 0x0211, 0x0211,
    0x0211, 0x0211, 0x01F1, 0x0211, 0x0211, 0x0211, 0x0211, 0x0211, 0x0211, 0x0211, 0x0211, 0x0211, 0x0211, 0x0211, 0x0211, 0x0211,
    0x0211, 0x0211, 0x0211, 0x0211, 0x01F1, 0x01F1, 0x01F1, 0x0211, 0x0211, 0x0211, 0x0211, 0x0211, 0x0211, 0x0211, 0x0211, 0x0211,
    0x0211, 0x0211, 0x0211, 0x01F1, 0x0212, 0x0211, 0x0211, 0x0211, 0x0211, 0x0211, 0x0211, 0x0211, 0x01F1, 0x0211, 0x0211, 0x0211,
    0x0211, 0x0211, 0x0211, 0x0211, 0x0211, 0x0211, 0x0211, 0x0211, 0x0211, 0x0211, 0x0211, 0x0211, 0x0211, 0x0211, 0x0211, 0x0211,
    0x0211, 0x0211, 0x0211, 0x0212, 0x0211, 0x01F1, 0x0211, 0x0211, 0x0211, 0x0211, 0x0211, 0x0211, 0x0211, 0x0211, 0x0211, 0x0211,
    0x0211, 0x0211, 0x0211, 0x0211, 0x0211, 0x0211, 0x0211, 0x0211, 0x0212, 0x01F1, 0x0211, 0x0211, 0x0211, 0x0211, 0x0211, 0x0211,
    0x0211, 0x0211, 0x0211, 0x0211, 0x0211, 0x0211, 0x0211, 0x0211, 0x0211, 0x0211, 0x0211, 0x0211, 0x0211, 0x0211, 0x01F1, 0x0212,
    0x0211, 0x0211, 0x0211, 0x0211, 0x0211, 0x0211, 0x0211, 0x0211, 0x0211, 0x0211, 0x0211, 0x0211, 0x0211, 0x0211, 0x0211, 0x0211,
    0x0211, 0x0211, 0x0211, 0x0211, 0x0211, 0x0211, 0x0211, 0x01F1, 0x0212, 0x0211, 0x01F1, 0x0211, 0x0211, 0x0211, 0x0211, 0x0211,
    0x0211, 0x0211, 0x0211, 0x0211, 0x0211, 0x0211, 0x0211, 0x0211, 0x0211, 0x0211, 0x0211, 0x0211, 0x0211, 0x0212, 0x0211, 0x0211,
    0x01F1, 0x0211, 0x0211, 0x0211, 0x0211, 0x0211, 0x0211, 0x0211, 0x0211, 0x0211, 0x0211, 0x0211, 0x0211, 0x0211, 0x0211, 0x0211,
    0x0211, 0x0211, 0x0211, 0x0211, 0x0211, 0x0211, 0x0212, 0x0211, 0x01F1, 0x0211, 0x0211, 0x0211, 0x0211, 0x0211, 0x0211, 0x0211,
    0x0211, 0x0211, 0x0211, 0x0211, 0x0211, 0x0211, 0x0211, 0x0211, 0x0211, 0x0211, 0x0211, 0x0211, 0x01F1, 0x0211, 0x0211, 0x01F1,
    0x0211, 0x0211, 0x0211, 0x0211, 0x0211, 0x0211, 0x0211, 0x0211, 0x0211, 0x0211, 0x0211, 0x0211, 0x0211, 0x0211, 0x0211, 0x0211,
    0x0211, 0x0211, 0x0211, 0x0211, 0x0211, 0x0211, 0x0211, 0x0211, 0x0211, 0x0211, 0x0211, 0x0211, 0x0211, 0x0211, 0x0211, 0x0211,
    0x0211, 0x0211, 0x0211, 0x0211, 0x0211, 0x0211, 0x0212, 0x0211, 0x0211, 0x0211, 0x0211, 0x0211, 0x0211, 0x0211, 0x0211, 0x0211,
    0x0211, 0x0211, 0x0211, 0x0211, 0x0211, 0x0211, 0x0211, 0x0211, 0x0211, 0x0211, 0x0212, 0x0211, 0x0211, 0x0211, 0x0211, 0x0211,
    0x0211, 0x0211, 0x0211, 0x0211, 0x0211, 0x0211, 0x0211, 0x0211, 0x0211, 0x0211, 0x0211, 0x0211, 0x0211, 0x0211, 0x0211, 0x0211,
    0x0211, 0x0211, 0x0211, 0x0212, 0x0211, 0x0211, 0x0211, 0x01F1, 0x01F1, 0x0211, 0x0211, 0x0211, 0x0211, 0x0211, 0x0211, 0x0211,
    0x0211, 0x0211, 0x0211, 0x0211, 0x0211, 0x0211, 0x0211, 0x0211, 0x0211, 0x0211, 0x0211, 0x0211, 0x0211, 0x01F1, 0x01F1, 0x0211,
    0x01F1, 0x0211, 0x0211, 0x0211, 0x0211, 0x0211, 0x0211, 0x0211, 0x0211, 0x0211, 0x0211, 0x0211, 0x0211, 0x0211, 0x0211, 0x0211,
    0x0211, 0x0211, 0x0211, 0x0211, 0x0211, 0x0212, 0x0211, 0x01F1, 0x0211, 0x0211, 0x0211, 0x0211, 0x0211, 0x0211, 0x0211, 0x0211,
    0x0211, 0x0211, 0x0211, 0x01F1, 0x01F1, 0x0211, 0x0211, 0x0211, 0x0211, 0x0211, 0x0211, 0x01F1, 0x01F1, 0x0211, 0x0211, 0x0211,
    0x0211, 0x0211, 0x0211, 0x0211, 0x0211, 0x0211, 0x0211, 0x0211, 0x0211, 0x0211, 0x0211, 0x0211, 0x0211, 0x0211, 0x0211, 0x0211,
    0x0211, 0x0211, 0x0211, 0x0212, 0x0211, 0x01F1, 0x0211, 0x0211, 0x0211, 0x0211, 0x0211, 0x0211, 0x0211, 0x0211, 0x0211, 0x0211,
    0x0211, 0x0211, 0x0211, 0x0211, 0x0211, 0x0211, 0x0211, 0x0211, 0x0211, 0x0211, 0x0211, 0x0211, 0x0211, 0x0211, 0x0211, 0x0211,
    0x0211, 0x0211, 0x0211, 0x0211, 0x0211, 0x0211, 0x0211, 0x0211, 0x0211, 0x0211, 0x0211, 0x0211, 0x0211, 0x01F1, 0x01F1, 0x0211,
    0x0211, 0x01F1, 0x0211, 0x0211, 0x0211, 0x0211, 0x0211, 0x0211, 0x0211, 0x0211, 0x0211, 0x0211, 0x0211, 0x0211, 0x0211, 0x0211,
    0x0211, 0x0211, 0x0211, 0x0211, 0x0211, 0x01F1, 0x0211, 0x01F1, 0x01F1, 0x0211, 0x0211, 0x0211, 0x0211, 0x0211, 0x0211, 0x0211,
    0x0211, 0x0211, 0x0211, 0x0211, 0x0211, 0x0211, 0x0211, 0x0211, 0x01F1, 0x01F1, 0x0211, 0x0211, 0x0211, 0x0211, 0x0211, 0x0211,
    0x0211, 0x0211, 0x0211, 0x0211, 0x0211, 0x0211, 0x0211, 0x0211, 0x0211, 0x0211, 0x0211, 0x0211, 0x0211, 0x0211, 0x0211, 0x0211,
    0x0211, 0x0211, 0x0211, 0x0211, 0x01F1, 0x0211, 0x01F1, 0x0211, 0x0211, 0x0211, 0x0211, 0x0211, 0x0211, 0x0211, 0x0211, 0x0211,
    0x0211, 0x0211, 0x0211, 0x0211, 0x0211, 0x0211, 0x0211, 0x0211, 0x0211, 0x0211, 0x0211, 0x0211, 0x0211, 0x0211, 0x0211, 0x0211,
    0x0211, 0x0211, 0x0211, 0x0211, 0x0211, 0x0211, 0x0211, 0x0211, 0x0211, 0x0211, 0x0211, 0x0211, 0x0211, 0x0211, 0x0211, 0x0211,
    0x0211, 0x0211, 0x0211, 0x0211, 0x0211, 0x0211, 0x0211, 0x0211, 0x0211, 0x0211, 0x0211, 0x0211, 0x0211, 0x0211, 0x0211, 0x0211,
    0x0211, 0x0211, 0x0211, 0x0211, 0x0211, 0x0211, 0x0211, 0x0211, 0x0211, 0x0211, 0x0211, 0x0211, 0x0211, 0x0211, 0x0211, 0x0211,
    0x0211, 0x0211, 0x0211, 0x0211, 0x0211, 0x0211, 0x0211, 0x0211, 0x0211, 0x0211, 0x0211, 0x0212, 0x0211, 0x0211, 0x0211, 0x0212,
    0x0211, 0x0211, 0x0211, 0x0211, 0x0211, 0x0211, 0x0211, 0x0211, 0x0211, 0x0211, 0x0211, 0x0211, 0x0211, 0x0211, 0x0211, 0x0211,
    0x0211, 0x0211, 0x0211, 0x0212, 0x0211, 0x01F1, 0x0211, 0x0211, 0x0211, 0x0211, 0x0211, 0x0211, 0x0211, 0x0211, 0x0211, 0x0211,
    0x0211, 0x0211, 0x0211, 0x0211, 0x0211, 0x0211, 0x0211, 0x0211, 0x0211, 0x0211, 0x0211, 0x0211, 0x0211, 0x0212, 0x0211, 0x0211,
    0x01F1, 0x01F1, 0x0211, 0x0211, 0x0211, 0x0211, 0x0211, 0x0211, 0x0211, 0x0211, 0x0211, 0x0211, 0x0211, 0x0211, 0x0211, 0x0212,
    0x0211, 0x0211, 0x0211, 0x0211, 0x0211, 0x0211, 0x0211, 0x0211, 0x0211, 0x0211, 0x0211, 0x0211, 0x0211, 0x0211, 0x0211, 0x0211,
    0x0211, 0x0211, 0x0211, 0x0211, 0x01F1, 0x0211, 0x0211, 0x0211, 0x0211, 0x0211, 0x0211, 0x01F1, 0x0211, 0x0211, 0x0211, 0x01F1,
    0x0211, 0x0211, 0x0211, 0x0211, 0x0211, 0x0211, 0x0211, 0x0211, 0x0211, 0x0211, 0x0211, 0x0211, 0x0211, 0x0211, 0x0211, 0x0211,
    0x0211, 0x0211, 0x0211, 0x0211, 0x0211, 0x01F1, 0x0211, 0x0211, 0x0211, 0x0211, 0x0211, 0x0211, 0x0211, 0x0211, 0x0211, 0x0211,
    0x0211, 0x0211, 0x0211, 0x0211, 0x0211, 0x01F1, 0x0212, 0x0211, 0x0211, 0x0211, 0x0211, 0x0211, 0x0211, 0x0211, 0x0211, 0x0211,
    0x0211, 0x0211, 0x0211, 0x0211, 0x0211, 0x0211, 0x0211, 0x0211, 0x0211, 0x0211, 0x0211, 0x0211, 0x0211, 0x0211, 0x0211, 0x01F1,
    0x0211, 0x0211, 0x01F1, 0x0211, 0x0211, 0x0211, 0x0211, 0x0211, 0x0211, 0x0211, 0x0211, 0x0211, 0x0211, 0x0211, 0x0211, 0x0211,
    0x0211, 0x0211, 0x0211, 0x0211, 0x0211, 0x0211, 0x0211, 0x01F1, 0x0211, 0x0211, 0x0211, 0x0211, 0x0211, 0x0211, 0x0211, 0x0211,
    0x0211, 0x0211, 0x0211, 0x0211, 0x0211, 0x0211, 0x0211, 0x0211, 0x0211, 0x01F1, 0x0211, 0x0211, 0x01F1, 0x0211, 0x0211, 0x0211,
    0x0211, 0x0211, 0x0211, 0x0211, 0x0211, 0x0211, 0x0211, 0x0211, 0x0211, 0x0211, 0x0211, 0x0211, 0x0211, 0x0211, 0x0211, 0x0211,
    0x0211, 0x0212, 0x0212, 0x0211, 0x0211, 0x0211, 0x0211, 0x0211, 0x0211, 0x0211, 0x0211, 0x0211, 0x0211, 0x0211, 0x0211, 0x0211,
    0x0211, 0x0211, 0x0211, 0x0211, 0x0211, 0x0211, 0x0211, 0x0211, 0x0211, 0x0211, 0x0211, 0x0211, 0x0211, 0x0211, 0x0211, 0x0211,
    0x0211, 0x0211, 0x0211, 0x0211, 0x0211, 0x0211, 0x0211, 0x0211, 0x0211, 0x0211, 0x0211, 0x0211, 0x0211, 0x0211, 0x0211, 0x0211,
    0x0211, 0x0211, 0x0211, 0x0211, 0x0211, 0x0211, 0x0211, 0x0211, 0x0211, 0x0211, 0x0211, 0x0211, 0x0211, 0x0211, 0x0211, 0x0211,
    0x0211, 0x0211, 0x0211, 0x0211, 0x0211, 0x0211, 0x0211, 0x0211, 0x0211, 0x0211, 0x0211, 0x0211, 0x0211, 0x0211, 0x0211, 0x0211,
    0x0211, 0x0211, 0x0211, 0x0211, 0x0211, 0x0211, 0x0211, 0x0211, 0x0211, 0x0211, 0x0211, 0x0211, 0x0211, 0x0211, 0x0211, 0x0211,
    0x0211, 0x0211, 0x0211, 0x0211, 0x0211, 0x0211, 0x0211, 0x0211, 0x0211, 0x0211, 0x0211, 0x0211, 0x0211, 0x0211, 0x0211, 0x0211,
    0x0211, 0x0211, 0x0211, 0x01F1, 0x01F1, 0x0211, 0x0211, 0x0211, 0x0211, 0x0211, 0x0211, 0x0211, 0x0211, 0x0211, 0x0211, 0x0211,
    0x0211, 0x0211, 0x0211, 0x0211, 0x0211, 0x0211, 0x0211, 0x0211, 0x0211, 0x0211, 0x0211, 0x0211, 0x0211, 0x0211, 0x0211, 0x0211,
    0x0211, 0x0211, 0x0211, 0x0211, 0x0211, 0x0211, 0x0211, 0x0211, 0x0211, 0x0211, 0x0211, 0x0211, 0x0211, 0x0211, 0x0211, 0x0211,
    0x0211, 0x0211, 0x0211, 0x0211, 0x0211, 0x0211, 0x0211, 0x01F1, 0x0211, 0x0211, 0x0211, 0x0211, 0x0211, 0x0211, 0x0211, 0x0211,
    0x0211, 0x01F1, 0x0211, 0x0211, 0x01F1, 0x0212, 0x0211, 0x0211, 0x0211, 0x0211, 0x0211, 0x0211, 0x0211, 0x0211, 0x0211, 0x0211,
    0x0211, 0x0211, 0x0211, 0x0211, 0x0211, 0x0211, 0x0211, 0x0211, 0x0211, 0x0211, 0x0211, 0x0211, 0x0211, 0x0211, 0x0211, 0x0211,
    0x0211, 0x0211, 0x0211, 0x01F1, 0x0211, 0x0211, 0x0211, 0x0211, 0x0211, 0x0211, 0x0211, 0x0211, 0x0211, 0x0211, 0x0211, 0x0211,
    0x0211, 0x0211, 0x0211, 0x0211, 0x0211, 0x0211, 0x0211, 0x0211, 0x0211, 0x0211, 0x0211, 0x0211, 0x0211, 0x0211, 0x0211, 0x0211,
    0x0211, 0x0211, 0x0211, 0x0211, 0x0211, 0x0211, 0x0211, 0x0211, 0x0211, 0x0211, 0x0212, 0x0211, 0x0211, 0x0211, 0x0211, 0x0211,
    0x0211, 0x0211, 0x0211, 0x0211, 0x0211, 0x0211, 0x0211, 0x0211, 0x0211, 0x0211, 0x0211, 0x0211, 0x0211, 0x0211, 0x0211, 0x0211,
    0x0211, 0x0211, 0x0211, 0x0211, 0x0211, 0x0211, 0x01F1, 0x01F1, 0x0211, 0x0211, 0x0211, 0x0211, 0x0211, 0x0211, 0x0211, 0x0211,
    0x0211, 0x0211, 0x0211, 0x0211, 0x0211, 0x0211, 0x0211, 0x0211, 0x0211, 0x0212, 0x0211, 0x0211, 0x0211, 0x0211, 0x0211, 0x0211,
    0x0211, 0x0211, 0x0211, 0x0211, 0x0211, 0x0211, 0x0211, 0x0211, 0x0211, 0x0211, 0x0211, 0x0211, 0x0211, 0x0211, 0x0211, 0x0211,
    0x0211, 0x0211, 0x0211, 0x0211, 0x0211, 0x0211, 0x0211, 0x0211, 0x0211, 0x0211, 0x0211, 0x0211, 0x0211, 0x0211, 0x0211, 0x0211,
    0x0211, 0x0211, 0x0211, 0x0211, 0x01F1, 0x0211, 0x0211, 0x0211, 0x0211, 0x0211, 0x0211, 0x0211, 0x0211, 0x0211, 0x0211, 0x0211,
    0x0211, 0x0211, 0x0211, 0x0211, 0x0211, 0x0211, 0x0211, 0x0211, 0x0211, 0x0211, 0x0211, 0x0211, 0x0211, 0x0211, 0x0211, 0x0211,
    0x0211, 0x0211, 0x0211, 0x0211, 0x0211, 0x0211, 0x0211, 0x0211, 0x0211, 0x0211, 0x0211, 0x0211, 0x0211, 0x0211, 0x0211, 0x0211,
    0x0211, 0x0211, 0x0211, 0x0211, 0x0211, 0x01F1, 0x0211, 0x0211, 0x0211, 0x0211, 0x0211, 0x0211, 0x0211, 0x0211, 0x0211, 0x0211,
    0x0211, 0x0211, 0x0211, 0x0211, 0x0211, 0x0211, 0x0211, 0x0211, 0x0211, 0x0211, 0x0211, 0x0211, 0x0211, 0x0211, 0x0211, 0x0211,
    0x0211, 0x0211, 0x0211, 0x0211, 0x0211, 0x0211, 0x0211, 0x0211, 0x0211, 0x0211, 0x0211, 0x0211, 0x0211, 0x0211, 0x0211, 0x01F1,
    0x01F1, 0x0211, 0x0211, 0x0211, 0x0211, 0x0211, 0x0211, 0x0211, 0x0211, 0x0211, 0x01F1, 0x0211, 0x0211, 0x0211, 0x0211, 0x0211,
    0x0211, 0x0211, 0x0211, 0x0211, 0x0211, 0x0211, 0x0211, 0x0211, 0x0211, 0x0211, 0x0211, 0x0211, 0x0211, 0x0211, 0x0211, 0x0211,
    0x0211, 0x0211, 0x0211, 0x0211, 0x0211, 0x0211, 0x0211, 0x0211, 0x0211, 0x0211, 0x0211, 0x0211, 0x0211, 0x0211, 0x0211, 0x0211,
    0x0212, 0x0211, 0x0211, 0x0211, 0x0211, 0x0211, 0x0211, 0x0211, 0x0211, 0x0211, 0x0211, 0x0211, 0x0211, 0x0211, 0x0211, 0x0211,
    0x0211, 0x0211, 0x0211, 0x01F1, 0x0211, 0x0211, 0x0211, 0x0211, 0x0211, 0x0211, 0x0211, 0x0211, 0x0211, 0x0211, 0x0211, 0x0211,
    0x0211, 0x0211, 0x0211, 0x0211, 0x0211, 0x0211, 0x0211, 0x0211, 0x0211, 0x0211, 0x0211, 0x0211, 0x0211, 0x0211, 0x0211, 0x0211,
    0x0211, 0x0211, 0x0211, 0x0211, 0x0211, 0x0211, 0x0211, 0x0211, 0x0211, 0x0211, 0x0211, 0x0211, 0x0211, 0x0211, 0x0211, 0x0211,
    0x0211, 0x0211, 0x0211, 0x0211, 0x0211, 0x0211, 0x0211, 0x0211, 0x0211, 0x0211, 0x0211, 0x0211, 0x0211, 0x0211, 0x0211, 0x0211,
    0x0211, 0x0211, 0x0211, 0x0211, 0x0211, 0x0211, 0x0211, 0x0211, 0x0211, 0x0211, 0x0211, 0x0211, 0x0211, 0x0211, 0x0211, 0x0211,
    0x0211, 0x0211, 0x0211, 0x0211, 0x0211, 0x0211, 0x0211, 0x0211, 0x0211, 0x0211, 0x0211, 0x0211, 0x0211, 0x0211, 0x0211, 0x0211,
    0x0211, 0x0211, 0x0211, 0x0211, 0x0211, 0x01F1, 0x0211, 0x0211, 0x0211, 0x0211, 0x0211, 0x0211, 0x0211, 0x0211, 0x0211, 0x0211,
    0x0211, 0x0211, 0x0211, 0x0211, 0x0211, 0x0211, 0x0211, 0x0211, 0x0211, 0x01F1, 0x0211, 0x0211, 0x0211, 0x01F1, 0x0211, 0x0211,
    0x0211, 0x0211, 0x0211, 0x0211, 0x0211, 0x0211, 0x0211, 0x0211, 0x0211, 0x0211, 0x0211, 0x0211, 0x0211, 0x0211, 0x0211, 0x0211,
    0x0211, 0x0211, 0x0211, 0x0211, 0x0211, 0x0211, 0x0211, 0x0211, 0x0211, 0x0211, 0x0211, 0x0211, 0x0211, 0x0211, 0x0211, 0x0211,
    0x0211, 0x0211, 0x0211, 0x0211, 0x0211, 0x0211, 0x0211, 0x0211, 0x0211, 0x0211, 0x0211, 0x0211, 0x0211, 0x0211, 0x0211, 0x0211,
    0x0211, 0x0211, 0x0211, 0x0211, 0x0211, 0x0211, 0x0211, 0x0211, 0x0211, 0x0211, 0x0211, 0x0211, 0x0211, 0x0211, 0x0211, 0x0211,
    0x0211, 0x0211, 0x0211, 0x0211, 0x0211, 0x0211, 0x0211, 0x0211, 0x0211, 0x0211, 0x0211, 0x0211, 0x0211, 0x0211, 0x0211, 0x0211,
    0x0211, 0x0211, 0x0211, 0x0211, 0x0211, 0x0211, 0x0211, 0x0211, 0x0211, 0x0211, 0x0211, 0x0211, 0x0211, 0x0211, 0x0211, 0x0211,
    0x0211, 0x0212, 0x0211, 0x0211, 0x0211, 0x0211, 0x0211, 0x0211, 0x0211, 0x0211, 0x0211, 0x0211, 0x0212, 0x0211, 0x0211, 0x0211,
    0x0211, 0x0211, 0x0211, 0x0211, 0x0211, 0x0211, 0x0212, 0x0211, 0x0211, 0x0211, 0x0211, 0x0212, 0x0211, 0x0211, 0x0211, 0x0211,
    0x0211, 0x0211, 0x0211, 0x0211, 0x0211, 0x0211, 0x0211, 0x0211, 0x0211, 0x0211, 0x0211, 0x0211, 0x0211, 0x0211, 0x0211, 0x0211,
    0x0211, 0x0211, 0x0211, 0x0211, 0x0211, 0x0211, 0x0211, 0x0211, 0x0211, 0x0211, 0x0211, 0x0211, 0x0211, 0x0211, 0x0211, 0x0211,
    0x0211, 0x0211, 0x0211, 0x0211, 0x0212, 0x0211, 0x0212, 0x0211, 0x0211, 0x0212, 0x0212, 0x0211, 0x0211, 0x0211, 0x01F1, 0x0211,
    0x0211, 0x0211, 0x0211, 0x0211, 0x0211, 0x0211, 0x0211, 0x0211, 0x0211, 0x0212, 0x0211, 0x0211, 0x0211, 0x0211, 0x0211, 0x0212,
    0x01F1, 0x0211, 0x0211, 0x01F1, 0x0211, 0x0211, 0x0211, 0x0211, 0x0211, 0x0211, 0x0211, 0x0211, 0x0211, 0x0211, 0x0211, 0x0211,
    0x0211, 0x0211, 0x0211, 0x0211, 0x0211, 0x0211, 0x0211, 0x0211, 0x0211, 0x0211, 0x0211, 0x0211, 0x0211, 0x0211, 0x0211, 0x0211,
    0x0211, 0x0211, 0x0211, 0x0211, 0x0211, 0x0211, 0x0211, 0x0211, 0x0212, 0x0211, 0x0211, 0x0211, 0x0211, 0x0211, 0x0211, 0x0211,
    0x0211, 0x0211, 0x0211, 0x0211, 0x0211, 0x0211, 0x01F1, 0x0211, 0x0211, 0x0211, 0x0211, 0x0212, 0x0211, 0x0211, 0x0211, 0x0211,
    0x0211, 0x0211, 0x0211, 0x0211, 0x0211, 0x0211, 0x0211, 0x0211, 0x0211, 0x0211, 0x0212, 0x0211, 0x0211, 0x0211, 0x0211, 0x0211,
    0x0211, 0x0211, 0x0211, 0x0211, 0x0211, 0x0211, 0x0211, 0x0211, 0x0211, 0x0211, 0x0211, 0x0211, 0x0211, 0x0211, 0x0211, 0x0211,
    0x0211, 0x0211, 0x0211, 0x0211, 0x0211, 0x0211, 0x0211, 0x0211, 0x0211, 0x0211, 0x0211, 0x0211, 0x0211, 0x0211, 0x0211, 0x0211,
    0x0211, 0x0211, 0x0211, 0x0211, 0x0211, 0x0211, 0x0211, 0x0211, 0x0211, 0x0211, 0x0211, 0x0211, 0x0211, 0x0211, 0x0211, 0x0211,
    0x0211, 0x0211, 0x0211, 0x0211, 0x0211, 0x0211, 0x0211, 0x0211, 0x0211, 0x0211, 0x0211, 0x0211, 0x0211, 0x0211, 0x0211, 0x0211,
    0x0211, 0x0212, 0x0211, 0x0211, 0x0211, 0x0211, 0x0211, 0x0211, 0x0211, 0x0211, 0x0211, 0x0211, 0x0211, 0x0211, 0x0211, 0x0211,
    0x0211, 0x0211, 0x0211, 0x0211, 0x0211, 0x0211, 0x0211, 0x0211, 0x0211, 0x0211, 0x0211, 0x0211, 0x0211, 0x0211, 0x0211, 0x0211,
    0x0211, 0x0211, 0x0211, 0x0211, 0x0211, 0x0211, 0x0211, 0x0211, 0x0211, 0x0211, 0x0211, 0x0211, 0x0211, 0x0211, 0x0211, 0x0211,
    0x0211, 0x0211, 0x0211, 0x0211, 0x0211, 0x0211, 0x0211, 0x0211, 0x0211, 0x0211, 0x0211, 0x0211, 0x0211, 0x0211, 0x0211, 0x0211,
    0x0211, 0x0211, 0x0211, 0x0211, 0x0211, 0x0211, 0x0211, 0x0211, 0x0211, 0x0211, 0x0211, 0x0211, 0x0211, 0x0211, 0x0211, 0x0211,
    0x0211, 0x0212, 0x0211, 0x0211, 0x01F1, 0x0211, 0x0211, 0x0212, 0x0211, 0x0211, 0x0211, 0x0211, 0x0211, 0x0211, 0x0211, 0x0211,
    0x0211, 0x0211, 0x0211, 0x0211, 0x0211, 0x0211, 0x0211, 0x0211, 0x0211, 0x0211, 0x0211, 0x0211, 0x0211, 0x0211, 0x0211, 0x0211,
    0x0211, 0x0211, 0x0211, 0x0211, 0x0211, 0x0211, 0x0211, 0x0211, 0x0211, 0x0211, 0x0212, 0x0211, 0x0211, 0x0211, 0x0212, 0x0211,
    0x0211, 0x0211, 0x0211, 0x0211, 0x0211, 0x0211, 0x0211, 0x0211, 0x0211, 0x0211, 0x0211, 0x0211, 0x0211, 0x0211, 0x0211, 0x0211,
    0x0211, 0x0212, 0x0211, 0x0211, 0x0211, 0x0211, 0x0212, 0x0211, 0x0211, 0x0211, 0x0211, 0x0211, 0x0211, 0x0211, 0x0211, 0x0211,
    0x01F1, 0x0A31, 0x1A71, 0x0211, 0x0211, 0x0211, 0x0211, 0x0211, 0x0211, 0x0211, 0x0211, 0x0211, 0x0211, 0x0211, 0x0211, 0x0212,
    0x0211, 0x0211, 0x0211, 0x0211, 0x0211, 0x0211, 0x0211, 0x0211, 0x0211, 0x0211, 0x0211, 0x0211, 0x0211, 0x0211, 0x0212, 0x0211,
    0x0211, 0x0211, 0x0211, 0x0211, 0x0211, 0x0211, 0x0211, 0x0211, 0x0211, 0x0211, 0x0211, 0x0211, 0x0211, 0x0211, 0x0211, 0x0211,
    0x0211, 0x0211, 0x0211, 0x0211, 0x0211, 0x0211, 0x0211, 0x0211, 0x0211, 0x0211, 0x0211, 0x0211, 0x0211, 0x0211, 0x0211, 0x0211,
    0x0211, 0x0211, 0x0211, 0x0211, 0x0211, 0x0211, 0x0211, 0x0211, 0x0211, 0x0211, 0x0211, 0x0212, 0x0211, 0x0211, 0x0211, 0x0211,
    0x0211, 0x0211, 0x0211, 0x0211, 0x0211, 0x0211, 0x0211, 0x0211, 0x0211, 0x0211, 0x0211, 0x0211, 0x0211, 0x0211, 0x0211, 0x0211,
    0x0211, 0x0211, 0x0211, 0x0211, 0x0211, 0x0211, 0x0211, 0x0211, 0x0211, 0x0211, 0x0211, 0x0211, 0x0211, 0x0211, 0x0211, 0x0211,
    0x0211, 0x0211, 0x0211, 0x0211, 0x0211, 0x0211, 0x0211, 0x0211, 0x0211, 0x0211, 0x0211, 0x0211, 0x0211, 0x0211, 0x0212, 0x0211,
    0x0211, 0x0211, 0x0211, 0x0211, 0x0211, 0x0211, 0x0211, 0x0211, 0x0211, 0x0211, 0x0211, 0x0211, 0x0211, 0x0211, 0x0211, 0x0211,
    0x0211, 0x0211, 0x0211, 0x0212, 0x0211, 0x0211, 0x0211, 0x0211, 0x0211, 0x0211, 0x0211, 0x0211, 0x0211, 0x0211, 0x0211, 0x0211,
    0x0211, 0x0211, 0x0211, 0x0211, 0x0211, 0x0211, 0x0212, 0x0212, 0x0211, 0x0211, 0x0211, 0x0211, 0x0211, 0x0211, 0x0211, 0x0211,
    0x0211, 0x0211, 0x0211, 0x0211, 0x0211, 0x0211, 0x0211, 0x0211, 0x0211, 0x0211, 0x0211, 0x0211, 0x0211, 0x0211, 0x0211, 0x0211,
    0x0211, 0x0211, 0x0211, 0x0211, 0x0211, 0x0211, 0x0211, 0x0211, 0x0211, 0x0211, 0x0211, 0x0211, 0x0211, 0x0211, 0x0211, 0x0211,
    0x0211, 0x0211, 0x0211, 0x0211, 0x0211, 0x0211, 0x0211, 0x0211, 0x01F1, 0x0211, 0x0211, 0x0211, 0x0211, 0x0211, 0x0211, 0x0211,
    0x0211, 0x0211, 0x0211, 0x0211, 0x0211, 0x0211, 0x0211, 0x0211, 0x0211, 0x0211, 0x0212, 0x0211, 0x0211, 0x0211, 0x0211, 0x0211,
    0x0211, 0x0211, 0x0211, 0x0211, 0x01F1, 0x0211, 0x0211, 0x0212, 0x0211, 0x0211, 0x0211, 0x0211, 0x0211, 0x0211, 0x0211, 0x0211,
    0x0211, 0x0211, 0x0211, 0x0211, 0x0211, 0x0212, 0x0212, 0x0211, 0x0211, 0x0211, 0x0211, 0x0211, 0x0211, 0x0211, 0x0211, 0x0211,
    0x0211, 0x0211, 0x0211, 0x0211, 0x0211, 0x0211, 0x0211, 0x0211, 0x0211, 0x0211, 0x0211, 0x0211, 0x0211, 0x0211, 0x0212, 0x0211,
    0x0211, 0x0211, 0x0211, 0x0211, 0x0211, 0x0211, 0x0211, 0x0211, 0x0211, 0x0211, 0x0211, 0x0211, 0x0211, 0x0211, 0x0211, 0x0211,
    0x0211, 0x0211, 0x0212, 0x0211, 0x0212, 0x0212, 0x01D1, 0x01F1, 0x01F1, 0x1251, 0x1251, 0x0211, 0x0212, 0x0211, 0x0211, 0x0211,
    0x0212, 0x0211, 0x0211, 0x0211, 0x0211, 0x0212, 0x0211, 0x0211, 0x0211, 0x0211, 0x0211, 0x0211, 0x0211, 0x0211, 0x0211, 0x0211,
    0x0211, 0x0211, 0x0211, 0x0211, 0x0211, 0x0211, 0x0211, 0x0211, 0x0211, 0x0211, 0x0211, 0x0211, 0x0211, 0x0211, 0x0211, 0x0211,
    0x0212, 0x0211, 0x0211, 0x0211, 0x0211, 0x0211, 0x0211, 0x0211, 0x0211, 0x0211, 0x0211, 0x0211, 0x0211, 0x0211, 0x0212, 0x0211,
    0x0212, 0x0212, 0x0211, 0x0211, 0x0211, 0x0211, 0x0212, 0x0211, 0x0211, 0x0211, 0x0211, 0x0211, 0x0211, 0x0211, 0x0211, 0x0211,
    0x0211, 0x0211, 0x0211, 0x0211, 0x0211, 0x0211, 0x0211, 0x0211, 0x0211, 0x0212, 0x0211, 0x0211, 0x0211, 0x0211, 0x0211, 0x0211,
    0x0211, 0x0211, 0x0211, 0x0211, 0x0211, 0x0211, 0x0211, 0x0211, 0x0211, 0x0211, 0x0211, 0x0211, 0x0211, 0x0211, 0x0211, 0x0211,
    0x0211, 0x0211, 0x0211, 0x0211, 0x0211, 0x0211, 0x0212, 0x0211, 0x0211, 0x0211, 0x0211, 0x0211, 0x0211, 0x0211, 0x0211, 0x0211,
    0x0211, 0x0211, 0x0211, 0x0211, 0x0211, 0x0211, 0x0211, 0x0211, 0x0211, 0x0211, 0x0211, 0x0211, 0x0211, 0x0211, 0x0211, 0x0211,
    0x0211, 0x0211, 0x0211, 0x0211, 0x0211, 0x0211, 0x0211, 0x0211, 0x0211, 0x0211, 0x0211, 0x0212, 0x0211, 0x0211, 0x0211, 0x0211,
    0x0211, 0x0212, 0x0211, 0x0211, 0x0211, 0x0211, 0x0212, 0x0211, 0x0211, 0x0211, 0x0212, 0x0211, 0x0211, 0x0211, 0x0211, 0x0211,
    0x0211, 0x0211, 0x0211, 0x0211, 0x0211, 0x0211, 0x0211, 0x0211, 0x0211, 0x0211, 0x0211, 0x0211, 0x0211, 0x0211, 0x0211, 0x0211,
    0x0211, 0x0211, 0x0211, 0x0211, 0x0211, 0x0211, 0x0211, 0x0211, 0x0211, 0x0211, 0x0211, 0x0211, 0x0211, 0x0211, 0x0211, 0x0211,
    0x0211, 0x0211, 0x0211, 0x0211, 0x0211, 0x0211, 0x0211, 0x0211, 0x0211, 0x0211, 0x0211, 0x0211, 0x0211, 0x0211, 0x0211, 0x0212,
    0x0211, 0x0211, 0x0211, 0x0211, 0x0211, 0x0211, 0x0211, 0x0211, 0x0211, 0x0211, 0x0211, 0x0211, 0x0211, 0x0211, 0x0211, 0x0211,
    0x0211, 0x0211, 0x0211, 0x0211, 0x0211, 0x0211, 0x0211, 0x0211, 0x0211, 0x0212, 0x0211, 0x0211, 0x0211, 0x0211, 0x0211, 0x0211,
    0x0211, 0x0211, 0x0211, 0x0211, 0x0211, 0x0211, 0x0211, 0x0211, 0x0211, 0x0211, 0x0211, 0x0211, 0x0211, 0x0211, 0x0211, 0x0211,
    0x0212, 0x0211, 0x0211, 0x0211, 0x0211, 0x0212, 0x0211, 0x0211, 0x0211, 0x0211, 0x0211, 0x0211, 0x0211, 0x0211, 0x0211, 0x0211,
    0x0211, 0x0211, 0x0211, 0x0211, 0x0211, 0x0211, 0x0211, 0x0212, 0x0211, 0x0212, 0x0211, 0x0211, 0x0211, 0x0211, 0x0211, 0x0211,
    0x0211, 0x0211, 0x0211, 0x0211, 0x0211, 0x0211, 0x0211, 0x0211, 0x0211, 0x0211, 0x0211, 0x0211, 0x0211, 0x0211, 0x0211, 0x0211,
    0x0211, 0x0211, 0x0211, 0x0212, 0x01F1, 0x01F1, 0x22B2, 0x1A92, 0x01F1, 0x0211, 0x0211, 0x0211, 0x0211, 0x0211, 0x0211, 0x0211,
    0x0211, 0x0211, 0x0211, 0x0211, 0x0211, 0x0212, 0x0211, 0x0211, 0x0211, 0x0211, 0x0211, 0x0212, 0x0211, 0x0211, 0x0211, 0x0211,
    0x0211, 0x0211, 0x0211, 0x0211, 0x0211, 0x0211, 0x0211, 0x0211, 0x0211, 0x0211, 0x0211, 0x0211, 0x0212, 0x0211, 0x0211, 0x0211,
    0x0211, 0x0211, 0x0211, 0x0211, 0x0211, 0x0211, 0x0211, 0x0211, 0x0211, 0x0211, 0x0211, 0x0211, 0x0211, 0x0211, 0x0211, 0x0211,
    0x0212, 0x0212, 0x0212, 0x0211, 0x0211, 0x0211, 0x0211, 0x0211, 0x0211, 0x0211, 0x0211, 0x0211, 0x0211, 0x0211, 0x0211, 0x0211,
    0x0211, 0x0211, 0x0211, 0x0211, 0x0211, 0x0211, 0x0211, 0x0212, 0x0212, 0x0211, 0x0212, 0x0211, 0x0211, 0x0211, 0x0211, 0x0212,
    0x0211, 0x0211, 0x0211, 0x0211, 0x0211, 0x0211, 0x0211, 0x0211, 0x0211, 0x0211, 0x0211, 0x0211, 0x0211, 0x0211, 0x0211, 0x0212,
    0x0212, 0x0211, 0x0211, 0x0212, 0x0211, 0x0211, 0x0211, 0x0211, 0x0211, 0x0211, 0x0211, 0x0211, 0x0211, 0x0211, 0x0211, 0x0211,
    0x0211, 0x0211, 0x0212, 0x0211, 0x0211, 0x0211, 0x0211, 0x0211, 0x0212, 0x0212, 0x0212, 0x0211, 0x0211, 0x0211, 0x0211, 0x0211,
    0x0211, 0x0211, 0x0211, 0x0211, 0x0211, 0x0211, 0x0211, 0x0211, 0x0211, 0x0211, 0x0211, 0x0211, 0x0211, 0x0211, 0x0212, 0x0211,
    0x0212, 0x0211, 0x0211, 0x0211, 0x0211, 0x0211, 0x0211, 0x0211, 0x0211, 0x0211, 0x0211, 0x0211, 0x0211, 0x0211, 0x0211, 0x0211,
    0x0211, 0x0211, 0x0211, 0x0211, 0x0212, 0x0211, 0x0211, 0x0212, 0x0211, 0x0211, 0x0211, 0x0211, 0x0212, 0x0211, 0x0211, 0x0211,
    0x0211, 0x0211, 0x0211, 0x0211, 0x0211, 0x0211, 0x0211, 0x0211, 0x0211, 0x0211, 0x0211, 0x0211, 0x0211, 0x0211, 0x0212, 0x0211,
    0x0211, 0x0211, 0x0211, 0x0211, 0x0211, 0x0211, 0x0211, 0x0211, 0x0211, 0x0211, 0x0211, 0x0211, 0x0211, 0x0211, 0x0211, 0x0211,
    0x0211, 0x0211, 0x0211, 0x0211, 0x0211, 0x0211, 0x0211, 0x0211, 0x0211, 0x0211, 0x0211, 0x0211, 0x0211, 0x0211, 0x0211, 0x0211,
    0x0211, 0x0211, 0x0211, 0x0211, 0x0211, 0x0211, 0x0211, 0x0211, 0x0211, 0x0211, 0x0211, 0x0211, 0x0211, 0x0211, 0x0212, 0x0211,
    0x0211, 0x0211, 0x0211, 0x0211, 0x0211, 0x0211, 0x0211, 0x0211, 0x0211, 0x0211, 0x0211, 0x0211, 0x0211, 0x0211, 0x0211, 0x0211,
    0x0212, 0x0212, 0x0211, 0x0211, 0x0211, 0x0211, 0x0211, 0x0211, 0x0211, 0x0211, 0x0211, 0x0211, 0x0211, 0x0211, 0x0211, 0x0211,
    0x0211, 0x0211, 0x0211, 0x0211, 0x0211, 0x0211, 0x0211, 0x0211, 0x0211, 0x0212, 0x0211, 0x0211, 0x0211, 0x0211, 0x0211, 0x0211,
    0x0211, 0x0211, 0x0211, 0x0211, 0x0211, 0x0211, 0x0211, 0x0211, 0x0211, 0x0211, 0x0211, 0x0211, 0x0211, 0x0211, 0x0211, 0x0211,
    0x0211, 0x0211, 0x0211, 0x0211, 0x0A31, 0x22B2, 0x22B2, 0x0211, 0x01D0, 0x01B0, 0x01F1, 0x0211, 0x0211, 0x0211, 0x0211, 0x0211,
    0x0211, 0x0211, 0x0211, 0x0211, 0x0211, 0x0211, 0x0211, 0x0211, 0x0211, 0x0211, 0x0211, 0x0211, 0x0211, 0x0211, 0x0211, 0x0211,
    0x0211, 0x0211, 0x0211, 0x0211, 0x0211, 0x0211, 0x0211, 0x0212, 0x0211, 0x0211, 0x0211, 0x0211, 0x0211, 0x0211, 0x0211, 0x0211,
    0x0211, 0x0211, 0x0211, 0x0211, 0x0211, 0x0211, 0x0211, 0x0211, 0x0211, 0x0211, 0x0211, 0x0211, 0x0211, 0x0211, 0x0211, 0x0211,
    0x0211, 0x0211, 0x0211, 0x0211, 0x0211, 0x0211, 0x0211, 0x0211, 0x0211, 0x0211, 0x0211, 0x0211, 0x0211, 0x0211, 0x0211, 0x0211,
    0x0211, 0x0211, 0x0211, 0x0211, 0x0211, 0x0211, 0x0211, 0x0212, 0x0212, 0x0211, 0x0211, 0x0211, 0x0211, 0x0211, 0x0211, 0x0211,
    0x0211, 0x0211, 0x0211, 0x0211, 0x0211, 0x0211, 0x0211, 0x0211, 0x0211, 0x0211, 0x0211, 0x0211, 0x0211, 0x0211, 0x0211, 0x0211,
    0x0211, 0x0212, 0x0211, 0x0211, 0x0211, 0x0211, 0x0211, 0x0211, 0x0211, 0x0211, 0x0211, 0x0211, 0x0211, 0x0211, 0x0211, 0x0211,
    0x0211, 0x0211, 0x0211, 0x0211, 0x0211, 0x0211, 0x0211, 0x0211, 0x0211, 0x0211, 0x0211, 0x0211, 0x0211, 0x0211, 0x0211, 0x0211,
    0x0211, 0x0211, 0x0211, 0x0211, 0x0211, 0x0211, 0x0211, 0x0211, 0x0211, 0x0211, 0x0211, 0x0211, 0x0211, 0x0211, 0x0211, 0x0212,
    0x0212, 0x0211, 0x0211, 0x0211, 0x0211, 0x0211, 0x0211, 0x0211, 0x0211, 0x0211, 0x0211, 0x0211, 0x0211, 0x0211, 0x0211, 0x0211,
    0x0211, 0x0211, 0x0211, 0x0211, 0x0211, 0x0211, 0x0211, 0x0211, 0x0211, 0x0211, 0x0211, 0x0211, 0x0211, 0x0211, 0x0211, 0x0211,
    0x0211, 0x0211, 0x0211, 0x0211, 0x0211, 0x0211, 0x0211, 0x0211, 0x0211, 0x0211, 0x0211, 0x0211, 0x0211, 0x0211, 0x0211, 0x0211,
    0x0211, 0x0211, 0x0211, 0x0211, 0x0211, 0x0211, 0x0211, 0x0211, 0x0211, 0x0211, 0x0211, 0x0211, 0x0211, 0x0211, 0x0211, 0x0211,
    0x0211, 0x0211, 0x0211, 0x0211, 0x0211, 0x0211, 0x0211, 0x0211, 0x0211, 0x0211, 0x0211, 0x0211, 0x0211, 0x0211, 0x0211, 0x0211,
    0x0211, 0x0211, 0x0211, 0x0211, 0x0212, 0x0211, 0x0211, 0x0211, 0x0211, 0x0211, 0x0211, 0x0211, 0x0211, 0x0211, 0x0211, 0x0211,
    0x0211, 0x0211, 0x0211, 0x0211, 0x0211, 0x0211, 0x0211, 0x0211, 0x0211, 0x0211, 0x0211, 0x0211, 0x0211, 0x0211, 0x0211, 0x0212,
    0x0212, 0x0211, 0x0211, 0x0211, 0x0211, 0x0212, 0x0211, 0x0211, 0x0211, 0x0211, 0x0211, 0x0211, 0x0211, 0x0211, 0x0211, 0x0211,
    0x0211, 0x0211, 0x0211, 0x0211, 0x0211, 0x0211, 0x0211, 0x0212, 0x0211, 0x0211, 0x0212, 0x0211, 0x0211, 0x0211, 0x0211, 0x0211,
    0x0211, 0x0211, 0x0211, 0x0211, 0x0211, 0x0211, 0x0211, 0x0211, 0x0211, 0x0211, 0x0211, 0x0211, 0x0211, 0x0211, 0x0211, 0x0211,
    0x0211, 0x0212, 0x0212, 0x0A31, 0x0A31, 0x0211, 0x016F, 0x1230, 0x32F2, 0x4B94, 0x01F0, 0x0211, 0x0211, 0x0211, 0x0211, 0x0211,
    0x0211, 0x0211, 0x0211, 0x0212, 0x0211, 0x0211, 0x0211, 0x0211, 0x0211, 0x0212, 0x0211, 0x0211, 0x0211, 0x0211, 0x0211, 0x0211,
    0x0211, 0x0211, 0x0211, 0x0211, 0x0211, 0x0211, 0x0211, 0x0211, 0x0211, 0x0211, 0x0211, 0x0211, 0x0211, 0x0211, 0x0212, 0x0211,
    0x0211, 0x0211, 0x0211, 0x0211, 0x0211, 0x0211, 0x0211, 0x0211, 0x0211, 0x0211, 0x0211, 0x0211, 0x0211, 0x0211, 0x0212, 0x0211,
    0x0211, 0x0211, 0x0211, 0x0211, 0x0211, 0x0211, 0x0211, 0x0211, 0x0211, 0x0211, 0x0211, 0x0211, 0x0211, 0x0211, 0x0211, 0x0211,
    0x0211, 0x0211, 0x0211, 0x0212, 0x0211, 0x0211, 0x0211, 0x0211, 0x0211, 0x0212, 0x0211, 0x0211, 0x0211, 0x0211, 0x0211, 0x0211,
    0x0211, 0x0211, 0x0211, 0x0211, 0x0211, 0x0211, 0x0211, 0x0211, 0x0211, 0x0211, 0x0211, 0x0211, 0x0212, 0x0211, 0x0211, 0x0211,
    0x0211, 0x0211, 0x0212, 0x0211, 0x0211, 0x0211, 0x0211, 0x0211, 0x0211, 0x0211, 0x0211, 0x0211, 0x0211, 0x0211, 0x0211, 0x0211,
    0x0211, 0x0211, 0x0211, 0x0211, 0x0212, 0x0211, 0x0212, 0x0212, 0x0211, 0x0211, 0x0211, 0x0211, 0x0211, 0x0211, 0x0211, 0x0211,
    0x0211, 0x0211, 0x0211, 0x0211, 0x0211, 0x0211, 0x0211, 0x0211, 0x0212, 0x0211, 0x0211, 0x0211, 0x0211, 0x0212, 0x0212, 0x0212,
    0x0211, 0x0211, 0x0211, 0x0211, 0x0211, 0x0211, 0x0211, 0x0211, 0x0211, 0x0211, 0x0211, 0x0211, 0x0211, 0x0211, 0x0211, 0x0211,
    0x0211, 0x0211, 0x0212, 0x0211, 0x0211, 0x0211, 0x0211, 0x0211, 0x0211, 0x0211, 0x0211, 0x0211, 0x0211, 0x0211, 0x0211, 0x0211,
    0x0211, 0x0211, 0x0211, 0x0211, 0x0211, 0x0211, 0x0211, 0x0211, 0x0211, 0x0211, 0x0211, 0x0211, 0x0211, 0x0211, 0x0211, 0x0211,
    0x0211, 0x0211, 0x0211, 0x0211, 0x0211, 0x0211, 0x0211, 0x0211, 0x0211, 0x0211, 0x0211, 0x0211, 0x0211, 0x0211, 0x0211, 0x0211,
    0x01F1, 0x0211, 0x0211, 0x0211, 0x0211, 0x0211, 0x0211, 0x0211, 0x0211, 0x0211, 0x0211, 0x0211, 0x0211, 0x0211, 0x0211, 0x0211,
    0x0211, 0x0211, 0x0211, 0x0211, 0x0211, 0x0211, 0x0211, 0x0211, 0x0211, 0x0211, 0x0211, 0x0211, 0x0211, 0x0211, 0x0211, 0x0211,
    0x0211, 0x0211, 0x0211, 0x0211, 0x0211, 0x0211, 0x0211, 0x0211, 0x0211, 0x0211, 0x0211, 0x0211, 0x0211, 0x0211, 0x0211, 0x0211,
    0x0211, 0x0211, 0x0211, 0x0211, 0x0211, 0x0211, 0x0211, 0x0211, 0x0211, 0x0211, 0x0211, 0x0211, 0x0211, 0x0211, 0x0211, 0x0211,
    0x0211, 0x0211, 0x0211, 0x0211, 0x0211, 0x0211, 0x0211, 0x0211, 0x0211, 0x0211, 0x0211, 0x0211, 0x0211, 0x0211, 0x0211, 0x0211,
    0x0211, 0x0211, 0x0211, 0x0211, 0x0211, 0x0211, 0x0211, 0x0211, 0x0211, 0x0211, 0x0211, 0x0211, 0x0211, 0x0211, 0x0211, 0x0211,
    0x0212, 0x01F1, 0x01D1, 0x0A32, 0x01F1, 0x1231, 0x7496, 0x7C95, 0x4332, 0x3B53, 0x01F1, 0x0211, 0x0211, 0x0211, 0x0211, 0x0211,
    0x0211, 0x0211, 0x0211, 0x0211, 0x0211, 0x0211, 0x0211, 0x0211, 0x0211, 0x0211, 0x0211, 0x0211, 0x0211, 0x0211, 0x0211, 0x0211,
    0x0211, 0x0211, 0x0211, 0x0211, 0x0211, 0x0211, 0x0211, 0x0211, 0x0212, 0x0211, 0x0211, 0x0211, 0x0211, 0x0211, 0x0211, 0x0211,
    0x0211, 0x0211, 0x0211, 0x0211, 0x0211, 0x0211, 0x0211, 0x0211, 0x0211, 0x0211, 0x0211, 0x0211, 0x0211, 0x0211, 0x0211, 0x0211,
    0x0211, 0x0211, 0x0211, 0x0211, 0x0211, 0x0211, 0x0211, 0x0211, 0x0211, 0x0211, 0x0211, 0x0211, 0x0211, 0x0211, 0x0211, 0x0211,
    0x0211, 0x0211, 0x0211, 0x0211, 0x0211, 0x0211, 0x0211, 0x0211, 0x0211, 0x0211, 0x0211, 0x0211, 0x0211, 0x0211, 0x0211, 0x0211,
    0x0211, 0x0211, 0x0211, 0x0211, 0x0211, 0x0211, 0x0211, 0x0211, 0x0211, 0x0211, 0x0211, 0x0211, 0x0211, 0x0211, 0x0211, 0x0211,
    0x0211, 0x0211, 0x0211, 0x0211, 0x0211, 0x0211, 0x0211, 0x0211, 0x0211, 0x0211, 0x0211, 0x0211, 0x0211, 0x0211, 0x0211, 0x0211,
    0x0211, 0x0211, 0x0211, 0x0211, 0x0211, 0x0211, 0x0211, 0x0211, 0x0211, 0x0211, 0x0211, 0x0211, 0x0211, 0x0211, 0x0211, 0x0211,
    0x0211, 0x0211, 0x0211, 0x0211, 0x0211, 0x0211, 0x0211, 0x0211, 0x0211, 0x0211, 0x0211, 0x0211, 0x0211, 0x0212, 0x0211, 0x0211,
    0x0211, 0x0211, 0x0211, 0x0211, 0x0211, 0x0211, 0x0211, 0x0211, 0x0211, 0x0211, 0x0211, 0x0211, 0x0211, 0x0211, 0x0211, 0x0211,
    0x0211, 0x0211, 0x0211, 0x0211, 0x0211, 0x0211, 0x0211, 0x0211, 0x0211, 0x0212, 0x0211, 0x0211, 0x0211, 0x0211, 0x0211, 0x0211,
    0x0211, 0x0211, 0x0211, 0x0211, 0x0211, 0x0211, 0x0211, 0x0211, 0x0211, 0x0211, 0x0211, 0x0211, 0x0211, 0x0211, 0x0211, 0x0211,
    0x0211, 0x0211, 0x0211, 0x0211, 0x0211, 0x0211, 0x0211, 0x0211, 0x0211, 0x0211, 0x0211, 0x01F1, 0x0211, 0x0211, 0x0211, 0x01F1,
    0x0211, 0x0211, 0x0211, 0x0211, 0x0211, 0x0211, 0x0211, 0x0211, 0x0211, 0x0211, 0x0211, 0x0211, 0x0211, 0x0211, 0x0211, 0x0211,
    0x0211, 0x0211, 0x0211, 0x0212, 0x0212, 0x0212, 0x0212, 0x0211, 0x0211, 0x0212, 0x0212, 0x0211, 0x0211, 0x0211, 0x0211, 0x0211,
    0x0211, 0x0211, 0x0211, 0x0211, 0x0211, 0x0211, 0x0211, 0x0211, 0x0211, 0x0211, 0x0211, 0x0211, 0x0211, 0x0212, 0x0212, 0x0211,
    0x0211, 0x0211, 0x0211, 0x0211, 0x0211, 0x0211, 0x0211, 0x0211, 0x0211, 0x0211, 0x0211, 0x0211, 0x0211, 0x0211, 0x0211, 0x0211,
    0x0211, 0x0212, 0x0211, 0x0211, 0x0212, 0x0211, 0x0211, 0x0211, 0x0211, 0x0211, 0x0211, 0x0211, 0x0211, 0x0211, 0x0211, 0x0211,
    0x0211, 0x0211, 0x0211, 0x0211, 0x0211, 0x0211, 0x0211, 0x0211, 0x0211, 0x0211, 0x0211, 0x0211, 0x0211, 0x0212, 0x0211, 0x0212,
    0x01F1, 0x1A92, 0x4394, 0x2AB1, 0x7455, 0xD6FC, 0x8D17, 0x6C35, 0x2AD2, 0x0190, 0x0211, 0x01F1, 0x0211, 0x0211, 0x0211, 0x0211,
    0x0212, 0x0211, 0x0212, 0x0212, 0x0212, 0x0212, 0x0211, 0x0211, 0x0211, 0x0211, 0x0211, 0x0211, 0x0211, 0x01F1, 0x0211, 0x0211,
    0x0211, 0x0211, 0x0211, 0x0211, 0x0211, 0x0212, 0x0211, 0x0211, 0x0211, 0x0211, 0x0211, 0x0211, 0x0211, 0x0211, 0x0211, 0x0211,
    0x0211, 0x0211, 0x0211, 0x0211, 0x0211, 0x0211, 0x0211, 0x0211, 0x0211, 0x0211, 0x0211, 0x0211, 0x0212, 0x0212, 0x0211, 0x0212,
    0x0212, 0x0211, 0x0211, 0x0211, 0x0211, 0x0211, 0x0211, 0x0211, 0x0211, 0x0212, 0x0211, 0x0211, 0x0211, 0x0211, 0x0211, 0x0211,
    0x0211, 0x0211, 0x0211, 0x0212, 0x0211, 0x0212, 0x0211, 0x0211, 0x0212, 0x0211, 0x0211, 0x0211, 0x0211, 0x0211, 0x0211, 0x0211,
    0x0211, 0x0211, 0x0211, 0x0211, 0x0211, 0x0211, 0x0211, 0x0211, 0x0211, 0x0212, 0x0211, 0x0211, 0x0212, 0x0211, 0x0211, 0x0211,
    0x0211, 0x0211, 0x0211, 0x0211, 0x0211, 0x0211, 0x0211, 0x0211, 0x0211, 0x0211, 0x0211, 0x0211, 0x0211, 0x0211, 0x0211, 0x0211,
    0x0211, 0x0211, 0x0211, 0x0211, 0x0211, 0x0212, 0x0211, 0x0211, 0x0211, 0x0211, 0x0211, 0x0211, 0x0211, 0x0211, 0x0212, 0x0211,
    0x0211, 0x0211, 0x0211, 0x0211, 0x0211, 0x0211, 0x0211, 0x0211, 0x0211, 0x0211, 0x0211, 0x0211, 0x0211, 0x0211, 0x0212, 0x0211,
    0x0211, 0x0211, 0x0211, 0x0211, 0x0211, 0x0211, 0x0211, 0x0211, 0x0211, 0x0211, 0x0211, 0x0211, 0x0211, 0x0211, 0x0212, 0x0212,
    0x0212, 0x0211, 0x0211, 0x0212, 0x0212, 0x0211, 0x0211, 0x0211, 0x0211, 0x0211, 0x0211, 0x0211, 0x0211, 0x0211, 0x0211, 0x0211,
    0x0211, 0x0211, 0x0211, 0x0211, 0x0211, 0x0211, 0x0211, 0x0211, 0x0211, 0x0212, 0x0211, 0x0211, 0x0211, 0x0211, 0x0211, 0x0211,
    0x0211, 0x0211, 0x0211, 0x0211, 0x0211, 0x0211, 0x0211, 0x0211, 0x0211, 0x0211, 0x0211, 0x01F1, 0x0211, 0x0211, 0x0211, 0x01F1,
    0x0211, 0x0211, 0x0211, 0x0211, 0x0211, 0x0211, 0x0211, 0x0211, 0x0211, 0x0211, 0x0211, 0x0211, 0x0211, 0x0211, 0x0211, 0x0211,
    0x0211, 0x0211, 0x0211, 0x0211, 0x0211, 0x0211, 0x0211, 0x0211, 0x0211, 0x0211, 0x0211, 0x0212, 0x0211, 0x0211, 0x0211, 0x0211,
    0x0211, 0x0211, 0x0211, 0x0211, 0x0211, 0x0211, 0x0211, 0x0211, 0x0211, 0x0211, 0x0211, 0x0211, 0x0211, 0x0211, 0x0211, 0x0211,
    0x0211, 0x0211, 0x0211, 0x0211, 0x0211, 0x0211, 0x0211, 0x0211, 0x0211, 0x0211, 0x0211, 0x0211, 0x0211, 0x0211, 0x0211, 0x0211,
    0x0211, 0x0211, 0x0211, 0x0211, 0x0211, 0x0211, 0x0211, 0x0211, 0x0211, 0x0211, 0x0211, 0x0211, 0x0211, 0x0211, 0x0211, 0x0211,
    0x0211, 0x0211, 0x0211, 0x0211, 0x0211, 0x0211, 0x0211, 0x0211, 0x0211, 0x0211, 0x0211, 0x0211, 0x0211, 0x0211, 0x0211, 0x0211,
    0x01D1, 0x3313, 0x7C95, 0xA577, 0xD6FD, 0x32D1, 0x01D0, 0x1252, 0x0A31, 0x0211, 0x0211, 0x0211, 0x0211, 0x0211, 0x0211, 0x0211,
    0x0211, 0x0211, 0x0211, 0x0211, 0x0211, 0x0211, 0x0211, 0x0211, 0x0211, 0x0211, 0x0211, 0x0211, 0x0211, 0x0211, 0x0211, 0x0211,
    0x0211, 0x0211, 0x0211, 0x0211, 0x0211, 0x0211, 0x0211, 0x0211, 0x0211, 0x0211, 0x0211, 0x0211, 0x0211, 0x0211, 0x0211, 0x0211,
    0x0211, 0x0211, 0x0211, 0x0211, 0x0211, 0x0211, 0x0211, 0x0211, 0x0211, 0x0211, 0x0212, 0x0211, 0x0211, 0x0211, 0x0211, 0x0211,
    0x0211, 0x0211, 0x0211, 0x0211, 0x0211, 0x0211, 0x0211, 0x0211, 0x0211, 0x0211, 0x0211, 0x0211, 0x0211, 0x0211, 0x0211, 0x0211,
    0x0211, 0x0211, 0x0211, 0x0211, 0x0211, 0x0211, 0x0211, 0x0211, 0x0211, 0x0211, 0x0211, 0x0211, 0x0211, 0x0211, 0x0211, 0x0211,
    0x0211, 0x0211, 0x0211, 0x0211, 0x0211, 0x0211, 0x0211, 0x0211, 0x0212, 0x0211, 0x0211, 0x0211, 0x0212, 0x0211, 0x0211, 0x0211,
    0x0212, 0x0211, 0x0211, 0x0211, 0x0211, 0x0211, 0x0211, 0x0211, 0x0211, 0x0211, 0x0211, 0x0211, 0x0211, 0x0211, 0x0211, 0x0211,
    0x0211, 0x0211, 0x0211, 0x0211, 0x0211, 0x0211, 0x0211, 0x0211, 0x0211, 0x0211, 0x0211, 0x0211, 0x0211, 0x0211, 0x0211, 0x01F1,
    0x0211, 0x0211, 0x0211, 0x0211, 0x0211, 0x0212, 0x01F1, 0x0211, 0x01F1, 0x0211, 0x0211, 0x0211, 0x0211, 0x0211, 0x0211, 0x0211,
    0x0211, 0x0211, 0x0212, 0x0211, 0x0211, 0x0211, 0x0211, 0x0211, 0x0211, 0x0211, 0x0211, 0x0211, 0x0211, 0x0211, 0x0211, 0x0211,
    0x0211, 0x0211, 0x0211, 0x0211, 0x0211, 0x0211, 0x0211, 0x0211, 0x0212, 0x0211, 0x0212, 0x0211, 0x0211, 0x0211, 0x0211, 0x0211,
    0x0211, 0x0211, 0x0211, 0x0211, 0x0211, 0x0211, 0x0211, 0x0211, 0x0211, 0x0211, 0x0211, 0x0211, 0x0211, 0x0211, 0x0211, 0x0211,
    0x0211, 0x0211, 0x0211, 0x0211, 0x0211, 0x0211, 0x0211, 0x0211, 0x0211, 0x0211, 0x0211, 0x0211, 0x0211, 0x0211, 0x0211, 0x0211,
    0x0211, 0x0211, 0x0211, 0x0211, 0x0211, 0x0211, 0x0211, 0x0211, 0x0211, 0x0211, 0x0211, 0x0211, 0x0211, 0x0211, 0x0211, 0x0211,
    0x0211, 0x0211, 0x0211, 0x0211, 0x0211, 0x0211, 0x0211, 0x0211, 0x0211, 0x0211, 0x0211, 0x0212, 0x0211, 0x0211, 0x0211, 0x0211,
    0x0211, 0x0211, 0x0211, 0x0211, 0x0211, 0x0211, 0x0211, 0x0211, 0x0212, 0x0211, 0x0211, 0x0211, 0x0211, 0x0211, 0x0211, 0x0211,
    0x0211, 0x0211, 0x0211, 0x0211, 0x0211, 0x0211, 0x0211, 0x0211, 0x0211, 0x0211, 0x0211, 0x0211, 0x0211, 0x0211, 0x0211, 0x0212,
    0x0211, 0x0212, 0x0211, 0x0211, 0x0211, 0x0211, 0x0211, 0x0211, 0x0211, 0x0211, 0x0211, 0x0212, 0x0211, 0x0211, 0x0211, 0x0211,
    0x0211, 0x0211, 0x0211, 0x0211, 0x0211, 0x0211, 0x0211, 0x0211, 0x0211, 0x0211, 0x0211, 0x0211, 0x0211, 0x0211, 0x01F1, 0x0A52,
    0x0A11, 0x2A90, 0xDF3D, 0xE77E, 0x2250, 0x01D1, 0x0232, 0x01F1, 0x01F1, 0x0211, 0x0211, 0x0211, 0x0211, 0x0211, 0x0211, 0x0211,
    0x0211, 0x0211, 0x0211, 0x0211, 0x0211, 0x0211, 0x0211, 0x0211, 0x0211, 0x0211, 0x01F1, 0x0211, 0x0211, 0x0211, 0x0211, 0x0211,
    0x0211, 0x0211, 0x0211, 0x0212, 0x0211, 0x0211, 0x0211, 0x0211, 0x0211, 0x0211, 0x0211, 0x0211, 0x0211, 0x0211, 0x0211, 0x0211,
    0x0211, 0x0211, 0x0211, 0x01F1, 0x0211, 0x0211, 0x0211, 0x0211, 0x0211, 0x0211, 0x0211, 0x0211, 0x0211, 0x0211, 0x0211, 0x0211,
    0x0211, 0x0211, 0x0211, 0x0211, 0x0211, 0x0211, 0x0211, 0x0211, 0x01F1, 0x0211, 0x0211, 0x0211, 0x0211, 0x0211, 0x0211, 0x0211,
    0x0211, 0x0211, 0x0211, 0x0211, 0x0212, 0x0211, 0x0211, 0x0211, 0x0211, 0x0211, 0x0211, 0x0211, 0x0211, 0x0211, 0x0211, 0x0211,
    0x0211, 0x0211, 0x0211, 0x0211, 0x0211, 0x0211, 0x0211, 0x0211, 0x0211, 0x0212, 0x0212, 0x01F1, 0x01D1, 0x01F2, 0x0212, 0x0211,
    0x0211, 0x0211, 0x0211, 0x0211, 0x0211, 0x0211, 0x0211, 0x0211, 0x0211, 0x0211, 0x0211, 0x0211, 0x0211, 0x0211, 0x0211, 0x0211,
    0x0211, 0x0211, 0x0211, 0x0211, 0x0211, 0x0211, 0x0211, 0x0211, 0x0211, 0x0211, 0x0211, 0x0211, 0x0211, 0x0211, 0x01F1, 0x0211,
    0x0211, 0x0211, 0x0211, 0x0211, 0x0212, 0x0211, 0x1252, 0x0231, 0x1272, 0x0232, 0x0212, 0x0212, 0x01F1, 0x01F1, 0x01F1, 0x0212,
    0x0212, 0x01D1, 0x01D1, 0x0212, 0x0211, 0x01F1, 0x0211, 0x0211, 0x0211, 0x0211, 0x0212, 0x0211, 0x0211, 0x0212, 0x0212, 0x0211,
    0x0211, 0x0211, 0x0212, 0x0212, 0x0212, 0x0212, 0x0212, 0x0212, 0x0212, 0x0211, 0x0211, 0x0211, 0x0211, 0x0211, 0x0211, 0x0211,
    0x0211, 0x0211, 0x0211, 0x0211, 0x0211, 0x0211, 0x0211, 0x0211, 0x0211, 0x0211, 0x0211, 0x0211, 0x0211, 0x0212, 0x0211, 0x0211,
    0x0211, 0x0211, 0x0211, 0x0212, 0x0211, 0x0211, 0x0211, 0x0211, 0x0211, 0x0211, 0x0211, 0x0211, 0x0211, 0x0211, 0x0211, 0x0211,
    0x0211, 0x0211, 0x0211, 0x0211, 0x0211, 0x0211, 0x0211, 0x0211, 0x0211, 0x0211, 0x0211, 0x0211, 0x0211, 0x0211, 0x0211, 0x0211,
    0x0211, 0x0211, 0x0211, 0x0211, 0x0211, 0x0211, 0x0211, 0x0211, 0x0211, 0x0211, 0x0211, 0x0211, 0x0211, 0x0211, 0x0211, 0x0211,
    0x0211, 0x0211, 0x0211, 0x0211, 0x0211, 0x0211, 0x0211, 0x0211, 0x0211, 0x0211, 0x0211, 0x0211, 0x0211, 0x0211, 0x0211, 0x0211,
    0x0211, 0x0211, 0x0211, 0x0211, 0x0211, 0x0211, 0x0211, 0x0211, 0x0211, 0x0211, 0x0211, 0x0211, 0x0211, 0x0211, 0x0211, 0x0211,
    0x0211, 0x0211, 0x0211, 0x0211, 0x0211, 0x0211, 0x0211, 0x0211, 0x0211, 0x0211, 0x0211, 0x0211, 0x0211, 0x0211, 0x0211, 0x0211,
    0x0211, 0x0211, 0x0211, 0x0211, 0x0211, 0x0211, 0x0211, 0x0211, 0x0211, 0x0211, 0x0211, 0x01F1, 0x0211, 0x01F1, 0x01D1, 0x1A72,
    0x2230, 0xA5B9, 0xFFFF, 0xA598, 0x4B53, 0x1A72, 0x01F1, 0x0212, 0x0211, 0x0212, 0x0211, 0x0211, 0x0211, 0x0211, 0x0211, 0x0211,
    0x0211, 0x0211, 0x0211, 0x0211, 0x0211, 0x01F1, 0x0211, 0x0211, 0x0211, 0x0211, 0x0211, 0x0211, 0x0211, 0x0211, 0x0211, 0x0211,
    0x0211, 0x0211, 0x0211, 0x0211, 0x0211, 0x0211, 0x0211, 0x0211, 0x0211, 0x0211, 0x0211, 0x0211, 0x0211, 0x0211, 0x0211, 0x0211,
    0x0211, 0x0211, 0x0211, 0x0211, 0x0211, 0x0211, 0x0211, 0x0211, 0x0211, 0x0211, 0x0211, 0x0211, 0x0211, 0x0211, 0x0211, 0x0211,
    0x0211, 0x0211, 0x0211, 0x0211, 0x0212, 0x0211, 0x0211, 0x0211, 0x0211, 0x0211, 0x0211, 0x0211, 0x0211, 0x0211, 0x0211, 0x0211,
    0x0211, 0x0211, 0x0211, 0x0211, 0x0211, 0x0211, 0x0211, 0x0211, 0x0211, 0x0211, 0x0211, 0x0211, 0x0211, 0x0211, 0x0211, 0x0211,
    0x0211, 0x0211, 0x0211, 0x0211, 0x0212, 0x01F1, 0x01F1, 0x0212, 0x0212, 0x01B0, 0x01B0, 0x1251, 0x22B2, 0x1231, 0x01B0, 0x01F2,
    0x0211, 0x0212, 0x0211, 0x0211, 0x0211, 0x0211, 0x0211, 0x0211, 0x0211, 0x0211, 0x0211, 0x0211, 0x0211, 0x0211, 0x0211, 0x0211,
    0x0211, 0x0211, 0x0211, 0x0211, 0x0211, 0x0211, 0x0211, 0x0211, 0x0211, 0x0212, 0x0212, 0x0212, 0x0212, 0x0232, 0x0A32, 0x0212,
    0x0212, 0x0212, 0x0212, 0x0212, 0x0212, 0x0212, 0x4B95, 0x09F0, 0x1A71, 0x018F, 0x0190, 0x01B0, 0x01F1, 0x0212, 0x0212, 0x01D1,
    0x01AF, 0x1A71, 0x1A91, 0x01B0, 0x0212, 0x0212, 0x0211, 0x0211, 0x0211, 0x0211, 0x0212, 0x0212, 0x0232, 0x01D1, 0x01F1, 0x0212,
    0x0211, 0x01F1, 0x0190, 0x0190, 0x0190, 0x01B0, 0x01F0, 0x0190, 0x01D1, 0x01F1, 0x01F2, 0x0212, 0x0212, 0x0212, 0x0212, 0x0211,
    0x0212, 0x0212, 0x0211, 0x0211, 0x0212, 0x0211, 0x0211, 0x0211, 0x0211, 0x0211, 0x0211, 0x0211, 0x0211, 0x0211, 0x0211, 0x0211,
    0x01F1, 0x0212, 0x0211, 0x0212, 0x0211, 0x0211, 0x0211, 0x0211, 0x0211, 0x0211, 0x0211, 0x0211, 0x0211, 0x0211, 0x0211, 0x0211,
    0x0211, 0x0211, 0x0211, 0x0211, 0x0211, 0x0211, 0x0211, 0x0211, 0x0211, 0x0211, 0x0211, 0x0211, 0x0211, 0x0211, 0x0211, 0x0211,
    0x0211, 0x0211, 0x0211, 0x0211, 0x0211, 0x0211, 0x0211, 0x0211, 0x0211, 0x01F1, 0x0211, 0x0211, 0x0211, 0x0211, 0x0211, 0x0211,
    0x0211, 0x0211, 0x0211, 0x0211, 0x0211, 0x0211, 0x0211, 0x0211, 0x0211, 0x0211, 0x0211, 0x0211, 0x0211, 0x0211, 0x0211, 0x0211,
    0x0211, 0x0211, 0x0211, 0x0211, 0x0211, 0x0211, 0x0211, 0x0211, 0x0211, 0x0211, 0x0211, 0x0211, 0x0211, 0x0211, 0x0211, 0x0211,
    0x0211, 0x0211, 0x0211, 0x0211, 0x0211, 0x0211, 0x0211, 0x0212, 0x0211, 0x01F1, 0x01F1, 0x0211, 0x0211, 0x0211, 0x0211, 0x0211,
    0x0211, 0x0211, 0x0211, 0x0211, 0x0211, 0x0211, 0x0211, 0x0212, 0x0211, 0x0212, 0x0211, 0x01F1, 0x01F1, 0x01F1, 0x1231, 0x11EF,
    0xC67B, 0xF7BF, 0x6BF4, 0x5394, 0x2AB1, 0x0A11, 0x01F1, 0x0211, 0x0211, 0x0211, 0x0211, 0x0212, 0x0211, 0x0211, 0x0211, 0x0211,
    0x0211, 0x0211, 0x0211, 0x0211, 0x0211, 0x01F1, 0x01F1, 0x0211, 0x0211, 0x0211, 0x0211, 0x0211, 0x01F1, 0x0211, 0x0211, 0x0211,
    0x0211, 0x0211, 0x0211, 0x0211, 0x0211, 0x0211, 0x0211, 0x0211, 0x0211, 0x01F1, 0x01F1, 0x0212, 0x0211, 0x0211, 0x0211, 0x0211,
    0x0212, 0x0211, 0x0211, 0x0211, 0x0211, 0x0211, 0x0211, 0x0211, 0x0211, 0x0211, 0x0211, 0x0211, 0x0211, 0x0211, 0x0211, 0x0211,
    0x0211, 0x0211, 0x0211, 0x0211, 0x0211, 0x0211, 0x0211, 0x0211, 0x0211, 0x0211, 0x0211, 0x0211, 0x0211, 0x0211, 0x0211, 0x0211,
    0x0211, 0x0211, 0x0211, 0x0211, 0x0211, 0x0211, 0x0211, 0x0211, 0x0211, 0x0211, 0x0211, 0x0211, 0x0211, 0x0211, 0x01F1, 0x01F1,
    0x01F1, 0x0211, 0x0211, 0x0211, 0x0211, 0x0212, 0x0212, 0x01F1, 0x01B0, 0x6435, 0xBE3A, 0xE75D, 0xF7DF, 0xDF3D, 0x7476, 0x01F0,
    0x0212, 0x0232, 0x0212, 0x0211, 0x0211, 0x0211, 0x0212, 0x0211, 0x0211, 0x0211, 0x0211, 0x0211, 0x0211, 0x0211, 0x0211, 0x0211,
    0x0211, 0x0211, 0x0211, 0x0211, 0x0211, 0x0212, 0x0212, 0x0212, 0x0212, 0x01F1, 0x01D1, 0x01B1, 0x0170, 0x01D0, 0x1231, 0x016F,
    0x01D0, 0x0190, 0x2291, 0x2AD2, 0x01F0, 0x018F, 0x7476, 0xB61A, 0xA5D9, 0x9D79, 0x7CB6, 0x4353, 0x01AF, 0x018F, 0x016F, 0x32F2,
    0xBE7B, 0xE77D, 0xE77E, 0x4312, 0x01AF, 0x01F1, 0x01F2, 0x0212, 0x0212, 0x01F1, 0x01B1, 0x01B0, 0x018F, 0x2AD2, 0x1251, 0x01D1,
    0x01F1, 0x1A71, 0x6435, 0x7CD7, 0x8D38, 0x9517, 0xC67B, 0x6C55, 0x3B13, 0x1A51, 0x09F0, 0x0190, 0x0190, 0x01B0, 0x01D1, 0x01F1,
    0x01F1, 0x0212, 0x0211, 0x0212, 0x0212, 0x0211, 0x0211, 0x0211, 0x0211, 0x0211, 0x0211, 0x0211, 0x01F1, 0x0212, 0x0212, 0x0211,
    0x1252, 0x0211, 0x0212, 0x0211, 0x0211, 0x0211, 0x0211, 0x0211, 0x0211, 0x0211, 0x0211, 0x0211, 0x0211, 0x0211, 0x0211, 0x0211,
    0x0211, 0x0211, 0x0211, 0x0211, 0x0211, 0x0211, 0x0211, 0x0211, 0x0211, 0x0211, 0x0211, 0x0211, 0x0211, 0x0211, 0x0211, 0x0211,
    0x0211, 0x0211, 0x0211, 0x0211, 0x0211, 0x0211, 0x0211, 0x0211, 0x0211, 0x0211, 0x0211, 0x0211, 0x0211, 0x0211, 0x0211, 0x0211,
    0x0211, 0x0211, 0x0211, 0x0211, 0x0211, 0x0211, 0x0211, 0x0211, 0x0211, 0x0211, 0x0211, 0x0211, 0x0211, 0x0211, 0x0211, 0x0211,
    0x0211, 0x0211, 0x0211, 0x0211, 0x01F1, 0x0211, 0x0211, 0x0211, 0x0211, 0x0211, 0x0211, 0x0211, 0x0211, 0x0211, 0x0211, 0x0211,
    0x0211, 0x0211, 0x0211, 0x0211, 0x0211, 0x0211, 0x0211, 0x01F1, 0x0211, 0x01F1, 0x01F1, 0x0211, 0x0211, 0x0211, 0x0211, 0x0211,
    0x0211, 0x0211, 0x0211, 0x0211, 0x0211, 0x0211, 0x0211, 0x0211, 0x0211, 0x0212, 0x0211, 0x0212, 0x01B0, 0x6C76, 0x84B6, 0x94F7,
    0xF7DF, 0x7C75, 0x09D0, 0x01B0, 0x01D1, 0x01F1, 0x0211, 0x0211, 0x0211, 0x0211, 0x0211, 0x0211, 0x0211, 0x0211, 0x0211, 0x0211,
    0x0211, 0x0211, 0x0211, 0x0211, 0x0211, 0x0211, 0x01F1, 0x0211, 0x0211, 0x0211, 0x01F1, 0x0211, 0x0211, 0x0211, 0x0211, 0x0211,
    0x0211, 0x0211, 0x0211, 0x0211, 0x0211, 0x0211, 0x0211, 0x0211, 0x0211, 0x01F1, 0x01F1, 0x01F2, 0x0211, 0x0211, 0x0211, 0x0211,
    0x01F1, 0x0211, 0x0211, 0x0211, 0x0211, 0x0211, 0x0211, 0x0211, 0x0211, 0x0211, 0x0211, 0x0211, 0x0211, 0x0211, 0x0211, 0x0211,
    0x0211, 0x0211, 0x0211, 0x0211, 0x0211, 0x0211, 0x0211, 0x0211, 0x0211, 0x0211, 0x0211, 0x0211, 0x0211, 0x0211, 0x0211, 0x0211,
    0x0211, 0x0211, 0x0211, 0x0211, 0x0211, 0x0211, 0x0211, 0x0211, 0x0211, 0x0211, 0x0211, 0x01F1, 0x0211, 0x0211, 0x0211, 0x0211,
    0x0211, 0x0211, 0x0211, 0x0212, 0x0212, 0x01D1, 0x01D1, 0x2AF3, 0x2250, 0xADD9, 0xFFFF, 0xFFFF, 0xFFFF, 0xFFFF, 0xCE7A, 0x6C14,
    0x01CF, 0x0170, 0x01B0, 0x01F2, 0x01F2, 0x01F1, 0x0212, 0x0212, 0x0212, 0x0212, 0x0212, 0x0212, 0x0211, 0x0211, 0x0211, 0x0211,
    0x0211, 0x0211, 0x0211, 0x0211, 0x0212, 0x0232, 0x01F1, 0x0190, 0x01D0, 0x32F2, 0x2AB1, 0x4353, 0x6C76, 0x84B6, 0x9D78, 0xADFA,
    0xBE5B, 0xB63A, 0xB61A, 0xDF1C, 0xD6FC, 0xB5FA, 0xF7DF, 0xFFFF, 0xFFFF, 0xFFFF, 0xFFFF, 0xFFFF, 0xCE9C, 0x8D17, 0x4332, 0xADD9,
    0xFFFF, 0xFFDF, 0xFFFF, 0xF7DF, 0xC69B, 0x4B93, 0x09F0, 0x01F0, 0x0A10, 0x2291, 0x53D4, 0x84F7, 0x9537, 0xEF9E, 0xCEDC, 0x32D2,
    0x016E, 0x84F7, 0xFFFF, 0xFFFF, 0xFFFF, 0xFFFF, 0xFFFF, 0xFFFF, 0xFFFF, 0xEF7E, 0xD6FC, 0xADDA, 0x7CB7, 0x53B4, 0x2AB1, 0x1A51,
    0x1A72, 0x0212, 0x0212, 0x0211, 0x0212, 0x0211, 0x0211, 0x0211, 0x0211, 0x0211, 0x0211, 0x0211, 0x0211, 0x0212, 0x0212, 0x01F1,
    0x1A72, 0x0A31, 0x01F1, 0x01F1, 0x0211, 0x0211, 0x0211, 0x0211, 0x0211, 0x0211, 0x0211, 0x0211, 0x0211, 0x0211, 0x0211, 0x0211,
    0x0211, 0x0211, 0x0211, 0x0211, 0x0211, 0x0211, 0x0211, 0x0211, 0x0211, 0x0211, 0x0211, 0x0211, 0x0211, 0x0211, 0x0211, 0x0211,
    0x0211, 0x0211, 0x0211, 0x0211, 0x0211, 0x0211, 0x0211, 0x0211, 0x0211, 0x0211, 0x0211, 0x01F1, 0x0211, 0x0211, 0x0211, 0x0211,
    0x0211, 0x0211, 0x0211, 0x0211, 0x0211, 0x0211, 0x0211, 0x0211, 0x0211, 0x0211, 0x0211, 0x0211, 0x0211, 0x0211, 0x0211, 0x01F1,
    0x0211, 0x0211, 0x0211, 0x0211, 0x0211, 0x0211, 0x0211, 0x0211, 0x0211, 0x0211, 0x0211, 0x0211, 0x0211, 0x0211, 0x0211, 0x0211,
    0x0211, 0x0211, 0x0211, 0x0211, 0x0211, 0x0211, 0x01F1, 0x01F1, 0x0211, 0x0211, 0x0211, 0x0211, 0x0211, 0x0211, 0x0211, 0x0211,
    0x0211, 0x0211, 0x0211, 0x0211, 0x0211, 0x0211, 0x0212, 0x0211, 0x0211, 0x0212, 0x0212, 0x01F2, 0x0A31, 0x74B7, 0x5372, 0xCEBC,
    0xA578, 0x018E, 0x01F1, 0x0212, 0x0211, 0x0211, 0x0211, 0x0211, 0x0211, 0x0211, 0x0211, 0x0211, 0x0211, 0x0211, 0x0211, 0x0211,
    0x0211, 0x0211, 0x01F1, 0x0211, 0x0211, 0x0211, 0x0211, 0x0211, 0x0211, 0x0211, 0x0211, 0x0211, 0x0211, 0x0211, 0x0211, 0x0211,
    0x0211, 0x0211, 0x0211, 0x0211, 0x0211, 0x0211, 0x0211, 0x0211, 0x0211, 0x0211, 0x0211, 0x01F1, 0x0211, 0x0211, 0x0211, 0x0211,
    0x0211, 0x0211, 0x0211, 0x0211, 0x0211, 0x0211, 0x0211, 0x0211, 0x0211, 0x0211, 0x0211, 0x0211, 0x0211, 0x0211, 0x0211, 0x01F1,
    0x0211, 0x01F1, 0x0211, 0x0211, 0x0211, 0x0211, 0x0211, 0x0211, 0x0211, 0x0211, 0x0212, 0x0211, 0x0211, 0x0211, 0x0211, 0x0211,
    0x0211, 0x0211, 0x0211, 0x0211, 0x01F1, 0x0211, 0x0212, 0x0212, 0x01F1, 0x0211, 0x0211, 0x0211, 0x0212, 0x0211, 0x0211, 0x0211,
    0x0212, 0x0212, 0x01D1, 0x01B0, 0x018F, 0x6436, 0x3B12, 0x5393, 0xEF7E, 0xCEBB, 0xFFDF, 0xFFDF, 0xFFFF, 0xF79E, 0xDEFC, 0xEF7D,
    0xBE3A, 0x84D7, 0x53B4, 0x1230, 0x1211, 0x1251, 0x01D0, 0x0190, 0x0190, 0x0190, 0x01B1, 0x0212, 0x0211, 0x0211, 0x0211, 0x0211,
    0x01F1, 0x01F1, 0x0212, 0x01F1, 0x01B0, 0x0190, 0x2AD2, 0x7496, 0x9D78, 0xE75E, 0xF7DF, 0xFFFF, 0xFFFF, 0xFFFF, 0xFFFF, 0xFFFF,
    0xFFFF, 0xFFFF, 0xFFFF, 0xFFFF, 0xFFFF, 0xFFFF, 0xFFFF, 0xFFDF, 0xFFDF, 0xF7DF, 0xF7BE, 0xFFDF, 0xFFFF, 0xFFFF, 0xFFFF, 0xFFFF,
    0xF7BE, 0xFFDF, 0xEF7E, 0xADB7, 0xF79E, 0xF7DF, 0xDF1D, 0xCEBC, 0xDF1C, 0xF7BE, 0xFFFF, 0xFFFF, 0xFFFF, 0xFFFF, 0xFFFF, 0xF7DF,
    0xD6BC, 0xF7BE, 0xFFDF, 0xFFDF, 0xFFDF, 0xFFDF, 0xFFDF, 0xF7DF, 0xFFDF, 0xFFFF, 0xFFFF, 0xFFFF, 0xFFFF, 0xFFFF, 0xEF9E, 0xDF1C,
    0x8CF6, 0x016E, 0x01D1, 0x0232, 0x0212, 0x0212, 0x0211, 0x0211, 0x0212, 0x0212, 0x0211, 0x0212, 0x0211, 0x0211, 0x0211, 0x0211,
    0x01F1, 0x01F1, 0x1A72, 0x0A31, 0x01F1, 0x0212, 0x0211, 0x0211, 0x0211, 0x0211, 0x0211, 0x0211, 0x0211, 0x0211, 0x0211, 0x0211,
    0x0211, 0x0211, 0x0211, 0x0211, 0x0211, 0x0211, 0x0211, 0x0211, 0x0211, 0x0211, 0x0211, 0x0211, 0x0211, 0x0211, 0x0211, 0x0211,
    0x0211, 0x0211, 0x0211, 0x0211, 0x0211, 0x0211, 0x0211, 0x0211, 0x0211, 0x0211, 0x01F1, 0x0211, 0x0211, 0x0211, 0x0211, 0x0211,
    0x0211, 0x0211, 0x0211, 0x0211, 0x0211, 0x0211, 0x0211, 0x0211, 0x0211, 0x0211, 0x0211, 0x0211, 0x0211, 0x0211, 0x0211, 0x0211,
    0x0211, 0x0211, 0x0211, 0x0211, 0x0211, 0x0211, 0x0211, 0x0211, 0x0211, 0x0211, 0x0211, 0x0211, 0x0211, 0x0211, 0x0211, 0x0211,
    0x0211, 0x0211, 0x0211, 0x0211, 0x0211, 0x0211, 0x0211, 0x0211, 0x0211, 0x0211, 0x0211, 0x0211, 0x0211, 0x0211, 0x01F1, 0x0211,
    0x0211, 0x0211, 0x0211, 0x0211, 0x0211, 0x0211, 0x0211, 0x0211, 0x0211, 0x0212, 0x0212, 0x0212, 0x0212, 0x01D0, 0x018E, 0xC69C,
    0xBE3A, 0x1A0F, 0x01B0, 0x0211, 0x0211, 0x0211, 0x0212, 0x0211, 0x0211, 0x0211, 0x0211, 0x0211, 0x0211, 0x0211, 0x0211, 0x0211,
    0x0211, 0x0211, 0x01F1, 0x0211, 0x0211, 0x0211, 0x01F1, 0x01F1, 0x0211, 0x0211, 0x0211, 0x01F1, 0x0211, 0x0211, 0x0211, 0x0211,
    0x0211, 0x0211, 0x0211, 0x0211, 0x0211, 0x0211, 0x0211, 0x0211, 0x0211, 0x0211, 0x0211, 0x0211, 0x0211, 0x0211, 0x0211, 0x0211,
    0x0211, 0x0211, 0x0211, 0x0211, 0x0211, 0x0211, 0x0211, 0x0211, 0x0211, 0x0211, 0x0211, 0x0211, 0x0211, 0x0211, 0x0211, 0x0211,
    0x01F2, 0x0211, 0x0211, 0x0211, 0x0212, 0x0211, 0x0211, 0x0211, 0x0211, 0x0211, 0x0211, 0x0211, 0x0211, 0x0211, 0x0211, 0x0211,
    0x0211, 0x0211, 0x0211, 0x0211, 0x0211, 0x0212, 0x0211, 0x0211, 0x0212, 0x01F1, 0x0212, 0x0211, 0x0211, 0x0212, 0x0212, 0x0212,
    0x01B1, 0x01AF, 0x1A71, 0x6C35, 0xC67B, 0xF79E, 0xEF7E, 0xCE9B, 0xFFFF, 0xFFFF, 0xFFFF, 0xFFFF, 0xFFDF, 0xFFDF, 0xFFFF, 0xFFFF,
    0xFFFF, 0xFFFF, 0xFFFF, 0xE73D, 0xDF3D, 0xE75E, 0xC67B, 0xA5B9, 0x8D38, 0x84D7, 0x4394, 0x01F1, 0x0212, 0x0211, 0x0212, 0x01F1,
    0x01F1, 0x0211, 0x01B0, 0x0A10, 0x4B93, 0x9D78, 0xF79E, 0xFFFF, 0xFFFF, 0xFFFF, 0xFFFF, 0xFFDF, 0xFFDF, 0xFFDF, 0xFFDF, 0xFFDF,
    0xFFDF, 0xFFDF, 0xFFDF, 0xFFDF, 0xF7BF, 0xFFDF, 0xFFDF, 0xFFDF, 0xFFDF, 0xFFDF, 0xFFDF, 0xFFDF, 0xF7DF, 0xF7BE, 0xFFDF, 0xFFDF,
    0xFFDF, 0xFFFF, 0xF7BE, 0xEF5D, 0xFFDF, 0xFFFF, 0xFFFF, 0xFFFF, 0xFFFF, 0xFFFF, 0xFFDF, 0xFFDF, 0xFFDF, 0xFFDF, 0xFFDF, 0xFFFF,
    0xFFFF, 0xFFFF, 0xFFDF, 0xFFDF, 0xFFDF, 0xFFDF, 0xFFDF, 0xFFDF, 0xFFDF, 0xFFDF, 0xFFDF, 0xF7BE, 0xF7BE, 0xF7BE, 0xF7BE, 0xF79E,
    0xC65A, 0xADD9, 0x4B93, 0x016F, 0x01D1, 0x01B1, 0x0212, 0x0232, 0x01B1, 0x01F1, 0x0212, 0x0212, 0x0212, 0x0211, 0x0211, 0x0211,
    0x0212, 0x01F1, 0x0A32, 0x0211, 0x01F1, 0x0211, 0x0211, 0x0211, 0x0211, 0x0211, 0x0211, 0x0211, 0x0211, 0x0211, 0x0211, 0x0211,
    0x0211, 0x0211, 0x0211, 0x0211, 0x0211, 0x0211, 0x0211, 0x0211, 0x0211, 0x0211, 0x0211, 0x0211, 0x0211, 0x0211, 0x0211, 0x0211,
    0x0211, 0x0211, 0x0211, 0x0211, 0x0211, 0x0211, 0x0211, 0x0211, 0x0211, 0x0211, 0x0211, 0x0211, 0x0211, 0x0211, 0x0211, 0x0211,
    0x0211, 0x0211, 0x0211, 0x0211, 0x0211, 0x0211, 0x0211, 0x0211, 0x0211, 0x0211, 0x0211, 0x0211, 0x0211, 0x0211, 0x0211, 0x0211,
    0x0212, 0x01F1, 0x0211, 0x0211, 0x0211, 0x0211, 0x0211, 0x0211, 0x0211, 0x0211, 0x0211, 0x0211, 0x0211, 0x0211, 0x0211, 0x0211,
    0x0211, 0x0211, 0x0211, 0x0211, 0x0211, 0x0211, 0x0211, 0x0211, 0x01F1, 0x0211, 0x0212, 0x01F1, 0x0211, 0x0211, 0x0211, 0x0211,
    0x0211, 0x0211, 0x0211, 0x0211, 0x0211, 0x0211, 0x01F1, 0x0212, 0x0212, 0x0212, 0x0211, 0x1231, 0x0211, 0x0212, 0x01CF, 0xCEFD,
    0xE73D, 0x7C95, 0x7475, 0x0A10, 0x01F1, 0x0211, 0x0211, 0x0211, 0x0211, 0x0211, 0x0211, 0x0211, 0x0211, 0x0211, 0x0211, 0x0211,
    0x0211, 0x0211, 0x0211, 0x0211, 0x0211, 0x0211, 0x01F1, 0x01F1, 0x0211, 0x0211, 0x0211, 0x01F1, 0x0211, 0x0211, 0x0211, 0x0211,
    0x0211, 0x0211, 0x0211, 0x0211, 0x0211, 0x0211, 0x0211, 0x0211, 0x0211, 0x0211, 0x0211, 0x0211, 0x0211, 0x0211, 0x0211, 0x0211,
    0x0211, 0x0211, 0x0211, 0x0211, 0x0211, 0x0211, 0x0211, 0x0211, 0x0211, 0x0211, 0x0211, 0x0211, 0x0211, 0x0211, 0x0211, 0x0211,
    0x01F1, 0x01F1, 0x01F1, 0x01F1, 0x0211, 0x0211, 0x0211, 0x0211, 0x0211, 0x0211, 0x0211, 0x0211, 0x0211, 0x0211, 0x0211, 0x0212,
    0x0212, 0x0211, 0x0211, 0x0212, 0x0211, 0x0211, 0x01F2, 0x0212, 0x01F1, 0x1A71, 0x01F0, 0x01F1, 0x0212, 0x0212, 0x0212, 0x01D0,
    0x4B73, 0xADF9, 0xEF9E, 0xFFFF, 0xFFFF, 0xFFFF, 0xFFFF, 0xFFFF, 0xFFDF, 0xFFFF, 0xFFFF, 0xFFFF, 0xFFDF, 0xFFDF, 0xFFDF, 0xFFDF,
    0xFFDF, 0xFFDF, 0xFFDF, 0xFFFF, 0xFFFF, 0xFFFF, 0xFFFF, 0xFFFF, 0xFFFF, 0xFFFF, 0xC67B, 0x01D0, 0x0212, 0x0212, 0x0212, 0x0211,
    0x0212, 0x01B0, 0x32D2, 0xCEDC, 0xFFFF, 0xFFFF, 0xFFFF, 0xFFDF, 0xFFDF, 0xFFDF, 0xFFDF, 0xFFDF, 0xFFDF, 0xFFDF, 0xFFDF, 0xFFDF,
    0xFFFF, 0xFFDF, 0xFFDF, 0xFFDF, 0xFFDF, 0xFFDF, 0xFFDF, 0xFFDF, 0xFFDF, 0xFFDF, 0xFFDF, 0xFFDF, 0xFFDF, 0xFFDF, 0xFFDF, 0xFFDF,
    0xFFDF, 0xFFDF, 0xFFFF, 0xFFFF, 0xFFDF, 0xFFDF, 0xFFDF, 0xFFDF, 0xFFDF, 0xFFDF, 0xFFDF, 0xFFDF, 0xFFDF, 0xFFDF, 0xFFDF, 0xFFDF,
    0xFFDF, 0xFFDF, 0xFFDF, 0xFFDF, 0xFFDF, 0xFFDF, 0xFFDF, 0xFFDF, 0xFFDF, 0xFFDF, 0xFFDE, 0xFFDE, 0xFFDF, 0xF7BE, 0xFFDF, 0xFFFF,
    0xFFFF, 0xFFFF, 0xEF7E, 0x84D6, 0x4332, 0x4374, 0x01D0, 0x016F, 0x4B94, 0x1A51, 0x01B0, 0x0212, 0x0212, 0x0232, 0x0211, 0x01F1,
    0x0211, 0x0211, 0x01F1, 0x01F1, 0x0211, 0x0211, 0x0211, 0x0211, 0x0211, 0x0211, 0x0211, 0x0211, 0x0211, 0x0211, 0x0211, 0x0211,
    0x0211, 0x0211, 0x0211, 0x0211, 0x0211, 0x0211, 0x0211, 0x0211, 0x0211, 0x0211, 0x0211, 0x0211, 0x0211, 0x0211, 0x0211, 0x0211,
    0x0211, 0x0211, 0x0211, 0x0211, 0x0211, 0x0211, 0x0211, 0x0211, 0x0211, 0x0211, 0x0211, 0x0211, 0x0211, 0x0211, 0x0211, 0x0211,
    0x0211, 0x0211, 0x0211, 0x0211, 0x0211, 0x0211, 0x0211, 0x0211, 0x0211, 0x0211, 0x0211, 0x0211, 0x0211, 0x0211, 0x0211, 0x01F1,
    0x0211, 0x0211, 0x0211, 0x0211, 0x0211, 0x0211, 0x0211, 0x0211, 0x0211, 0x0211, 0x0211, 0x0211, 0x0211, 0x0211, 0x0211, 0x0211,
    0x0211, 0x0211, 0x0211, 0x0211, 0x0211, 0x0211, 0x0211, 0x0211, 0x01F1, 0x0212, 0x0A32, 0x01F1, 0x0211, 0x0211, 0x0211, 0x0212,
    0x0211, 0x0211, 0x0211, 0x0211, 0x0211, 0x0211, 0x0212, 0x01B1, 0x01F1, 0x01D1, 0x3B12, 0xE73D, 0x5BD4, 0x01B0, 0x2A91, 0xC67B,
    0xFFFF, 0xFFFF, 0xD6FC, 0x3AD1, 0x1A72, 0x0211, 0x0211, 0x0211, 0x0211, 0x0211, 0x0211, 0x0211, 0x0211, 0x0211, 0x0211, 0x0211,
    0x0211, 0x0211, 0x0211, 0x0211, 0x0211, 0x0211, 0x0211, 0x0211, 0x0211, 0x0211, 0x0211, 0x0211, 0x0211, 0x0211, 0x0211, 0x0211,
    0x0211, 0x0211, 0x0211, 0x0211, 0x0211, 0x0211, 0x0211, 0x0211, 0x0211, 0x0211, 0x0211, 0x0211, 0x0211, 0x0211, 0x0211, 0x0211,
    0x0211, 0x0211, 0x0211, 0x0211, 0x0211, 0x0211, 0x0211, 0x0211, 0x0211, 0x0211, 0x0211, 0x0211, 0x0211, 0x0211, 0x0211, 0x0211,
    0x0211, 0x0212, 0x0212, 0x0212, 0x0211, 0x0211, 0x0211, 0x0212, 0x0212, 0x0212, 0x01F1, 0x0212, 0x0212, 0x0212, 0x0211, 0x0212,
    0x0212, 0x0211, 0x0212, 0x01F1, 0x01F1, 0x01F1, 0x0212, 0x01F1, 0x2AB2, 0xE75D, 0x74B6, 0x018F, 0x01B0, 0x0211, 0x01B0, 0x7496,
    0xFFFF, 0xFFFF, 0xFFFF, 0xFFDF, 0xFFDF, 0xFFDF, 0xFFDF, 0xFFDF, 0xFFDF, 0xFFFF, 0xFFFF, 0xFFDF, 0xFFDF, 0xFFDF, 0xFFDF, 0xFFDF,
    0xFFFF, 0xFFDF, 0xFFDF, 0xFFDF, 0xFFDF, 0xFFDF, 0xFFDF, 0xF7DF, 0xF7BE, 0xFFDF, 0x84D7, 0x01B0, 0x0232, 0x0212, 0x0212, 0x01F2,
    0x01B0, 0x018E, 0xADFA, 0xFFFF, 0xF7BE, 0xFFDF, 0xFFDF, 0xFFDF, 0xFFDF, 0xFFDF, 0xFFDF, 0xFFDF, 0xFFDF, 0xFFDF, 0xFFDF, 0xFFFF,
    0xFFDF, 0xFFDF, 0xFFDF, 0xFFDF, 0xFFDF, 0xFFDF, 0xFFDF, 0xFFDF, 0xFFDF, 0xFFDF, 0xFFDF, 0xFFDF, 0xFFDF, 0xFFDF, 0xFFDF, 0xFFDF,
    0xFFDF, 0xFFDF, 0xFFDF, 0xFFDF, 0xFFDF, 0xFFDF, 0xFFDF, 0xFFFF, 0xFFFF, 0xFFDF, 0xFFDF, 0xFFDF, 0xFFDF, 0xFFDF, 0xFFDF, 0xFFDF,
    0xFFDF, 0xFFDF, 0xFFDF, 0xFFDF, 0xFFDF, 0xFFDF, 0xFFDF, 0xFFDF, 0xFFDF, 0xFFDF, 0xF7BE, 0xFFDF, 0xFFDF, 0xFFDF, 0xFFDF, 0xFFDF,
    0xFFDF, 0xF7DF, 0xFFFF, 0xFFFF, 0xFFFF, 0xFFFF, 0xADB9, 0xA578, 0xFFDF, 0xCEDC, 0x2AB1, 0x1231, 0x01B0, 0x0190, 0x01F1, 0x0211,
    0x01F1, 0x0211, 0x0211, 0x0211, 0x0211, 0x0211, 0x0211, 0x0211, 0x0211, 0x0211, 0x0211, 0x0211, 0x0211, 0x0211, 0x0211, 0x0211,
    0x0211, 0x0211, 0x0211, 0x0211, 0x0211, 0x0211, 0x0211, 0x0211, 0x0211, 0x0211, 0x0211, 0x0211, 0x0211, 0x0211, 0x0211, 0x0211,
    0x0211, 0x0211, 0x0211, 0x0211, 0x0211, 0x0211, 0x0211, 0x0211, 0x0211, 0x0211, 0x0211, 0x0211, 0x0211, 0x0211, 0x0211, 0x0211,
    0x0211, 0x0211, 0x0211, 0x0211, 0x0211, 0x0211, 0x0211, 0x0211, 0x0211, 0x0211, 0x0211, 0x0211, 0x0211, 0x0211, 0x0211, 0x0211,
    0x0211, 0x0211, 0x0211, 0x0211, 0x0211, 0x0211, 0x0211, 0x0211, 0x0211, 0x0211, 0x0211, 0x0211, 0x0211, 0x0211, 0x0211, 0x0211,
    0x0211, 0x0211, 0x0211, 0x0211, 0x0211, 0x0211, 0x0211, 0x0211, 0x0211, 0x0211, 0x01F1, 0x0211, 0x0211, 0x0211, 0x0211, 0x0211,
    0x0211, 0x0211, 0x0211, 0x0211, 0x0211, 0x0211, 0x01D0, 0x4374, 0x2AF3, 0x0170, 0x63F5, 0xFFFF, 0xDF1D, 0x3AB0, 0xEF9E, 0xFFDF,
    0xF7BF, 0xF79E, 0xF7BE, 0xB619, 0x01AF, 0x0211, 0x0211, 0x0211, 0x0211, 0x0211, 0x0211, 0x0211, 0x0211, 0x0211, 0x0211, 0x0211,
    0x0211, 0x0211, 0x01F1, 0x0211, 0x0211, 0x0211, 0x0211, 0x0211, 0x0211, 0x0211, 0x0211, 0x0211, 0x0211, 0x0211, 0x0211, 0x0211,
    0x0211, 0x0211, 0x0211, 0x0211, 0x0211, 0x0211, 0x0211, 0x0211, 0x0211, 0x0211, 0x0211, 0x0211, 0x0211, 0x0211, 0x0211, 0x0211,
    0x0211, 0x0211, 0x0211, 0x0211, 0x0212, 0x0212, 0x0211, 0x0211, 0x0212, 0x0212, 0x0212, 0x0212, 0x0211, 0x01F1, 0x0212, 0x0212,
    0x0211, 0x01F1, 0x01B1, 0x01B0, 0x01F1, 0x0232, 0x01D1, 0x0190, 0x0190, 0x01B0, 0x0A31, 0x01D1, 0x01B1, 0x01F1, 0x0232, 0x01F1,
    0x0212, 0x0212, 0x01D1, 0x0212, 0x0212, 0x01F1, 0x0190, 0x016F, 0x120F, 0xDF3D, 0xFFFF, 0x9D98, 0x53B4, 0x1A51, 0x016E, 0xAE1A,
    0xFFFF, 0xFFDF, 0xFFFF, 0xFFFF, 0xFFFF, 0xFFFF, 0xFFFF, 0xFFDF, 0xFFFF, 0xFFFF, 0xFFDF, 0xFFDF, 0xFFDF, 0xFFDF, 0xFFDF, 0xFFDF,
    0xFFDF, 0xFFDF, 0xFFDF, 0xFFDF, 0xFFDF, 0xFFDF, 0xFFDF, 0xFFDF, 0xF7DE, 0xDF3D, 0x2AB1, 0x01F1, 0x0212, 0x01D1, 0x1251, 0x1A51,
    0x6C35, 0xCEDC, 0xFFDF, 0xFFDF, 0xFFDF, 0xFFDF, 0xFFDF, 0xFFDF, 0xFFDF, 0xFFDF, 0xFFDF, 0xFFDF, 0xFFFF, 0xFFFF, 0xFFDF, 0xFFDF,
    0xFFDF, 0xFFDF, 0xFFFF, 0xFFDF, 0xFFDF, 0xFFDF, 0xFFDF, 0xFFDF, 0xFFDF, 0xFFDF, 0xFFDF, 0xFFDF, 0xFFDF, 0xFFDF, 0xFFDF, 0xFFDF,
    0xFFDF, 0xFFFF, 0xFFDF, 0xFFFF, 0xFFFF, 0xFFDF, 0xFFDF, 0xFFDF, 0xFFDF, 0xFFDF, 0xFFDF, 0xFFDF, 0xFFDF, 0xFFFF, 0xFFFF, 0xFFFF,
    0xFFFF, 0xFFDF, 0xFFDF, 0xFFDF, 0xFFDF, 0xFFDF, 0xFFDF, 0xFFDF, 0xFFDF, 0xFFDF, 0xFFDF, 0xFFDF, 0xFFDF, 0xFFDF, 0xFFDF, 0xFFDF,
    0xFFDF, 0xFFDF, 0xFFDF, 0xF7DF, 0xFFDF, 0xFFDF, 0xFFFF, 0xFFFF, 0xFFDF, 0xFFFF, 0xF7DF, 0xE75D, 0xBE3A, 0x7CD7, 0x09CF, 0x01F1,
    0x0212, 0x0211, 0x0212, 0x0212, 0x0212, 0x0211, 0x0211, 0x0211, 0x0211, 0x0211, 0x0211, 0x0211, 0x0211, 0x0211, 0x0211, 0x0211,
    0x0211, 0x0211, 0x0211, 0x0211, 0x0211, 0x0211, 0x0211, 0x0211, 0x0211, 0x0211, 0x0211, 0x0211, 0x0211, 0x0211, 0x0211, 0x0211,
    0x0211, 0x0211, 0x0211, 0x0211, 0x0211, 0x0211, 0x0211, 0x0211, 0x0211, 0x0211, 0x0212, 0x0211, 0x0211, 0x0211, 0x0211, 0x0211,
    0x0211, 0x0211, 0x0211, 0x0211, 0x0211, 0x0211, 0x0211, 0x0211, 0x0211, 0x0211, 0x0211, 0x0211, 0x0211, 0x0211, 0x0211, 0x0211,
    0x0211, 0x0211, 0x0211, 0x0211, 0x0211, 0x0212, 0x0211, 0x0211, 0x0211, 0x0211, 0x0211, 0x0211, 0x0211, 0x0211, 0x0211, 0x0211,
    0x0211, 0x0211, 0x0211, 0x0211, 0x0211, 0x0211, 0x0211, 0x0211, 0x0211, 0x0211, 0x0211, 0x0211, 0x0211, 0x0211, 0x0211, 0x0211,
    0x0211, 0x0211, 0x0211, 0x01F1, 0x0211, 0x0212, 0x01B0, 0x2AD2, 0x2AB2, 0x01D1, 0x0A10, 0x9517, 0xEF7E, 0x4AF1, 0xB5FA, 0xFFFF,
    0xF7BE, 0xF7BE, 0xEF9D, 0xCE9A, 0x3B11, 0x01D0, 0x0212, 0x0211, 0x0211, 0x0211, 0x0211, 0x0211, 0x0211, 0x0211, 0x0211, 0x01F1,
    0x0211, 0x0211, 0x0211, 0x0211, 0x0211, 0x0211, 0x0211, 0x0211, 0x0211, 0x0211, 0x0212, 0x0211, 0x0211, 0x0211, 0x0211, 0x0211,
    0x0211, 0x0211, 0x0211, 0x0211, 0x0211, 0x0211, 0x0211, 0x0211, 0x0211, 0x0211, 0x0211, 0x0211, 0x0211, 0x0211, 0x0211, 0x0212,
    0x0211, 0x0212, 0x0212, 0x0211, 0x01B1, 0x01D1, 0x0212, 0x0211, 0x01F1, 0x0212, 0x0212, 0x0212, 0x1272, 0x1252, 0x0170, 0x0190,
    0x01AF, 0x2271, 0x3AF2, 0x6435, 0x01CF, 0x014F, 0x2291, 0x7496, 0x5BF5, 0x6435, 0x7CB7, 0x1A50, 0x4BB4, 0x1A71, 0x014F, 0x22B2,
    0x0211, 0x0A11, 0x4394, 0x01D1, 0x0190, 0x1230, 0x5BF4, 0x8D17, 0xCEDC, 0xF7DF, 0xFFFF, 0xFFFF, 0xFFFF, 0xD6FC, 0x9D77, 0xFFFF,
    0xFFFF, 0xFFFF, 0xFFFF, 0xFFFF, 0xFFDF, 0xFFDF, 0xFFDF, 0xFFDF, 0xFFFF, 0xFFFF, 0xFFDF, 0xFFDF, 0xFFDF, 0xFFDF, 0xFFDF, 0xFFDF,
    0xFFDF, 0xFFDF, 0xFFDF, 0xFFDF, 0xFFDF, 0xFFDF, 0xF7BE, 0xFFDE, 0xD6DB, 0x4B31, 0x1252, 0x0212, 0x01F1, 0x4B74, 0xCEBC, 0xF79E,
    0xFFFF, 0xFFFF, 0xFFFF, 0xFFFF, 0xFFFF, 0xFFDF, 0xFFDF, 0xFFDF, 0xFFDF, 0xFFDF, 0xFFDF, 0xFFDF, 0xFFDF, 0xFFDF, 0xFFDF, 0xFFDF,
    0xFFDF, 0xFFDF, 0xFFDF, 0xFFDF, 0xFFDF, 0xFFDF, 0xFFDF, 0xFFDF, 0xFFDF, 0xFFDF, 0xFFDF, 0xFFDF, 0xFFDF, 0xFFDF, 0xFFDF, 0xFFDF,
    0xFFDF, 0xFFDF, 0xFFFF, 0xFFDF, 0xFFDF, 0xFFDF, 0xFFDF, 0xFFDF, 0xFFDF, 0xFFFF, 0xFFFF, 0xFFFF, 0xFFDF, 0xFFFF, 0xFFFF, 0xFFFF,
    0xFFDF, 0xFFDF, 0xFFDF, 0xFFDF, 0xFFDF, 0xFFDF, 0xFFDF, 0xFFDF, 0xFFDF, 0xFFDF, 0xFFDF, 0xFFDF, 0xFFDF, 0xFFDF, 0xFFDF, 0xFFFF,
    0xFFDF, 0xFFDF, 0xFFDF, 0xFFDF, 0xFFDF, 0xFFDF, 0xFFDF, 0xFFDF, 0xFFDF, 0xFFDF, 0xFFFF, 0xFFFF, 0xFFFF, 0xFFFF, 0xADD9, 0x09AF,
    0x018F, 0x01B0, 0x0190, 0x0190, 0x01D1, 0x0212, 0x0211, 0x0211, 0x0211, 0x0211, 0x0211, 0x0211, 0x0211, 0x0211, 0x0211, 0x0211,
    0x0211, 0x0211, 0x0211, 0x0211, 0x0211, 0x0211, 0x0211, 0x0211, 0x0211, 0x0211, 0x0211, 0x0211, 0x0211, 0x0211, 0x0211, 0x0211,
    0x0211, 0x0211, 0x0211, 0x0211, 0x0211, 0x0211, 0x0211, 0x0212, 0x0211, 0x0211, 0x0211, 0x0211, 0x0211, 0x0211, 0x0211, 0x0211,
    0x0211, 0x0211, 0x0211, 0x0211, 0x0211, 0x0211, 0x0211, 0x0211, 0x0211, 0x0211, 0x0211, 0x0211, 0x0211, 0x0211, 0x0211, 0x0211,
    0x0211, 0x0211, 0x0211, 0x0211, 0x0211, 0x0211, 0x0211, 0x0211, 0x0211, 0x0211, 0x0211, 0x0211, 0x0211, 0x0211, 0x0211, 0x0211,
    0x0211, 0x0211, 0x0211, 0x0211, 0x0211, 0x0211, 0x0211, 0x0211, 0x0211, 0x0211, 0x0211, 0x0211, 0x0211, 0x0211, 0x0211, 0x0211,
    0x0211, 0x0212, 0x0211, 0x0211, 0x0211, 0x01F1, 0x0A31, 0x5BF5, 0x53B4, 0x018F, 0x018F, 0x5B92, 0xE75D, 0xADD9, 0x5B72, 0xFFFF,
    0xFFDF, 0xFFDF, 0xF7BE, 0xEF7D, 0x63F3, 0x09F0, 0x0211, 0x0212, 0x0211, 0x0211, 0x0211, 0x0211, 0x0211, 0x0211, 0x0211, 0x0211,
    0x0211, 0x0211, 0x0211, 0x0211, 0x0211, 0x0211, 0x0211, 0x0211, 0x0211, 0x0212, 0x0211, 0x0211, 0x0211, 0x0211, 0x0211, 0x0211,
    0x0211, 0x0211, 0x0211, 0x0211, 0x0211, 0x0211, 0x0211, 0x0211, 0x0211, 0x0211, 0x0211, 0x0211, 0x0211, 0x0211, 0x0212, 0x01D1,
    0x01F1, 0x01B0, 0x01D1, 0x0A31, 0x3B33, 0x53F5, 0x014F, 0x2AD2, 0x6C97, 0x016F, 0x0232, 0x01B0, 0x1A50, 0x7C96, 0x9D78, 0xADFA,
    0xBE3B, 0xE75D, 0xF7DF, 0xFFFF, 0xBE7B, 0x7C75, 0xE75E, 0xFFFF, 0xFFFF, 0xFFFF, 0xFFFF, 0xEF9E, 0xFFFF, 0xBE5A, 0x9537, 0x9578,
    0x11CE, 0x9D99, 0x84D6, 0x2A71, 0x7CD6, 0xE75D, 0xFFFF, 0xFFFF, 0xFFFF, 0xFFFF, 0xFFFF, 0xFFDF, 0xFFDF, 0xFFFF, 0xFFFF, 0xFFFF,
    0xFFFF, 0xFFFF, 0xFFFF, 0xFFFF, 0xFFFF, 0xFFFF, 0xFFDF, 0xFFDF, 0xFFDF, 0xFFFF, 0xFFDF, 0xFFDF, 0xFFDF, 0xFFDF, 0xFFDF, 0xFFDF,
    0xFFDF, 0xFFDF, 0xFFDF, 0xFFDE, 0xFFDF, 0xF7BE, 0xF7BE, 0xF7BE, 0xFFDF, 0xC69C, 0x1210, 0x01F2, 0x01AF, 0xCEDC, 0xFFFF, 0xFFFF,
    0xFFDF, 0xFFDF, 0xFFDF, 0xFFDF, 0xFFDF, 0xFFDF, 0xFFDF, 0xFFDF, 0xFFDF, 0xFFDF, 0xFFDF, 0xFFDF, 0xFFDF, 0xFFDF, 0xFFFF, 0xFFFF,
    0xFFFF, 0xFFDF, 0xFFDF, 0xFFDF, 0xFFDF, 0xFFDF, 0xFFDF, 0xFFDF, 0xFFDF, 0xFFDF, 0xFFDF, 0xFFDF, 0xFFDF, 0xFFDF, 0xFFDF, 0xFFDF,
    0xFFDF, 0xFFDF, 0xFFDF, 0xFFDF, 0xFFDF, 0xFFDF, 0xFFDF, 0xFFDF, 0xFFDF, 0xFFFF, 0xFFDF, 0xFFFF, 0xFFDF, 0xFFFF, 0xFFFF, 0xFFFF,
    0xFFDF, 0xFFDF, 0xFFDF, 0xFFDF, 0xFFDF, 0xFFDF, 0xFFDF, 0xFFDF, 0xFFDE, 0xFFDF, 0xFFDF, 0xFFDF, 0xFFDF, 0xFFDF, 0xFFDF, 0xFFDF,
    0xFFDF, 0xFFDF, 0xFFDF, 0xFFDF, 0xFFDF, 0xFFDF, 0xFFFF, 0xFFDF, 0xFFDF, 0xFFFF, 0xFFDF, 0xFFDF, 0xF7DF, 0xEF9E, 0xFFDE, 0xC67B,
    0xA599, 0x7CB6, 0x7CB6, 0x7496, 0x3B13, 0x01B0, 0x01F2, 0x0212, 0x0211, 0x0211, 0x0211, 0x0211, 0x0211, 0x0211, 0x0211, 0x0211,
    0x0211, 0x0211, 0x0211, 0x0211, 0x0211, 0x0211, 0x0211, 0x0211, 0x0211, 0x0211, 0x0211, 0x0211, 0x0211, 0x0211, 0x0211, 0x0211,
    0x0211, 0x0211, 0x0211, 0x0211, 0x0211, 0x0211, 0x0211, 0x0211, 0x0211, 0x0211, 0x0211, 0x0211, 0x0211, 0x0211, 0x0212, 0x0211,
    0x0211, 0x0211, 0x0211, 0x0211, 0x0211, 0x0211, 0x0211, 0x0211, 0x0211, 0x0211, 0x0211, 0x0212, 0x0211, 0x0211, 0x0212, 0x0211,
    0x0211, 0x0211, 0x0211, 0x0211, 0x0211, 0x0211, 0x0211, 0x0211, 0x0211, 0x0211, 0x0211, 0x0211, 0x0211, 0x0211, 0x0212, 0x0212,
    0x0212, 0x01F1, 0x01F1, 0x01D1, 0x0212, 0x0212, 0x0211, 0x0211, 0x0211, 0x0211, 0x0211, 0x0212, 0x0211, 0x0211, 0x0211, 0x0211,
    0x0211, 0x0211, 0x0211, 0x0211, 0x0211, 0x01F1, 0x1252, 0x32F2, 0x1A2F, 0x32B0, 0x9D99, 0xCEBC, 0xF7BE, 0xD71D, 0x63D3, 0xFFFF,
    0xFFFF, 0xFFFF, 0xFFDF, 0xF79D, 0xA598, 0x0A10, 0x0211, 0x0211, 0x0211, 0x0211, 0x0211, 0x0211, 0x0211, 0x0211, 0x0211, 0x0211,
    0x0211, 0x0211, 0x0211, 0x0211, 0x0212, 0x0211, 0x0212, 0x0212, 0x0211, 0x0212, 0x0212, 0x0211, 0x0211, 0x0211, 0x0211, 0x0211,
    0x0211, 0x0211, 0x0211, 0x0211, 0x0211, 0x0211, 0x0211, 0x0211, 0x0211, 0x0211, 0x0211, 0x0212, 0x0211, 0x0211, 0x01F1, 0x1AB2,
    0x1210, 0x6C56, 0x2AD2, 0x32B1, 0xFFFF, 0x7475, 0x2A70, 0x53B3, 0x7495, 0x2AD2, 0x018E, 0x6C55, 0xE75D, 0xFFFF, 0xFFFF, 0xFFFF,
    0xFFFF, 0xFFFF, 0xFFFF, 0xFFDF, 0xFFFF, 0xFFFF, 0xFFFF, 0xFFDF, 0xFFDF, 0xFFDF, 0xFFFF, 0xFFFF, 0xFFFF, 0xFFFF, 0xFFFF, 0xF7BE,
    0xDF3D, 0xFFFF, 0xF7BF, 0xFFDF, 0xFFFF, 0xFFFF, 0xFFDF, 0xFFDF, 0xFFDF, 0xFFDF, 0xFFFF, 0xFFFF, 0xFFFF, 0xFFDF, 0xFFDF, 0xFFFF,
    0xFFFF, 0xFFFF, 0xFFFF, 0xFFDF, 0xFFDF, 0xFFDF, 0xFFDF, 0xFFDF, 0xFFDF, 0xFFDF, 0xFFDF, 0xFFDF, 0xFFDF, 0xFFDF, 0xFFDF, 0xFFDF,
    0xFFDF, 0xFFDF, 0xFFDE, 0xF7DE, 0xF7BE, 0xF7DE, 0xFFDF, 0xF7BE, 0xFFFF, 0x9D78, 0x018F, 0x0190, 0x6C35, 0xF7BE, 0xFFDF, 0xFFDF,
    0xFFDF, 0xFFDF, 0xFFDF, 0xFFDF, 0xFFFF, 0xFFFF, 0xFFDF, 0xFFDF, 0xFFFF, 0xFFDF, 0xFFDF, 0xFFDF, 0xFFFF, 0xFFFF, 0xFFFF, 0xFFFF,
    0xFFFF, 0xFFDF, 0xFFDF, 0xFFDF, 0xFFDF, 0xFFDF, 0xFFDF, 0xFFDF, 0xFFDF, 0xFFDF, 0xFFDF, 0xFFDF, 0xFFDF, 0xFFDF, 0xFFDF, 0xFFFF,
    0xFFFF, 0xFFDF, 0xFFDF, 0xFFDF, 0xFFDF, 0xFFFF, 0xFFFF, 0xFFFF, 0xFFFF, 0xFFFF, 0xFFFF, 0xFFFF, 0xFFFF, 0xFFFF, 0xFFFF, 0xFFFF,
    0xFFFF, 0xFFDF, 0xFFDF, 0xFFDF, 0xFFDF, 0xFFDE, 0xFFDF, 0xFFDE, 0xFFDE, 0xFFDF, 0xFFDF, 0xFFDF, 0xFFDF, 0xFFDF, 0xFFDF, 0xFFDF,
    0xFFDF, 0xFFDF, 0xFFDF, 0xFFDF, 0xFFDF, 0xFFDF, 0xFFDF, 0xFFDF, 0xFFDF, 0xFFFF, 0xFFDF, 0xFFDF, 0xFFDF, 0xF7BE, 0xEF5C, 0xFFFF,
    0xFFFF, 0xF7BE, 0xFFFF, 0xF7BE, 0xF7DF, 0x7496, 0x01AF, 0x01B0, 0x0211, 0x0212, 0x0211, 0x0211, 0x0211, 0x0211, 0x0211, 0x0211,
    0x0211, 0x0211, 0x0211, 0x0211, 0x0211, 0x0211, 0x0211, 0x0211, 0x0211, 0x0211, 0x0211, 0x0211, 0x0211, 0x0211, 0x0211, 0x0211,
    0x0211, 0x0211, 0x0211, 0x0211, 0x0211, 0x0211, 0x0211, 0x0211, 0x0211, 0x0211, 0x0211, 0x0211, 0x0211, 0x0211, 0x0211, 0x0211,
    0x0211, 0x0211, 0x0211, 0x0211, 0x0211, 0x0211, 0x0211, 0x0211, 0x0211, 0x0211, 0x0211, 0x0212, 0x0211, 0x0211, 0x0211, 0x0211,
    0x0211, 0x0211, 0x0211, 0x0211, 0x0211, 0x0211, 0x0211, 0x0211, 0x0211, 0x0211, 0x0211, 0x0211, 0x0211, 0x0211, 0x0211, 0x0212,
    0x01F1, 0x1231, 0x1251, 0x22B2, 0x09F0, 0x01D0, 0x01F1, 0x0211, 0x0211, 0x0211, 0x0211, 0x0212, 0x0212, 0x01F1, 0x0211, 0x0212,
    0x0212, 0x0212, 0x0212, 0x0211, 0x0211, 0x0212, 0x01D1, 0x09EF, 0xADF9, 0xE73D, 0x8474, 0xCEDC, 0xFFFF, 0xD71D, 0x2A2F, 0xCEDC,
    0xFFFF, 0xFFFF, 0xFFDE, 0xEF5D, 0x9D77, 0x1210, 0x01F1, 0x0211, 0x0211, 0x0211, 0x0211, 0x0211, 0x0211, 0x0211, 0x0211, 0x0211,
    0x0211, 0x0211, 0x0212, 0x0211, 0x0212, 0x0211, 0x0211, 0x0212, 0x0211, 0x0211, 0x0211, 0x0211, 0x0211, 0x0211, 0x0211, 0x0211,
    0x0211, 0x0211, 0x0211, 0x0211, 0x0211, 0x0211, 0x0211, 0x0211, 0x0211, 0x0212, 0x0211, 0x0211, 0x0211, 0x0211, 0x01F1, 0x3312,
    0x63F4, 0xFFFF, 0xBE3A, 0x9537, 0xFFFF, 0xE75D, 0xFFFF, 0xFFFF, 0xF7DF, 0xEF7E, 0xBE3A, 0xFFFF, 0xFFFF, 0xFFDF, 0xFFDF, 0xFFDF,
    0xFFDF, 0xFFFF, 0xFFFF, 0xFFFF, 0xF7DF, 0xFFDF, 0xFFFF, 0xFFFF, 0xFFFF, 0xFFFF, 0xFFFF, 0xFFFF, 0xFFFF, 0xFFDF, 0xFFDF, 0xFFFF,
    0xFFFF, 0xFFDF, 0xFFFF, 0xFFFF, 0xFFDF, 0xFFDF, 0xFFFF, 0xFFFF, 0xFFFF, 0xFFFF, 0xFFFF, 0xFFFF, 0xFFFF, 0xFFFF, 0xFFDF, 0xFFFF,
    0xFFFF, 0xFFFF, 0xFFDF, 0xFFDF, 0xFFDF, 0xFFDF, 0xFFDF, 0xFFDF, 0xFFDF, 0xFFDF, 0xFFDF, 0xFFDF, 0xFFDF, 0xFFDF, 0xFFDF, 0xFFDF,
    0xFFDF, 0xFFDF, 0xFFDF, 0xF7BE, 0xF7BE, 0xFFDF, 0xFFDF, 0xEF7D, 0xF79E, 0x3AF1, 0x010E, 0x014E, 0xBE3A, 0xFFFF, 0xFFDF, 0xFFDF,
    0xFFDF, 0xFFDF, 0xFFFF, 0xFFDF, 0xFFFF, 0xFFFF, 0xFFFF, 0xFFFF, 0xFFFF, 0xFFDF, 0xFFDF, 0xFFFF, 0xFFFF, 0xFFFF, 0xFFFF, 0xFFFF,
    0xFFFF, 0xFFDF, 0xFFDF, 0xFFDF, 0xFFDF, 0xFFFF, 0xFFDF, 0xFFFF, 0xFFDF, 0xFFDF, 0xFFDF, 0xFFDF, 0xFFDF, 0xFFDF, 0xFFDF, 0xFFDF,
    0xFFDF, 0xFFDF, 0xFFDF, 0xFFDF, 0xFFDF, 0xFFDF, 0xFFFF, 0xFFFF, 0xFFFF, 0xFFFF, 0xFFFF, 0xFFFF, 0xFFFF, 0xFFFF, 0xFFDF, 0xFFDF,
    0xFFDF, 0xFFDF, 0xFFDF, 0xFFDF, 0xFFDE, 0xFFDE, 0xFFDF, 0xFFDE, 0xFFDE, 0xFFDF, 0xFFDF, 0xFFDF, 0xFFDF, 0xFFDF, 0xFFDF, 0xFFDF,
    0xFFDF, 0xFFDF, 0xFFDF, 0xFFDF, 0xFFDF, 0xFFDF, 0xFFDF, 0xFFDF, 0xFFDF, 0xFFDF, 0xFFDF, 0xFFDF, 0xFFDF, 0xFFDF, 0xEF5D, 0xF7DF,
    0xEF9E, 0xE73C, 0xFFDF, 0xF7BE, 0xF7BE, 0xF7BF, 0xB5F9, 0x7496, 0x0A31, 0x01F1, 0x0212, 0x0211, 0x0211, 0x0211, 0x0211, 0x0211,
    0x0211, 0x0211, 0x0211, 0x0211, 0x0211, 0x0211, 0x0211, 0x0211, 0x0211, 0x0211, 0x0211, 0x0211, 0x0211, 0x0211, 0x0211, 0x0211,
    0x0211, 0x0211, 0x0211, 0x0211, 0x0211, 0x0211, 0x0211, 0x0211, 0x0211, 0x0211, 0x0211, 0x0212, 0x0211, 0x0211, 0x0211, 0x0211,
    0x0211, 0x0211, 0x0211, 0x0211, 0x0211, 0x0211, 0x0211, 0x0211, 0x0211, 0x0212, 0x0212, 0x0232, 0x0212, 0x0211, 0x0212, 0x0211,
    0x0211, 0x0211, 0x0211, 0x0211, 0x0211, 0x0211, 0x0211, 0x0211, 0x0211, 0x0211, 0x0211, 0x0211, 0x0212, 0x0211, 0x0212, 0x01F1,
    0x6C76, 0xBE5B, 0xD71D, 0xDF5E, 0xBE7B, 0x7CB7, 0x09F0, 0x0211, 0x0211, 0x0A31, 0x0A31, 0x01D1, 0x01F1, 0x0212, 0x0212, 0x0211,
    0x0211, 0x0211, 0x0212, 0x0232, 0x01D1, 0x01B1, 0x0212, 0x01D0, 0x3B53, 0x4352, 0x32B1, 0x84B5, 0xF7DF, 0x7CD7, 0x00AC, 0xADD9,
    0xFFFF, 0xFFFF, 0xFFDF, 0xEF7D, 0xCE9A, 0x32D1, 0x01D1, 0x0212, 0x01F1, 0x0211, 0x0211, 0x0211, 0x0211, 0x0211, 0x0212, 0x0211,
    0x0211, 0x0211, 0x0211, 0x0211, 0x0212, 0x0211, 0x0211, 0x0212, 0x0211, 0x0211, 0x0211, 0x0211, 0x0211, 0x0211, 0x0211, 0x0211,
    0x0211, 0x0211, 0x0211, 0x0211, 0x0211, 0x0211, 0x0211, 0x0211, 0x0211, 0x0211, 0x0212, 0x0211, 0x0212, 0x0232, 0x01F1, 0x010D,
    0x7455, 0xFFFF, 0xFFDF, 0xFFFF, 0xFFFF, 0xFFFF, 0xFFFF, 0xFFFF, 0xFFFF, 0xFFFF, 0xFFFF, 0xFFFF, 0xFFDF, 0xFFFF, 0xFFFF, 0xFFDF,
    0xFFDF, 0xFFDF, 0xFFFF, 0xFFFF, 0xFFDF, 0xFFDF, 0xFFFF, 0xFFFF, 0xFFDF, 0xFFFF, 0xFFDF, 0xF7DE, 0xFFDF, 0xFFFF, 0xFFDF, 0xFFDF,
    0xFFFF, 0xFFFF, 0xFFDF, 0xFFFF, 0xFFFF, 0xFFFF, 0xFFDF, 0xFFDF, 0xFFDF, 0xFFDF, 0xFFDF, 0xFFFF, 0xFFFF, 0xFFFF, 0xFFDF, 0xFFFF,
    0xFFFF, 0xFFFF, 0xFFDF, 0xFFDF, 0xFFDF, 0xFFDF, 0xFFDF, 0xFFDF, 0xFFDF, 0xFFDF, 0xFFFF, 0xFFDF, 0xFFDF, 0xFFDF, 0xFFDF, 0xFFDF,
    0xFFDF, 0xFFDF, 0xFFDF, 0xF7BE, 0xF7BE, 0xF7DF, 0xF7BE, 0xF77D, 0xE73D, 0x4B31, 0x42F1, 0xB63A, 0xFFFF, 0xFFDF, 0xFFDF, 0xFFDF,
    0xFFDF, 0xFFDF, 0xFFDF, 0xFFDF, 0xFFFF, 0xFFFF, 0xFFFF, 0xFFFF, 0xFFFF, 0xFFDF, 0xFFDF, 0xFFFF, 0xFFDF, 0xFFFF, 0xFFFF, 0xFFFF,
    0xFFFF, 0xFFFF, 0xFFDF, 0xFFDF, 0xFFFF, 0xFFFF, 0xFFFF, 0xFFFF, 0xFFDF, 0xFFDF, 0xFFDF, 0xFFDF, 0xFFDF, 0xFFDF, 0xFFDF, 0xFFDF,
    0xFFDF, 0xFFDF, 0xFFDF, 0xFFDF, 0xFFFF, 0xFFFF, 0xFFFF, 0xFFDF, 0xFFFF, 0xFFDF, 0xFFDF, 0xFFFF, 0xFFDF, 0xFFDF, 0xFFDF, 0xFFDF,
    0xFFDF, 0xFFDF, 0xFFDF, 0xFFDF, 0xFFDE, 0xFFDF, 0xFFDF, 0xFFDF, 0xFFDF, 0xFFDF, 0xFFDF, 0xFFDF, 0xFFDF, 0xFFDF, 0xFFDF, 0xFFDF,
    0xFFDF, 0xFFDF, 0xFFDF, 0xFFDF, 0xFFDF, 0xFFDF, 0xFFDF, 0xFFDF, 0xFFDF, 0xFFDF, 0xFFDF, 0xFFDF, 0xFFDF, 0xFFDF, 0xF7BE, 0xFFDF,
    0xFFFF, 0xFFFF, 0xFFFF, 0xFFDF, 0xF79E, 0xE73C, 0xFFFF, 0x84D7, 0x01B0, 0x0212, 0x0211, 0x0211, 0x0211, 0x0211, 0x0211, 0x0211,
    0x0211, 0x0211, 0x0211, 0x0211, 0x0211, 0x0211, 0x0211, 0x0211, 0x0211, 0x0211, 0x0211, 0x0211, 0x0211, 0x0211, 0x0211, 0x0211,
    0x0211, 0x0211, 0x0211, 0x0211, 0x0211, 0x0211, 0x0211, 0x0211, 0x0211, 0x0211, 0x0211, 0x0211, 0x0211, 0x0211, 0x0211, 0x0211,
    0x0211, 0x0211, 0x0211, 0x0211, 0x0211, 0x0211, 0x0211, 0x0211, 0x0212, 0x0212, 0x01D1, 0x0190, 0x01F2, 0x0212, 0x0212, 0x0212,
    0x0212, 0x0212, 0x0211, 0x0211, 0x0211, 0x0211, 0x0211, 0x0211, 0x0211, 0x0211, 0x0211, 0x0212, 0x0211, 0x0A31, 0x0211, 0x1272,
    0x1A71, 0x09CF, 0x2270, 0x32B0, 0x2AB1, 0x32D2, 0x09F0, 0x01B0, 0x016F, 0x4373, 0x09EF, 0x2AB2, 0x22B2, 0x01B0, 0x01F1, 0x0212,
    0x0212, 0x0212, 0x0211, 0x0190, 0x3333, 0x4374, 0x01D1, 0x1252, 0x0A10, 0x016F, 0x1A92, 0x4333, 0x120F, 0x010C, 0x4B72, 0xEF9E,
    0xFFFF, 0xFFDF, 0xFFFF, 0xFFDE, 0xCE9B, 0x4312, 0x01D1, 0x0212, 0x0211, 0x0211, 0x0211, 0x0211, 0x0211, 0x0211, 0x0211, 0x0211,
    0x0211, 0x0211, 0x0211, 0x0211, 0x0211, 0x0211, 0x0211, 0x0211, 0x0211, 0x0211, 0x0211, 0x0211, 0x0211, 0x0211, 0x0211, 0x0211,
    0x0211, 0x0211, 0x0211, 0x0212, 0x0211, 0x0211, 0x0211, 0x0211, 0x0212, 0x0211, 0x0211, 0x0A32, 0x01B1, 0x01B0, 0x2270, 0x9D98,
    0xFFDF, 0xFFDF, 0xFFDF, 0xFFDF, 0xFFFF, 0xFFDF, 0xFFDF, 0xFFDF, 0xF7DE, 0xFFDF, 0xFFDF, 0xFFFF, 0xFFDF, 0xFFFF, 0xFFFF, 0xFFFF,
    0xFFFF, 0xFFFF, 0xFFDF, 0xFFFF, 0xFFFF, 0xFFDF, 0xFFFF, 0xFFFF, 0xFFFF, 0xFFFF, 0xFFDF, 0xFFDF, 0xFFFF, 0xFFDF, 0xFFFF, 0xFFDF,
    0xFFFF, 0xFFDF, 0xFFDF, 0xFFFF, 0xFFFF, 0xFFDF, 0xFFFF, 0xFFDF, 0xFFDF, 0xFFDF, 0xFFDF, 0xFFFF, 0xFFDF, 0xFFFF, 0xFFDF, 0xFFDF,
    0xFFDF, 0xFFDF, 0xFFDF, 0xFFDF, 0xFFDF, 0xFFDF, 0xFFDF, 0xFFDF, 0xFFDF, 0xFFDF, 0xFFDF, 0xFFDF, 0xFFDF, 0xFFDF, 0xFFDF, 0xFFDF,
    0xFFDF, 0xFFDE, 0xF7BE, 0xF7BE, 0xF7BE, 0xF7BE, 0xF79E, 0xFFBE, 0xE71C, 0xEF5D, 0xFFFF, 0xFFFF, 0xFFDF, 0xFFFF, 0xFFDF, 0xFFDF,
    0xFFDF, 0xFFDF, 0xFFDF, 0xFFFF, 0xFFFF, 0xFFFF, 0xFFFF, 0xFFFF, 0xFFFF, 0xFFFF, 0xFFDF, 0xFFDF, 0xFFDF, 0xFFDF, 0xFFDF, 0xFFDF,
    0xFFFF, 0xFFDF, 0xFFDF, 0xFFDF, 0xFFDF, 0xFFDF, 0xFFFF, 0xFFFF, 0xFFFF, 0xFFDF, 0xFFDF, 0xFFDF, 0xFFDF, 0xFFDF, 0xFFDF, 0xFFDF,
    0xFFDF, 0xFFDF, 0xFFDF, 0xFFFF, 0xFFDF, 0xFFDF, 0xFFDF, 0xFFFF, 0xFFDF, 0xFFDF, 0xFFDF, 0xFFDF, 0xFFDF, 0xFFFF, 0xFFDF, 0xFFDF,
    0xFFDF, 0xFFDF, 0xFFDF, 0xFFDE, 0xFFDE, 0xFFDE, 0xFFDE, 0xFFDF, 0xFFDF, 0xFFDF, 0xFFDF, 0xFFDF, 0xFFDF, 0xFFDF, 0xFFDF, 0xFFDF,
    0xFFDF, 0xFFDF, 0xFFDF, 0xFFDF, 0xFFDF, 0xFFDF, 0xFFDF, 0xFFDF, 0xFFDF, 0xFFDF, 0xFFDF, 0xFFDF, 0xFFDF, 0xFFDF, 0xFFDF, 0xFFDF,
    0xFFFF, 0xFFFF, 0xF7BE, 0xE75D, 0xF7BE, 0xE73C, 0xD6DB, 0x53B4, 0x01B0, 0x0212, 0x01F1, 0x0211, 0x0211, 0x0211, 0x0211, 0x0211,
    0x0211, 0x0211, 0x0211, 0x0211, 0x0211, 0x0211, 0x0211, 0x0211, 0x0211, 0x0211, 0x0211, 0x0211, 0x0211, 0x0211, 0x0211, 0x0211,
    0x0211, 0x0211, 0x0211, 0x0211, 0x0211, 0x0211, 0x0212, 0x0211, 0x0211, 0x0211, 0x0211, 0x0211, 0x0211, 0x0211, 0x0211, 0x0211,
    0x0211, 0x0211, 0x0211, 0x0211, 0x0211, 0x0211, 0x0211, 0x0211, 0x0212, 0x01D1, 0x4BB4, 0x84F7, 0x0A10, 0x01B0, 0x01D1, 0x0190,
    0x01D1, 0x01D1, 0x01F1, 0x0212, 0x0211, 0x0212, 0x0211, 0x0212, 0x0212, 0x0211, 0x0212, 0x0212, 0x01D1, 0x3333, 0x1271, 0x2AF2,
    0x9578, 0x7496, 0x9D78, 0xCE9B, 0x63F4, 0x2A70, 0x4B93, 0x53D4, 0x6C55, 0x8CF7, 0x6414, 0xCEDC, 0x9537, 0x2250, 0x1A51, 0x01CF,
    0x0170, 0x01D1, 0x1251, 0x4B93, 0x6C34, 0x63F4, 0x098F, 0x7C97, 0xCEDC, 0x1A2F, 0x1210, 0x4312, 0x7455, 0xB5FA, 0xFFDF, 0xFFFF,
    0xFFDE, 0xFFFF, 0xF7BE, 0xE71C, 0xDF1D, 0x7CB7, 0x01D0, 0x0212, 0x0211, 0x0211, 0x0211, 0x0211, 0x0211, 0x0211, 0x0211, 0x0211,
    0x0211, 0x0211, 0x0212, 0x0211, 0x0211, 0x0211, 0x0211, 0x0211, 0x0211, 0x0211, 0x0211, 0x0211, 0x0211, 0x0211, 0x0211, 0x0211,
    0x0211, 0x0211, 0x0211, 0x0211, 0x0211, 0x0212, 0x0211, 0x0211, 0x0211, 0x0211, 0x01F1, 0x1A51, 0x6415, 0x9D78, 0xF79E, 0xFFFF,
    0xFFDF, 0xFFDF, 0xFFFF, 0xFFFF, 0xFFDF, 0xFFDF, 0xFFDF, 0xFFDF, 0xFFDF, 0xFFFF, 0xFFFF, 0xFFFF, 0xFFFF, 0xFFFF, 0xFFDF, 0xFFFF,
    0xFFDF, 0xFFFF, 0xFFDF, 0xFFDF, 0xFFDF, 0xFFDF, 0xFFFF, 0xFFFF, 0xFFFF, 0xFFDF, 0xFFDF, 0xFFFF, 0xFFFF, 0xFFFF, 0xFFFF, 0xFFFF,
    0xFFFF, 0xFFDF, 0xFFDF, 0xFFFF, 0xFFDF, 0xFFDF, 0xFFFF, 0xFFFF, 0xFFFF, 0xFFFF, 0xFFDF, 0xFFFF, 0xFFDF, 0xFFDF, 0xFFDF, 0xFFDF,
    0xFFDF, 0xFFDF, 0xFFDF, 0xFFDF, 0xFFDF, 0xFFDF, 0xFFFF, 0xFFFF, 0xFFDF, 0xFFFF, 0xFFDF, 0xFFDF, 0xFFDF, 0xFFDF, 0xFFDF, 0xFFDF,
    0xFFDF, 0xF7BE, 0xF7BE, 0xF7BE, 0xF7BE, 0xFFBF, 0xF7BE, 0xF7DF, 0xE75D, 0xF7BE, 0xFFDF, 0xFFDF, 0xFFDF, 0xFFDF, 0xFFDF, 0xFFDF,
    0xFFDF, 0xFFDF, 0xFFFF, 0xFFFF, 0xFFFF, 0xFFFF, 0xFFFF, 0xFFFF, 0xFFFF, 0xFFFF, 0xFFDF, 0xFFDF, 0xFFDF, 0xFFFF, 0xFFFF, 0xFFDF,
    0xFFDF, 0xFFDF, 0xFFFF, 0xFFDF, 0xFFDF, 0xFFDF, 0xFFDF, 0xFFDF, 0xFFFF, 0xFFDF, 0xFFDF, 0xFFDF, 0xFFDF, 0xFFFF, 0xFFFF, 0xFFDF,
    0xFFDF, 0xFFFF, 0xFFFF, 0xFFDF, 0xFFDF, 0xFFDF, 0xFFDF, 0xFFDF, 0xFFDF, 0xFFFF, 0xFFDF, 0xFFDF, 0xFFDF, 0xFFFF, 0xFFDF, 0xFFDF,
    0xFFDF, 0xFFDF, 0xFFDF, 0xFFDE, 0xFFDF, 0xFFDE, 0xFFDF, 0xFFDF, 0xFFDF, 0xFFDF, 0xFFDF, 0xFFDF, 0xFFDF, 0xFFDF, 0xFFDF, 0xFFDF,
    0xFFDF, 0xFFDF, 0xFFDF, 0xFFDF, 0xFFDF, 0xFFDF, 0xFFDF, 0xFFDF, 0xFFDF, 0xFFDF, 0xFFDF, 0xFFDF, 0xFFDF, 0xFFDF, 0xFFDF, 0xF7BE,
    0xF7BE, 0xF79E, 0xE73D, 0xE71C, 0xEF7E, 0xD6BB, 0xC67A, 0x1A30, 0x01F1, 0x0211, 0x0211, 0x0212, 0x0211, 0x0211, 0x0211, 0x0211,
    0x0211, 0x0211, 0x0211, 0x0211, 0x0211, 0x0211, 0x0211, 0x0211, 0x0211, 0x0211, 0x0211, 0x0211, 0x0211, 0x0211, 0x0211, 0x0211,
    0x0211, 0x0211, 0x0211, 0x0211, 0x0211, 0x0211, 0x0211, 0x0211, 0x0211, 0x0211, 0x0211, 0x0211, 0x0211, 0x0211, 0x0211, 0x0211,
    0x0211, 0x01F1, 0x0211, 0x0212, 0x0212, 0x0212, 0x01F1, 0x0212, 0x0232, 0x0212, 0x1A51, 0xB61A, 0xD6FC, 0x3AF2, 0x5394, 0xA5DA,
    0x32F2, 0x2AF3, 0x0A31, 0x01D1, 0x01D1, 0x01B0, 0x0211, 0x01D1, 0x01D1, 0x0212, 0x0212, 0x0211, 0x0211, 0x01F1, 0x01F1, 0x0A10,
    0x7C95, 0x94F5, 0xDEFC, 0xFFFF, 0xFFFF, 0xFFFF, 0xFFFF, 0xFFFF, 0xFFFF, 0xFFFF, 0xFFFF, 0xFFFF, 0xFFFF, 0xEF9E, 0xEF7E, 0xBE3B,
    0x6414, 0x2250, 0x5393, 0xFFFF, 0xDF3D, 0xA578, 0x8D17, 0x5B92, 0xCE7B, 0xBDF9, 0xEF7E, 0xFFFF, 0xFFFF, 0xFFFF, 0xFFDF, 0xFFDE,
    0xFFDF, 0xF7BE, 0xF79E, 0xEF5D, 0xCE9B, 0x2291, 0x01F1, 0x0212, 0x0211, 0x0211, 0x0211, 0x0211, 0x0211, 0x0211, 0x0211, 0x0212,
    0x0211, 0x0211, 0x0211, 0x0211, 0x0211, 0x0211, 0x0211, 0x0211, 0x0211, 0x0211, 0x0211, 0x0211, 0x0211, 0x0211, 0x0211, 0x0211,
    0x0211, 0x0211, 0x0211, 0x0211, 0x0211, 0x0211, 0x0211, 0x01F1, 0x01F1, 0x0211, 0x018F, 0x84D7, 0xFFFF, 0xFFFF, 0xFFFF, 0xFFDF,
    0xFFFF, 0xFFFF, 0xFFFF, 0xFFFF, 0xFFDF, 0xFFDF, 0xFFDF, 0xFFFF, 0xFFFF, 0xFFDF, 0xFFDF, 0xFFFF, 0xFFFF, 0xFFDF, 0xFFDF, 0xFFDF,
    0xFFDF, 0xFFDF, 0xFFDF, 0xFFDF, 0xFFDF, 0xFFDF, 0xFFDF, 0xFFDF, 0xFFDF, 0xFFDF, 0xFFDF, 0xFFDF, 0xFFDF, 0xFFDF, 0xFFDF, 0xFFDF,
    0xFFDF, 0xFFDF, 0xFFDF, 0xFFDF, 0xFFDF, 0xFFDF, 0xFFDF, 0xFFDF, 0xFFDF, 0xFFFF, 0xFFFF, 0xFFDF, 0xFFDF, 0xFFDF, 0xFFDF, 0xFFDF,
    0xFFDF, 0xFFDF, 0xFFDF, 0xFFDF, 0xFFDF, 0xFFDF, 0xFFDF, 0xFFDF, 0xFFFF, 0xFFDF, 0xFFDF, 0xFFDF, 0xFFDF, 0xFFDF, 0xFFDF, 0xFFBE,
    0xF7BE, 0xF7BE, 0xFFDE, 0xFFDE, 0xFFDF, 0xF7BE, 0xFFDF, 0xF7BF, 0xFFDF, 0xFFFF, 0xFFDF, 0xFFDF, 0xFFDF, 0xFFDF, 0xFFFF, 0xFFDF,
    0xFFDF, 0xFFDF, 0xFFFF, 0xFFFF, 0xFFFF, 0xFFFF, 0xFFFF, 0xFFFF, 0xFFFF, 0xFFFF, 0xFFDF, 0xFFDF, 0xFFFF, 0xFFDF, 0xFFFF, 0xFFDF,
    0xFFDF, 0xFFDF, 0xFFDF, 0xFFDF, 0xFFDF, 0xFFFF, 0xFFDF, 0xFFDF, 0xFFDF, 0xFFDF, 0xFFDF, 0xFFDF, 0xFFDF, 0xFFDF, 0xFFDF, 0xFFDF,
    0xFFFF, 0xFFFF, 0xFFDF, 0xFFDF, 0xFFDF, 0xFFDF, 0xFFDF, 0xFFDF, 0xFFDF, 0xFFDF, 0xFFDF, 0xFFDF, 0xFFDF, 0xFFDF, 0xFFDF, 0xFFDF,
    0xFFDF, 0xFFDF, 0xF7DE, 0xFFDF, 0xFFDF, 0xFFDE, 0xFFDF, 0xFFDF, 0xFFDF, 0xFFDF, 0xFFDF, 0xFFDF, 0xFFDF, 0xFFDF, 0xFFDF, 0xFFDF,
    0xFFDF, 0xFFDF, 0xFFDF, 0xFFDF, 0xFFDF, 0xFFDF, 0xFFDF, 0xFFDF, 0xFFDF, 0xFFDF, 0xFFDF, 0xFFDF, 0xFFDF, 0xFFDF, 0xFFDF, 0xF7BE,
    0xF7BE, 0xE71C, 0xD6BA, 0xDF1C, 0x5BB3, 0x2AB2, 0x53D5, 0x0A11, 0x0212, 0x0211, 0x0211, 0x0211, 0x0211, 0x0211, 0x0211, 0x0211,
    0x0211, 0x0211, 0x0211, 0x0211, 0x0211, 0x0211, 0x0211, 0x0211, 0x0211, 0x0211, 0x0211, 0x0211, 0x0211, 0x0211, 0x0211, 0x0211,
    0x0211, 0x0211, 0x0211, 0x0211, 0x0211, 0x0211, 0x0211, 0x0211, 0x0211, 0x0211, 0x0211, 0x0211, 0x0212, 0x01F1, 0x0212, 0x0211,
    0x0212, 0x0212, 0x0212, 0x01D0, 0x01B0, 0x01B0, 0x1231, 0x01B0, 0x01B1, 0x01D1, 0x2AF2, 0x010D, 0x2A91, 0x4332, 0x9D58, 0xBE3A,
    0x4B92, 0x2A91, 0x32D1, 0x2291, 0x32B1, 0xBE5B, 0x2270, 0x3B33, 0x6456, 0x0A11, 0x0232, 0x0212, 0x0211, 0x0211, 0x0211, 0x09D0,
    0x7496, 0xFFFF, 0xFFDF, 0xFFDF, 0xFFDF, 0xFFFF, 0xFFDF, 0xFFDF, 0xFFDF, 0xFFDF, 0xFFDF, 0xFFDF, 0xFFDF, 0xFFDF, 0xFFFF, 0xFFFF,
    0xFFFF, 0xF79E, 0xEF9E, 0xFFDF, 0xFFFF, 0xFFFF, 0xFFFF, 0xFFDF, 0xFFFF, 0xFFFF, 0xFFFF, 0xF7DE, 0xF7BE, 0xF7BE, 0xFFDF, 0xFFDF,
    0xF7BE, 0xF7BE, 0xEF7D, 0xF7BE, 0xA598, 0x0A10, 0x0212, 0x0212, 0x0212, 0x0211, 0x0211, 0x0211, 0x0211, 0x0211, 0x0211, 0x0211,
    0x0211, 0x0211, 0x0211, 0x0211, 0x0211, 0x0211, 0x0211, 0x0211, 0x0211, 0x0211, 0x0211, 0x0211, 0x0211, 0x0211, 0x0211, 0x0211,
    0x0211, 0x0211, 0x0211, 0x0212, 0x0211, 0x01F1, 0x0A31, 0x53F5, 0x01F1, 0x01F2, 0x012E, 0x6415, 0x8C95, 0xD6BB, 0xFFFF, 0xFFDF,
    0xFFFF, 0xFFFF, 0xFFDF, 0xFFFF, 0xFFFF, 0xFFFF, 0xFFFF, 0xFFFF, 0xFFDF, 0xFFDF, 0xFFDF, 0xFFDF, 0xFFDF, 0xFFFF, 0xFFFF, 0xFFDF,
    0xFFDF, 0xFFDF, 0xFFDF, 0xFFDF, 0xFFDF, 0xFFDF, 0xFFDF, 0xFFDF, 0xFFDF, 0xFFDF, 0xFFDF, 0xFFDF, 0xFFDF, 0xFFDF, 0xFFDF, 0xFFDF,
    0xFFDF, 0xFFDF, 0xFFDF, 0xFFDF, 0xFFDF, 0xFFDF, 0xFFDF, 0xFFDF, 0xFFDF, 0xFFDF, 0xFFFF, 0xFFDF, 0xFFDF, 0xFFDF, 0xFFDF, 0xFFDF,
    0xFFDF, 0xFFDF, 0xFFDF, 0xFFFF, 0xFFDF, 0xFFDF, 0xFFDF, 0xFFDF, 0xFFDF, 0xFFDF, 0xFFDF, 0xFFDF, 0xFFDF, 0xFFDF, 0xFFDF, 0xF7DF,
    0xFFDF, 0xFFDF, 0xFFDF, 0xF7BE, 0xFFDF, 0xFFDF, 0xFFDF, 0xFFDF, 0xFFDF, 0xFFDF, 0xFFDF, 0xFFDF, 0xFFDF, 0xFFDF, 0xFFDF, 0xFFDF,
    0xFFDF, 0xFFDF, 0xFFFF, 0xFFFF, 0xFFFF, 0xFFFF, 0xFFFF, 0xFFFF, 0xFFFF, 0xFFFF, 0xFFDF, 0xFFDF, 0xFFFF, 0xFFDF, 0xFFDF, 0xFFDF,
    0xFFDF, 0xFFFF, 0xFFDF, 0xFFDF, 0xFFDF, 0xFFFF, 0xFFFF, 0xFFDF, 0xFFDF, 0xFFDF, 0xFFDF, 0xFFDF, 0xFFDF, 0xFFDF, 0xFFDF, 0xFFDF,
    0xFFDF, 0xFFDF, 0xFFDF, 0xFFDF, 0xFFDF, 0xFFDF, 0xFFDF, 0xFFDF, 0xFFDF, 0xFFDF, 0xFFDF, 0xFFDF, 0xFFFF, 0xFFDF, 0xFFDF, 0xFFDF,
    0xFFDF, 0xFFDF, 0xFFDE, 0xFFDF, 0xFFDF, 0xFFDF, 0xFFDF, 0xFFDF, 0xFFDF, 0xFFDF, 0xFFDF, 0xFFDF, 0xFFDF, 0xFFDF, 0xFFDF, 0xFFDF,
    0xFFDF, 0xFFDF, 0xFFDF, 0xFFDF, 0xFFDF, 0xFFDF, 0xFFDF, 0xFFDF, 0xFFDF, 0xFFDF, 0xFFDF, 0xFFDF, 0xFFDF, 0xFFDF, 0xFFDF, 0xE73C,
    0xE73C, 0xEF7D, 0xC67A, 0x4312, 0x01B0, 0x01F1, 0x01B1, 0x01F2, 0x0211, 0x0211, 0x0211, 0x0211, 0x0211, 0x0211, 0x0211, 0x0211,
    0x0211, 0x0211, 0x0211, 0x0212, 0x0211, 0x0211, 0x0211, 0x0211, 0x0211, 0x0211, 0x0211, 0x0211, 0x0211, 0x0211, 0x0211, 0x0211,
    0x0211, 0x0211, 0x0211, 0x0211, 0x0211, 0x0211, 0x0211, 0x0211, 0x0211, 0x0211, 0x0211, 0x0212, 0x0232, 0x0212, 0x01F2, 0x0232,
    0x01D1, 0x0190, 0x01AF, 0x6C55, 0x9D99, 0x5BB3, 0x84F7, 0x4B73, 0x3B13, 0x4B93, 0x8CF6, 0x7C96, 0x6C35, 0x6C35, 0x6C15, 0x63D4,
    0x9517, 0xADDA, 0xBE3A, 0xF7BF, 0xE73D, 0xFFDF, 0x4B10, 0xBE3A, 0xC639, 0x3B12, 0x0170, 0x01F1, 0x01D0, 0x0190, 0x018F, 0x016F,
    0x012D, 0x6414, 0xEF7E, 0xFFFF, 0xFFDF, 0xFFDF, 0xFFDF, 0xFFDF, 0xF7BE, 0xFFBE, 0xFFDF, 0xFFDF, 0xFFDF, 0xFFDF, 0xFFDF, 0xFFDF,
    0xFFDF, 0xFFFF, 0xFFFF, 0xFFDF, 0xFFDF, 0xF7DF, 0xFFDF, 0xFFFF, 0xFFDF, 0xF7BE, 0xF7BE, 0xF7BE, 0xFFDF, 0xFFDF, 0xFFDF, 0xF7DE,
    0xF7BE, 0xEF7D, 0xEF5D, 0xC67B, 0x6415, 0x01F1, 0x0212, 0x0212, 0x0211, 0x0211, 0x0211, 0x0211, 0x0211, 0x0211, 0x0211, 0x0211,
    0x0211, 0x0211, 0x0211, 0x0211, 0x0211, 0x0211, 0x0211, 0x0211, 0x0211, 0x0211, 0x0211, 0x0211, 0x0211, 0x0211, 0x0211, 0x0211,
    0x0211, 0x0211, 0x0211, 0x01F1, 0x0211, 0x0212, 0x0232, 0x1272, 0x0232, 0x1251, 0x5BD4, 0xBE3A, 0xEF5D, 0xFFFF, 0xFFFF, 0xFFFF,
    0xFFFF, 0xFFFF, 0xFFDF, 0xFFDF, 0xFFFF, 0xFFDF, 0xFFDF, 0xFFDF, 0xFFDF, 0xFFDF, 0xFFDF, 0xFFDF, 0xFFDF, 0xFFDF, 0xFFDF, 0xFFDF,
    0xFFDF, 0xFFDF, 0xFFDF, 0xFFDF, 0xFFDF, 0xFFDF, 0xFFDF, 0xFFDF, 0xFFDF, 0xFFDF, 0xFFDF, 0xFFDF, 0xFFDF, 0xFFDF, 0xFFFF, 0xFFDF,
    0xFFDF, 0xFFDF, 0xFFDF, 0xFFDF, 0xFFDF, 0xFFDF, 0xFFDF, 0xFFDF, 0xFFDF, 0xFFDF, 0xFFDF, 0xFFDF, 0xFFDF, 0xFFDF, 0xFFDF, 0xFFDF,
    0xFFDF, 0xFFDF, 0xFFDF, 0xFFDF, 0xFFDF, 0xFFDF, 0xFFFF, 0xFFDF, 0xFFDF, 0xFFDF, 0xFFDF, 0xFFDF, 0xFFDF, 0xFFDF, 0xFFDF, 0xFFDF,
    0xFFDF, 0xFFDF, 0xFFDF, 0xFFDF, 0xFFDF, 0xFFDF, 0xFFDF, 0xFFFF, 0xFFDF, 0xFFFF, 0xFFDF, 0xFFDF, 0xFFDF, 0xFFDF, 0xFFDF, 0xFFFF,
    0xFFDF, 0xFFDF, 0xFFFF, 0xFFDF, 0xFFFF, 0xFFDF, 0xFFFF, 0xFFDF, 0xFFFF, 0xFFFF, 0xFFDF, 0xFFDF, 0xFFDF, 0xFFDF, 0xFFDF, 0xFFDF,
    0xFFDF, 0xFFDF, 0xFFDF, 0xFFDF, 0xFFDF, 0xFFDF, 0xFFDF, 0xFFDF, 0xFFDF, 0xFFDF, 0xFFDF, 0xFFDF, 0xFFDF, 0xFFDF, 0xFFDF, 0xFFDF,
    0xFFDF, 0xFFDF, 0xFFDF, 0xFFDF, 0xFFDF, 0xFFDF, 0xFFDF, 0xFFDF, 0xFFFF, 0xFFFF, 0xFFDF, 0xFFFF, 0xFFDF, 0xFFDF, 0xFFDF, 0xFFDF,
    0xFFDF, 0xFFDF, 0xFFDF, 0xFFDF, 0xFFDF, 0xFFDF, 0xFFDF, 0xFFDF, 0xFFDF, 0xFFDF, 0xFFDF, 0xFFDF, 0xFFDF, 0xFFDF, 0xFFDF, 0xFFDF,
    0xFFDF, 0xFFDF, 0xFFDF, 0xFFDF, 0xFFDF, 0xFFDF, 0xFFDF, 0xFFDF, 0xFFDF, 0xFFDF, 0xFFDF, 0xFFDF, 0xFFDF, 0xF79E, 0xF7BE, 0xDEDB,
    0xD69A, 0xF79E, 0xA598, 0x018E, 0x0212, 0x0212, 0x0212, 0x0211, 0x0211, 0x0211, 0x0211, 0x0211, 0x0211, 0x0211, 0x0211, 0x0211,
    0x0211, 0x0211, 0x0211, 0x0211, 0x0211, 0x0211, 0x0211, 0x0211, 0x0211, 0x0211, 0x0211, 0x0211, 0x0211, 0x0211, 0x0211, 0x0211,
    0x0211, 0x0211, 0x0211, 0x0211, 0x0211, 0x0212, 0x0211, 0x01F1, 0x0211, 0x0211, 0x0212, 0x01D0, 0x0190, 0x01D0, 0x1A92, 0x01B0,
    0x4374, 0x9558, 0xC69B, 0xFFFF, 0xFFFF, 0xFFFF, 0xF7BF, 0xFFFF, 0xFFFF, 0xFFFF, 0xFFFF, 0xFFFF, 0xFFFF, 0xFFFF, 0xFFFF, 0xFFFF,
    0xFFFF, 0xFFFF, 0xFFFF, 0xFFFF, 0xFFFF, 0xF79E, 0xEF9E, 0xFFFF, 0xBDF9, 0x9537, 0x5394, 0x32B1, 0x3AF2, 0x5BD4, 0xA5B9, 0x8D17,
    0x8517, 0x21EE, 0xB5D9, 0xFFFF, 0xFFDF, 0xFFDF, 0xFFDF, 0xFFDF, 0xFFDF, 0xFFDF, 0xFFDF, 0xFFDF, 0xFFDF, 0xFFDF, 0xFFDF, 0xFFDF,
    0xFFDF, 0xFFDF, 0xFFDF, 0xFFDE, 0xF7BE, 0xF7BE, 0xFFBE, 0xF7BE, 0xF7BE, 0xF7BE, 0xF7BE, 0xF7BE, 0xF7DE, 0xF7BF, 0xF7BE, 0xF7BE,
    0xF7BE, 0xFFDE, 0xDF3D, 0x2270, 0x0190, 0x0212, 0x0212, 0x0212, 0x0211, 0x0211, 0x0211, 0x0211, 0x0211, 0x0211, 0x0211, 0x0211,
    0x0211, 0x0211, 0x0211, 0x0211, 0x0211, 0x0211, 0x0211, 0x0211, 0x0211, 0x0211, 0x0211, 0x0211, 0x01F1, 0x0211, 0x0211, 0x0211,
    0x0211, 0x0211, 0x0212, 0x0212, 0x01F1, 0x01D1, 0x01D1, 0x01D1, 0x012F, 0x7CB6, 0xFFFF, 0xFFFF, 0xFFFF, 0xFFFF, 0xFFDF, 0xFFDF,
    0xFFDF, 0xFFDF, 0xFFDF, 0xFFDF, 0xFFDF, 0xFFDF, 0xFFDF, 0xFFDF, 0xFFDF, 0xFFDF, 0xFFDF, 0xFFDF, 0xFFDF, 0xFFDF, 0xFFDF, 0xFFDF,
    0xFFDF, 0xFFDF, 0xFFDF, 0xFFDF, 0xFFDF, 0xFFDF, 0xFFDF, 0xFFDF, 0xFFDF, 0xFFDF, 0xFFDF, 0xFFDF, 0xFFDF, 0xFFDF, 0xFFDF, 0xFFDF,
    0xFFDF, 0xFFDF, 0xFFDF, 0xFFDF, 0xFFDF, 0xFFDF, 0xFFDF, 0xFFDF, 0xFFDF, 0xFFDF, 0xFFDF, 0xFFDF, 0xFFDF, 0xFFDF, 0xFFDF, 0xFFDF,
    0xFFDF, 0xFFDF, 0xFFDF, 0xFFDF, 0xFFDF, 0xFFFF, 0xFFFF, 0xFFDF, 0xFFDF, 0xFFDF, 0xFFDF, 0xFFDF, 0xFFDF, 0xFFDF, 0xFFDF, 0xFFDF,
    0xFFDF, 0xFFDF, 0xFFDF, 0xFFDF, 0xFFDF, 0xFFDF, 0xFFDF, 0xFFDF, 0xFFDF, 0xFFDF, 0xFFFF, 0xFFDF, 0xFFDF, 0xFFFF, 0xFFFF, 0xFFFF,
    0xFFFF, 0xFFDF, 0xFFFF, 0xFFDF, 0xFFDF, 0xFFDF, 0xFFFF, 0xFFDF, 0xFFDF, 0xFFDF, 0xFFDF, 0xFFDF, 0xFFFF, 0xFFDF, 0xFFDF, 0xFFDF,
    0xFFDF, 0xFFDF, 0xFFDF, 0xFFDF, 0xFFDF, 0xFFDF, 0xFFDF, 0xFFDF, 0xFFDF, 0xFFDF, 0xFFDF, 0xFFDF, 0xFFDF, 0xFFDF, 0xFFDF, 0xFFDF,
    0xFFDF, 0xFFDF, 0xFFDF, 0xFFDF, 0xFFDF, 0xFFDF, 0xFFDF, 0xFFDF, 0xFFFF, 0xFFFF, 0xFFDF, 0xFFDF, 0xFFDF, 0xFFDF, 0xFFDF, 0xFFDF,
    0xFFDF, 0xFFDF, 0xFFDF, 0xFFDF, 0xFFDF, 0xFFDF, 0xFFDF, 0xFFDF, 0xFFDF, 0xFFDF, 0xFFDF, 0xFFDF, 0xFFDF, 0xFFDF, 0xFFDF, 0xFFDF,
    0xFFDF, 0xFFDF, 0xFFDF, 0xFFDF, 0xFFDF, 0xFFDF, 0xFFDF, 0xFFDF, 0xFFDF, 0xFFDF, 0xFFDF, 0xF7BE, 0xF7BE, 0xF7BE, 0xF7BE, 0xFFDF,
    0xB5D8, 0x3AF1, 0x32F2, 0x0A31, 0x01F1, 0x0211, 0x0211, 0x0211, 0x0211, 0x0211, 0x0212, 0x0211, 0x0211, 0x0211, 0x0211, 0x0211,
    0x0211, 0x0211, 0x0211, 0x0211, 0x0211, 0x0211, 0x0211, 0x0211, 0x0211, 0x0211, 0x0211, 0x0211, 0x0211, 0x0211, 0x0211, 0x0211,
    0x0211, 0x0211, 0x0211, 0x0211, 0x0211, 0x0211, 0x0211, 0x01F1, 0x01D1, 0x01D0, 0x016F, 0x5BD4, 0x7456, 0x9D78, 0xEF9E, 0xBE5A,
    0xF7BE, 0xFFFF, 0xFFFF, 0xFFFF, 0xF79E, 0xF7BE, 0xFFDF, 0xFFDF, 0xFFDF, 0xFFDF, 0xFFDF, 0xF7BF, 0xF7BF, 0xFFDF, 0xFFDF, 0xF7DF,
    0xF7BF, 0xF7DF, 0xFFDF, 0xFFDF, 0xFFDF, 0xFFFF, 0xFFFF, 0xFFFF, 0xFFFF, 0xFFFF, 0xFFFF, 0xFFDF, 0xFFFF, 0xFFFF, 0xFFFF, 0xFFFF,
    0xFFFF, 0xF7BE, 0xFFFF, 0xFFDF, 0xFFFF, 0xFFDF, 0xFFDF, 0xFFDF, 0xFFDF, 0xFFDF, 0xFFDF, 0xFFDF, 0xFFDF, 0xFFDF, 0xFFDF, 0xFFDF,
    0xFFDF, 0xFFDF, 0xFFDF, 0xFFDF, 0xFFBF, 0xF7BE, 0xF7BE, 0xF7BE, 0xF7BE, 0xF7BE, 0xF7BF, 0xF7BF, 0xF7BE, 0xFFDE, 0xFFFF, 0xFFFF,
    0xEF7E, 0xB61A, 0x3B33, 0x01D0, 0x0212, 0x0211, 0x0211, 0x0211, 0x0211, 0x0211, 0x0211, 0x0211, 0x0211, 0x0211, 0x0211, 0x0211,
    0x0211, 0x0211, 0x0211, 0x0211, 0x0211, 0x0211, 0x0211, 0x0211, 0x0211, 0x0211, 0x0212, 0x0211, 0x0211, 0x0211, 0x0211, 0x0211,
    0x0212, 0x01F1, 0x0190, 0x0190, 0x09F0, 0x2271, 0x2A91, 0x4B74, 0x63F4, 0xBE1A, 0xFFFF, 0xFFDF, 0xFFFF, 0xFFDF, 0xFFDF, 0xFFDF,
    0xFFDF, 0xFFDF, 0xFFDF, 0xFFDF, 0xFFDF, 0xFFDF, 0xFFDF, 0xFFDF, 0xFFDF, 0xFFDF, 0xFFDF, 0xFFDF, 0xFFDF, 0xFFDF, 0xFFDF, 0xFFDF,
    0xFFDF, 0xFFDF, 0xFFDF, 0xFFDF, 0xFFDF, 0xFFDF, 0xFFDF, 0xFFDF, 0xFFDF, 0xFFDF, 0xFFDF, 0xFFDF, 0xFFDF, 0xFFDF, 0xFFDF, 0xFFDF,
    0xFFDF, 0xFFDF, 0xFFDF, 0xFFDF, 0xFFDF, 0xFFDF, 0xFFDF, 0xFFDF, 0xFFDF, 0xFFDF, 0xFFDF, 0xFFDF, 0xFFDF, 0xFFDF, 0xFFDF, 0xFFDF,
    0xFFDF, 0xFFDF, 0xFFDF, 0xFFDF, 0xFFDF, 0xFFDF, 0xFFFF, 0xFFDF, 0xFFDF, 0xFFDF, 0xFFDF, 0xFFDF, 0xFFDF, 0xFFDF, 0xFFDF, 0xFFDF,
    0xFFDF, 0xFFDF, 0xFFDF, 0xFFDF, 0xFFDF, 0xFFDF, 0xFFDF, 0xFFDF, 0xFFDF, 0xFFDF, 0xFFDF, 0xFFDF, 0xFFDF, 0xFFFF, 0xFFFF, 0xFFDF,
    0xFFFF, 0xFFDF, 0xFFDF, 0xFFDF, 0xFFDF, 0xFFDF, 0xFFDF, 0xFFFF, 0xFFDF, 0xFFDF, 0xFFDF, 0xFFDF, 0xFFFF, 0xFFDF, 0xFFDF, 0xFFDF,
    0xFFDF, 0xFFDF, 0xFFDF, 0xFFDF, 0xFFDF, 0xFFDF, 0xFFDF, 0xFFDF, 0xFFDF, 0xFFDF, 0xFFDF, 0xFFDF, 0xFFFF, 0xFFDF, 0xFFDF, 0xFFDF,
    0xFFDF, 0xFFDF, 0xFFDF, 0xFFDF, 0xFFDF, 0xFFDF, 0xFFDF, 0xFFDF, 0xFFFF, 0xFFDF, 0xFFDF, 0xFFFF, 0xFFDF, 0xFFDF, 0xFFDF, 0xFFDF,
    0xFFDF, 0xFFDF, 0xFFDF, 0xFFDF, 0xFFDF, 0xFFDF, 0xFFDF, 0xFFDF, 0xFFDF, 0xFFDF, 0xFFDF, 0xFFDF, 0xFFDF, 0xFFDF, 0xFFDF, 0xFFDF,
    0xFFDF, 0xFFDF, 0xFFDF, 0xFFDF, 0xFFDF, 0xFFDF, 0xFFDF, 0xFFDF, 0xFFDF, 0xF7DE, 0xF7DF, 0xF7BE, 0xF7BE, 0xFFDF, 0xFFDF, 0xFFFF,
    0xCE9B, 0x1230, 0x01B0, 0x01F1, 0x01F1, 0x0211, 0x01F1, 0x0211, 0x0211, 0x0211, 0x0211, 0x0211, 0x0211, 0x0211, 0x0211, 0x0211,
    0x0211, 0x0211, 0x0211, 0x0211, 0x0211, 0x0211, 0x0211, 0x0211, 0x0211, 0x0211, 0x0211, 0x0211, 0x0211, 0x0211, 0x0211, 0x0211,
    0x0211, 0x0212, 0x0212, 0x0212, 0x0212, 0x0212, 0x0212, 0x0A31, 0x1A91, 0x4353, 0x7476, 0xB61A, 0xFFFF, 0xFFFF, 0xFFFF, 0xFFFF,
    0xFFFF, 0xFFDF, 0xFFDF, 0xFFFF, 0xFFDF, 0xFFDF, 0xFFDF, 0xFFDF, 0xFFDF, 0xFFDF, 0xFFDF, 0xFFDF, 0xFFDF, 0xFFDF, 0xFFDF, 0xFFDF,
    0xFFDF, 0xFFDF, 0xFFDF, 0xF7BE, 0xFFBE, 0xFFDF, 0xF7BE, 0xF7BE, 0xFFDF, 0xF7DF, 0xFFDF, 0xFFFF, 0xFFDF, 0xFFDF, 0xFFDF, 0xFFDF,
    0xFFDF, 0xFFFF, 0xFFDF, 0xFFDF, 0xFFDF, 0xFFDF, 0xFFDF, 0xFFDF, 0xFFDF, 0xFFDF, 0xFFDF, 0xFFDF, 0xFFDF, 0xFFDF, 0xFFDF, 0xFFDF,
    0xFFDF, 0xFFDF, 0xFFBE, 0xF7BE, 0xF7BF, 0xF7BE, 0xFFFF, 0xFFFF, 0xFFFF, 0xFFFF, 0xFFFF, 0xFFFF, 0xFFFF, 0xFFDF, 0x8496, 0x53B4,
    0x2AB2, 0x01AF, 0x01B0, 0x0211, 0x01F1, 0x0211, 0x01F1, 0x0211, 0x0211, 0x0211, 0x0211, 0x0211, 0x0211, 0x0211, 0x0211, 0x0211,
    0x0211, 0x0211, 0x0211, 0x0211, 0x0211, 0x0211, 0x0212, 0x0212, 0x01F1, 0x0211, 0x0211, 0x0211, 0x0211, 0x0211, 0x0232, 0x0212,
    0x0190, 0x1231, 0x53D4, 0xA5B9, 0xD6FD, 0xEF9E, 0xF7BF, 0xFFFF, 0xFFFF, 0xFFFF, 0xFFFF, 0xFFFF, 0xFFFF, 0xFFDF, 0xFFDF, 0xFFDF,
    0xFFDF, 0xFFDF, 0xFFDF, 0xFFDF, 0xFFDF, 0xFFDF, 0xFFDF, 0xFFDF, 0xFFDF, 0xFFDF, 0xFFDF, 0xFFDF, 0xFFDF, 0xFFDF, 0xFFDF, 0xFFDF,
    0xFFDF, 0xFFDF, 0xFFDF, 0xFFDF, 0xFFDF, 0xFFDF, 0xFFDF, 0xFFDF, 0xFFDF, 0xFFDF, 0xFFDF, 0xFFDF, 0xFFDF, 0xFFDF, 0xFFDF, 0xFFDF,
    0xFFDF, 0xFFDF, 0xFFDF, 0xFFDF, 0xFFDF, 0xFFDF, 0xFFDF, 0xFFDF, 0xFFDF, 0xFFDF, 0xFFDF, 0xFFDF, 0xFFDF, 0xFFDF, 0xFFDF, 0xFFDF,
    0xFFDF, 0xFFDF, 0xFFDF, 0xFFDF, 0xFFDF, 0xFFDF, 0xFFDF, 0xFFDF, 0xFFDF, 0xFFDF, 0xFFDF, 0xFFDF, 0xFFDF, 0xFFDF, 0xFFDF, 0xFFDF,
    0xFFDF, 0xFFDF, 0xFFDF, 0xFFDF, 0xFFDF, 0xFFDF, 0xFFDF, 0xFFDF, 0xFFDF, 0xFFDF, 0xFFDF, 0xFFDF, 0xFFDF, 0xFFDF, 0xFFDF, 0xFFDF,
    0xFFFF, 0xFFFF, 0xFFDF, 0xFFDF, 0xFFDF, 0xFFDF, 0xFFDF, 0xFFDF, 0xFFDF, 0xFFDF, 0xFFDF, 0xFFDF, 0xFFFF, 0xFFDF, 0xFFDF, 0xFFDF,
    0xFFDF, 0xFFDF, 0xFFDF, 0xFFDF, 0xFFDF, 0xFFDF, 0xFFDF, 0xFFDF, 0xFFDF, 0xFFDF, 0xFFDF, 0xFFDF, 0xFFDF, 0xFFDF, 0xFFDF, 0xFFDF,
    0xFFDF, 0xFFDF, 0xFFDF, 0xFFDF, 0xFFDF, 0xFFDF, 0xFFDF, 0xFFDF, 0xFFDF, 0xFFFF, 0xFFDF, 0xFFDF, 0xFFDF, 0xFFDF, 0xFFDF, 0xFFDF,
    0xFFDF, 0xFFDF, 0xFFDF, 0xFFDF, 0xFFDF, 0xFFDF, 0xFFDF, 0xFFDF, 0xFFDF, 0xFFDF, 0xFFDF, 0xFFDF, 0xFFDF, 0xFFDF, 0xFFDF, 0xFFDF,
    0xFFDF, 0xFFDF, 0xFFDF, 0xFFDF, 0xFFDF, 0xFFDF, 0xFFDF, 0xFFDF, 0xFFDF, 0xFFDF, 0xFFDE, 0xFFDF, 0xFFDF, 0xF7BE, 0xE6FC, 0xEF5D,
    0xC67B, 0x1A71, 0x0212, 0x0211, 0x0211, 0x0211, 0x0211, 0x0211, 0x0211, 0x0211, 0x0211, 0x0211, 0x0211, 0x0211, 0x0211, 0x0211,
    0x0211, 0x0211, 0x0211, 0x0211, 0x0211, 0x0211, 0x0211, 0x0211, 0x0211, 0x0211, 0x0211, 0x0211, 0x0211, 0x0211, 0x0211, 0x0212,
    0x0212, 0x01B1, 0x01D1, 0x01B0, 0x01B1, 0x01D1, 0x01D1, 0x0A31, 0x2AD2, 0x2AB2, 0x2A70, 0x5B93, 0xF7DF, 0xF7BE, 0xFFDF, 0xF7BE,
    0xFFDF, 0xFFFF, 0xFFDF, 0xFFDF, 0xFFDF, 0xFFFF, 0xFFDF, 0xFFDF, 0xFFDF, 0xFFDF, 0xFFDF, 0xFFFF, 0xFFDF, 0xFFDF, 0xFFDF, 0xFFDF,
    0xFFDF, 0xFFDF, 0xF7BE, 0xEF7D, 0xFFDF, 0xFFDF, 0xF7BE, 0xF79E, 0xFFFF, 0xFFDF, 0xFFDF, 0xFFDF, 0xFFDF, 0xFFDF, 0xFFFF, 0xFFFF,
    0xFFDF, 0xFFDF, 0xFFDF, 0xFFDF, 0xFFDF, 0xFFDF, 0xFFDF, 0xFFDF, 0xFFDF, 0xFFDF, 0xFFDF, 0xFFDF, 0xFFDF, 0xFFDF, 0xFFDF, 0xFFDF,
    0xFFDF, 0xFFDE, 0xF7BE, 0xF7BE, 0xF7BE, 0xFFDF, 0xADB9, 0x7455, 0xAE1A, 0xBE7B, 0xA599, 0xCEBC, 0xC69B, 0x7497, 0x0190, 0x0191,
    0x01D1, 0x01F1, 0x0211, 0x01F1, 0x01F1, 0x0211, 0x0211, 0x0211, 0x0211, 0x0211, 0x0211, 0x0212, 0x0211, 0x0211, 0x0211, 0x0211,
    0x0211, 0x0211, 0x0211, 0x0211, 0x0211, 0x0211, 0x0211, 0x0211, 0x0211, 0x0211, 0x01F1, 0x0211, 0x0212, 0x01F1, 0x01B0, 0x09F0,
    0x7CB6, 0xE75D, 0xFFFF, 0xFFFF, 0xFFFF, 0xFFFF, 0xFFDF, 0xFFDF, 0xFFDF, 0xFFDF, 0xFFFF, 0xFFDF, 0xFFDF, 0xFFDF, 0xFFDF, 0xFFDF,
    0xFFDF, 0xFFDF, 0xFFDF, 0xFFDF, 0xFFDF, 0xFFDF, 0xFFDF, 0xFFDF, 0xFFDF, 0xFFDF, 0xFFDF, 0xFFDF, 0xFFDF, 0xFFDF, 0xFFDF, 0xFFDF,
    0xFFDF, 0xFFDF, 0xFFDF, 0xFFDF, 0xFFDF, 0xFFDF, 0xFFDF, 0xFFDF, 0xFFDF, 0xFFDF, 0xFFDF, 0xFFDF, 0xFFDF, 0xFFDF, 0xFFDF, 0xFFDF,
    0xFFDF, 0xFFDF, 0xFFDF, 0xFFDF, 0xFFDF, 0xFFDF, 0xFFDF, 0xFFDF, 0xFFDF, 0xFFDF, 0xFFDF, 0xFFDF, 0xFFDF, 0xFFDF, 0xFFDF, 0xFFDF,
    0xFFDF, 0xFFDF, 0xFFDF, 0xFFDF, 0xFFDF, 0xFFDF, 0xFFFF, 0xFFFF, 0xFFFF, 0xFFDF, 0xFFDF, 0xFFDF, 0xFFDF, 0xFFDF, 0xFFDF, 0xFFDF,
    0xFFDF, 0xFFDF, 0xFFDF, 0xFFDF, 0xFFDF, 0xFFDF, 0xFFDF, 0xFFDF, 0xFFDF, 0xFFDF, 0xFFDF, 0xFFFF, 0xFFFF, 0xFFDF, 0xFFDF, 0xFFDF,
    0xFFFF, 0xFFFF, 0xFFFF, 0xFFDF, 0xFFDF, 0xFFDF, 0xFFDF, 0xFFDF, 0xFFFF, 0xFFDF, 0xFFDF, 0xFFDF, 0xFFDF, 0xFFDF, 0xFFDF, 0xFFDF,
    0xFFDF, 0xFFDF, 0xFFDF, 0xFFDF, 0xFFDF, 0xFFDF, 0xFFDF, 0xFFDF, 0xFFDF, 0xFFDF, 0xFFDF, 0xFFDF, 0xFFDF, 0xFFDF, 0xFFDF, 0xFFDF,
    0xFFDF, 0xFFDF, 0xFFDF, 0xFFDF, 0xFFDF, 0xFFDF, 0xFFDF, 0xFFDF, 0xFFFF, 0xFFDF, 0xFFDF, 0xFFDF, 0xFFDF, 0xFFDF, 0xFFDF, 0xFFDF,
    0xFFDF, 0xFFDF, 0xFFDF, 0xFFDF, 0xFFDF, 0xFFDF, 0xFFDF, 0xFFDF, 0xFFDF, 0xFFDF, 0xFFDF, 0xFFDF, 0xFFDF, 0xFFDF, 0xFFDF, 0xFFDF,
    0xFFDF, 0xFFDF, 0xFFDF, 0xFFDF, 0xFFDF, 0xFFDF, 0xFFDF, 0xFFDF, 0xFFDF, 0xFFDF, 0xFFDF, 0xFFDF, 0xFFDF, 0xF7BF, 0xE73C, 0xF79E,
    0xBE3A, 0x01D0, 0x0212, 0x0212, 0x01F1, 0x01F1, 0x01F1, 0x0212, 0x0211, 0x0211, 0x0211, 0x0211, 0x0211, 0x0211, 0x0211, 0x0211,
    0x0211, 0x0211, 0x0211, 0x0211, 0x0211, 0x0211, 0x0211, 0x0211, 0x0211, 0x0211, 0x0211, 0x0211, 0x0211, 0x0211, 0x0211, 0x0212,
    0x01F0, 0x53F5, 0x4353, 0x6C56, 0x7CB7, 0x4333, 0x4394, 0x01F1, 0x1251, 0x3B32, 0x5BB4, 0x7455, 0xFFFF, 0xFFDE, 0xFFDF, 0xFFDF,
    0xFFDF, 0xFFFF, 0xFFDF, 0xFFDF, 0xFFDF, 0xFFDF, 0xFFDF, 0xFFDF, 0xFFDF, 0xFFDF, 0xFFDF, 0xEF7D, 0xF7BE, 0xFFDF, 0xFFDF, 0xFFDF,
    0xFFDF, 0xF7BE, 0xFFDF, 0xFFDF, 0xFFDF, 0xFFDF, 0xFFDF, 0xFFDF, 0xFFDF, 0xFFDF, 0xFFDF, 0xFFDF, 0xFFDF, 0xFFDF, 0xFFFF, 0xFFDF,
    0xFFDF, 0xFFDF, 0xFFDF, 0xFFDF, 0xFFDF, 0xFFDF, 0xFFDF, 0xFFDF, 0xFFDF, 0xFFDF, 0xFFDF, 0xFFDF, 0xFFDF, 0xFFDF, 0xFFDE, 0xFFDF,
    0xF7DE, 0xF7BE, 0xF79E, 0xEF7D, 0xF79E, 0xFFDF, 0xB61A, 0x010C, 0x00ED, 0x014F, 0x0170, 0x01F1, 0x01D0, 0x01B0, 0x0232, 0x0232,
    0x0212, 0x01F1, 0x0211, 0x0211, 0x0211, 0x0211, 0x0211, 0x0211, 0x0211, 0x0211, 0x0211, 0x0211, 0x0212, 0x0211, 0x0211, 0x0212,
    0x0232, 0x0212, 0x0212, 0x0211, 0x0211, 0x01F2, 0x0211, 0x0211, 0x0211, 0x01F1, 0x0212, 0x01F1, 0x01B0, 0x1A51, 0x5BF4, 0xCEBC,
    0xFFFF, 0xFFFF, 0xFFDF, 0xFFDF, 0xFFDF, 0xFFDF, 0xFFDF, 0xFFDF, 0xFFDF, 0xFFDF, 0xFFDF, 0xFFDF, 0xFFDF, 0xFFDF, 0xFFDF, 0xFFDF,
    0xFFDE, 0xFFDF, 0xFFDF, 0xFFDF, 0xFFDF, 0xFFDF, 0xFFDF, 0xFFDF, 0xFFDF, 0xFFDF, 0xFFDF, 0xFFDF, 0xFFDF, 0xFFDF, 0xFFDF, 0xFFDF,
    0xFFDF, 0xFFDF, 0xFFDF, 0xFFDF, 0xFFDF, 0xFFDF, 0xFFDF, 0xFFDF, 0xFFDF, 0xFFDF, 0xFFDF, 0xFFDF, 0xFFDF, 0xFFDF, 0xFFDF, 0xFFDF,
    0xFFDF, 0xFFDF, 0xFFDF, 0xFFDF, 0xFFDF, 0xFFDF, 0xFFDF, 0xFFDF, 0xFFDF, 0xFFDF, 0xFFDF, 0xFFDF, 0xFFDF, 0xFFDF, 0xFFDF, 0xFFDF,
    0xFFDF, 0xFFDF, 0xFFDF, 0xFFDF, 0xFFDF, 0xFFDF, 0xFFDF, 0xFFFF, 0xFFFF, 0xFFFF, 0xFFDF, 0xFFFF, 0xFFDF, 0xFFDF, 0xFFDF, 0xFFFF,
    0xFFDF, 0xFFFF, 0xFFDF, 0xFFDF, 0xFFDF, 0xFFDF, 0xFFDF, 0xFFDF, 0xFFDF, 0xFFDF, 0xFFDF, 0xFFDF, 0xFFFF, 0xFFFF, 0xFFFF, 0xFFFF,
    0xFFFF, 0xFFDF, 0xFFDF, 0xFFDF, 0xFFDF, 0xFFDF, 0xFFDF, 0xFFDF, 0xFFDF, 0xFFDF, 0xFFDF, 0xFFDF, 0xFFDF, 0xFFDF, 0xFFDF, 0xFFDF,
    0xFFDF, 0xFFDF, 0xFFDF, 0xFFDF, 0xFFDF, 0xFFDF, 0xFFDF, 0xFFDF, 0xFFDF, 0xFFFF, 0xFFFF, 0xFFDF, 0xFFDF, 0xFFDF, 0xFFDF, 0xFFDF,
    0xFFDF, 0xFFDF, 0xFFDF, 0xFFDF, 0xFFDF, 0xFFDF, 0xFFDF, 0xFFDF, 0xFFDF, 0xFFDF, 0xFFDF, 0xFFDF, 0xFFDF, 0xFFDF, 0xFFDF, 0xFFDF,
    0xFFDF, 0xFFDF, 0xFFDF, 0xFFDF, 0xFFDF, 0xFFDF, 0xFFDF, 0xFFDF, 0xFFDF, 0xFFDF, 0xFFDF, 0xFFDF, 0xFFDF, 0xFFDF, 0xFFDF, 0xFFDF,
    0xFFDF, 0xFFDF, 0xFFDF, 0xFFDF, 0xFFDF, 0xFFDF, 0xFFDF, 0xFFDF, 0xFFDF, 0xFFDF, 0xFFDF, 0xFFDF, 0xFFDF, 0xFFDF, 0xFFDF, 0xFFDF,
    0xDF1D, 0x2250, 0x01F1, 0x0A11, 0x22B2, 0x1251, 0x1A72, 0x01F1, 0x0212, 0x0211, 0x0211, 0x0211, 0x0211, 0x0211, 0x0211, 0x0212,
    0x0211, 0x0211, 0x0211, 0x0211, 0x0211, 0x0211, 0x0211, 0x0211, 0x0211, 0x0211, 0x0211, 0x0211, 0x0211, 0x0211, 0x0211, 0x0211,
    0x01CF, 0xCEDC, 0xFFFF, 0xFFFF, 0xFFFF, 0xFFFF, 0xDF1C, 0x6C14, 0x5372, 0xE75D, 0xFFFF, 0xE73D, 0xF7DE, 0xFFDE, 0xFFDF, 0xFFDF,
    0xFFDF, 0xFFDF, 0xFFDF, 0xFFDF, 0xFFDF, 0xFFDF, 0xFFDF, 0xFFDF, 0xFFDF, 0xFFDF, 0xF79E, 0xF79E, 0xFFDF, 0xFFDF, 0xFFDF, 0xFFDF,
    0xFFDF, 0xEF7D, 0xFFDE, 0xFFDF, 0xFFDF, 0xFFDF, 0xFFDF, 0xFFDF, 0xFFFF, 0xFFDF, 0xFFDF, 0xFFDF, 0xFFDF, 0xFFDF, 0xFFDF, 0xFFDF,
    0xFFDF, 0xFFDF, 0xFFDF, 0xFFDF, 0xFFDF, 0xFFDF, 0xFFDF, 0xFFDF, 0xFFDF, 0xFFDF, 0xFFDF, 0xFFDF, 0xFFDF, 0xFFDF, 0xF7BE, 0xF7BE,
    0xF7BE, 0xF79E, 0xF79D, 0xF79E, 0xFFFF, 0xFFFF, 0xFFFF, 0xC69B, 0x5BB3, 0x4374, 0x1252, 0x01F1, 0x0212, 0x0212, 0x0232, 0x0212,
    0x0211, 0x0212, 0x0211, 0x0211, 0x0211, 0x0211, 0x0211, 0x0211, 0x0211, 0x0211, 0x0211, 0x0211, 0x0212, 0x0211, 0x0212, 0x01D1,
    0x0190, 0x0190, 0x0190, 0x01F1, 0x0212, 0x0212, 0x0211, 0x0211, 0x01F1, 0x0212, 0x01D1, 0x09F0, 0x9D78, 0xEF9E, 0xFFFF, 0xFFFF,
    0xFFDF, 0xFFDF, 0xFFDF, 0xFFDF, 0xFFDF, 0xFFDF, 0xFFDF, 0xFFDF, 0xFFDF, 0xFFDF, 0xFFDF, 0xFFDF, 0xFFDF, 0xFFDF, 0xFFDF, 0xFFDF,
    0xFFDF, 0xFFDF, 0xFFDF, 0xFFDF, 0xFFDF, 0xFFDF, 0xFFDF, 0xFFDF, 0xFFDF, 0xFFDF, 0xFFDF, 0xFFDF, 0xFFDF, 0xFFDF, 0xFFDF, 0xFFDF,
    0xFFDF, 0xFFDF, 0xFFDF, 0xFFDF, 0xFFDF, 0xFFDF, 0xFFDF, 0xFFDF, 0xFFDF, 0xFFDF, 0xFFDF, 0xFFDF, 0xFFDF, 0xFFDF, 0xFFDF, 0xFFDF,
    0xFFDF, 0xFFDF, 0xFFDF, 0xFFDF, 0xFFDF, 0xFFDF, 0xFFDF, 0xFFDF, 0xFFDF, 0xFFDF, 0xFFDF, 0xFFDF, 0xFFDF, 0xFFDF, 0xFFDF, 0xFFDF,
    0xFFDF, 0xFFDF, 0xFFDF, 0xFFDF, 0xFFDF, 0xFFDF, 0xFFDF, 0xFFDF, 0xFFDF, 0xFFDF, 0xFFDF, 0xFFFF, 0xFFDF, 0xFFDF, 0xFFDF, 0xFFDF,
    0xFFDF, 0xFFDF, 0xFFDF, 0xFFDF, 0xFFDF, 0xFFFF, 0xFFDF, 0xFFFF, 0xFFDF, 0xFFDF, 0xFFDF, 0xFFDF, 0xFFDF, 0xFFDF, 0xFFDF, 0xFFDF,
    0xFFDF, 0xFFDF, 0xFFDF, 0xFFDF, 0xFFDF, 0xFFFF, 0xFFFF, 0xFFDF, 0xFFDF, 0xFFDF, 0xFFDF, 0xFFDF, 0xFFDF, 0xFFDF, 0xFFDF, 0xFFDF,
    0xFFDF, 0xFFDF, 0xFFDF, 0xFFDF, 0xFFDF, 0xFFDF, 0xFFDF, 0xFFDF, 0xFFDF, 0xFFDF, 0xFFDF, 0xFFDF, 0xFFDF, 0xFFDF, 0xFFDF, 0xFFDF,
    0xFFDF, 0xFFDF, 0xFFDF, 0xFFDF, 0xFFDF, 0xFFDF, 0xFFDF, 0xFFDF, 0xFFDF, 0xFFDF, 0xFFDF, 0xFFDF, 0xFFDF, 0xFFDF, 0xFFDF, 0xFFDF,
    0xFFDF, 0xFFDF, 0xFFDF, 0xFFDF, 0xFFDF, 0xFFDF, 0xFFDF, 0xFFDF, 0xFFDF, 0xFFDF, 0xFFDF, 0xFFDF, 0xFFDF, 0xFFDF, 0xFFDF, 0xFFDF,
    0xFFDF, 0xFFDF, 0xFFDF, 0xFFDF, 0xFFDF, 0xFFDF, 0xFFDF, 0xFFDF, 0xFFDF, 0xFFDF, 0xFFDF, 0xFFDF, 0xFFDF, 0xFFDF, 0xFFFF, 0xE71C,
    0xEF7E, 0x8D17, 0x018F, 0x0A31, 0x6435, 0x4333, 0x4374, 0x01D0, 0x0212, 0x0211, 0x0211, 0x0211, 0x0211, 0x0211, 0x0211, 0x0212,
    0x0211, 0x0211, 0x0211, 0x0211, 0x0211, 0x0211, 0x0211, 0x0211, 0x0211, 0x0211, 0x0211, 0x0211, 0x0212, 0x01F1, 0x01F1, 0x0211,
    0x01D0, 0x7496, 0xBE3A, 0xC65A, 0xF79E, 0xFFDF, 0xF7BF, 0xFFFF, 0xF7DF, 0xF7BF, 0xFFDF, 0xFFFF, 0xFFDF, 0xFFDF, 0xFFDF, 0xFFDF,
    0xFFDF, 0xFFDF, 0xFFDF, 0xFFDF, 0xFFDE, 0xFFDF, 0xFFDF, 0xFFDF, 0xFFDF, 0xF7BE, 0xF7BE, 0xFFDF, 0xFFDF, 0xFFDF, 0xFFDF, 0xFFDF,
    0xFFDF, 0xFFDF, 0xFFDF, 0xFFDF, 0xFFFF, 0xFFDF, 0xFFDF, 0xFFDF, 0xFFDF, 0xFFDF, 0xFFDF, 0xFFDF, 0xFFDF, 0xFFDF, 0xFFDF, 0xFFFF,
    0xFFDF, 0xFFDF, 0xFFDF, 0xFFDF, 0xFFDF, 0xFFDF, 0xFFDF, 0xFFDF, 0xFFDF, 0xFFDF, 0xFFDF, 0xFFDF, 0xFFDF, 0xF7BE, 0xFFDF, 0xFFDF,
    0xF7BE, 0xFFFF, 0xFFFF, 0xC63A, 0xA577, 0xC67B, 0xCEBC, 0xF7FF, 0xFFFF, 0xC6BB, 0x1A50, 0x01D1, 0x0232, 0x01D1, 0x0190, 0x01F1,
    0x0212, 0x0211, 0x0212, 0x0211, 0x0211, 0x0211, 0x0211, 0x0211, 0x0211, 0x0211, 0x0211, 0x0211, 0x0211, 0x0212, 0x01D1, 0x32F2,
    0x9538, 0xA5BA, 0x84F7, 0x22B2, 0x01F1, 0x0212, 0x0211, 0x0211, 0x0211, 0x01D1, 0x1A30, 0xC67B, 0xFFFF, 0xFFFF, 0xFFDF, 0xF7DF,
    0xFFDF, 0xFFDF, 0xFFDF, 0xFFDF, 0xFFDF, 0xFFDF, 0xFFDF, 0xFFDF, 0xFFDF, 0xFFDF, 0xFFDF, 0xFFDF, 0xFFDF, 0xFFDE, 0xFFDF, 0xFFDF,
    0xFFDF, 0xFFDF, 0xFFDF, 0xFFDF, 0xFFDF, 0xFFDF, 0xFFDF, 0xFFDF, 0xFFDF, 0xFFDF, 0xFFDF, 0xFFDF, 0xFFDF, 0xFFDF, 0xFFDF, 0xFFDF,
    0xFFDF, 0xFFDF, 0xFFDF, 0xFFDF, 0xFFDF, 0xFFDF, 0xFFDF, 0xFFFF, 0xFFFF, 0xFFDF, 0xFFFF, 0xFFDF, 0xFFDF, 0xFFDF, 0xFFDF, 0xFFDF,
    0xFFDF, 0xFFDF, 0xFFDF, 0xFFDF, 0xFFDF, 0xFFDF, 0xFFDF, 0xFFDF, 0xFFDF, 0xFFDF, 0xFFDF, 0xFFDF, 0xFFDF, 0xFFDF, 0xFFDF, 0xFFDF,
    0xFFDF, 0xFFDF, 0xFFDF, 0xFFDF, 0xFFDF, 0xFFDF, 0xFFDF, 0xFFDF, 0xFFDF, 0xFFDF, 0xFFDF, 0xFFFF, 0xFFDF, 0xFFDF, 0xFFDF, 0xFFDF,
    0xFFDF, 0xFFDF, 0xFFDF, 0xFFDF, 0xFFDF, 0xFFFF, 0xFFDF, 0xFFDF, 0xFFDF, 0xFFDF, 0xFFDF, 0xFFDF, 0xFFDF, 0xFFDF, 0xFFDF, 0xFFDF,
    0xFFDF, 0xFFDF, 0xFFDF, 0xFFFF, 0xFFFF, 0xFFFF, 0xFFDF, 0xFFFF, 0xFFDF, 0xFFDF, 0xFFDF, 0xFFDF, 0xFFDF, 0xFFDF, 0xFFDF, 0xFFDF,
    0xFFDF, 0xFFDF, 0xFFDF, 0xFFDF, 0xFFDF, 0xFFDF, 0xFFDF, 0xFFDF, 0xFFDF, 0xFFDF, 0xFFDF, 0xFFDF, 0xFFDF, 0xFFDF, 0xFFDF, 0xFFDF,
    0xFFDF, 0xFFDF, 0xFFDF, 0xFFDF, 0xFFDF, 0xFFDF, 0xFFDF, 0xFFDF, 0xFFDF, 0xFFDF, 0xFFDF, 0xFFDF, 0xFFDF, 0xFFDF, 0xFFDF, 0xF7BE,
    0xFFDF, 0xFFDF, 0xFFDF, 0xFFDF, 0xFFDF, 0xFFDF, 0xFFDF, 0xFFDF, 0xFFDF, 0xFFDF, 0xFFDF, 0xFFDF, 0xFFDF, 0xFFDF, 0xFFDF, 0xFFDF,
    0xFFDF, 0xFFDF, 0xFFDF, 0xFFDE, 0xFFDF, 0xFFDF, 0xFFDF, 0xFFDF, 0xFFDE, 0xFFDF, 0xFFDF, 0xFFDF, 0xFFDF, 0xF79E, 0xDEDB, 0xE71C,
    0xE73C, 0xF7DF, 0x6414, 0x09D0, 0x2AD2, 0x01F0, 0x01D1, 0x0212, 0x0211, 0x0211, 0x0211, 0x0211, 0x0211, 0x0211, 0x0211, 0x0212,
    0x0211, 0x0211, 0x0211, 0x0211, 0x0211, 0x0211, 0x0211, 0x0211, 0x0211, 0x0211, 0x01F1, 0x0212, 0x01B0, 0x01F0, 0x0A10, 0x018F,
    0x0211, 0x014E, 0x32D1, 0x7434, 0xD6DC, 0xFFFF, 0xF7DF, 0xF7BE, 0xFFFF, 0xFFDF, 0xFFDF, 0xFFDF, 0xFFDF, 0xFFDF, 0xFFDF, 0xFFDF,
    0xFFDF, 0xFFDF, 0xFFDF, 0xFFDF, 0xFFDF, 0xFFDF, 0xFFDF, 0xFFDF, 0xF7BE, 0xFFDF, 0xFFDF, 0xFFDF, 0xFFDF, 0xFFDF, 0xFFDF, 0xFFDF,
    0xFFDF, 0xFFDF, 0xFFDF, 0xFFDF, 0xFFDF, 0xFFFF, 0xFFFF, 0xFFDF, 0xFFDF, 0xFFDF, 0xFFDF, 0xFFDF, 0xFFDF, 0xFFDF, 0xFFDF, 0xFFDF,
    0xFFDF, 0xFFDF, 0xFFDF, 0xFFDF, 0xFFDF, 0xFFDF, 0xFFDF, 0xFFDF, 0xFFDF, 0xFFDF, 0xFFDF, 0xFFDF, 0xF7BE, 0xEF7D, 0xE71B, 0xFFDF,
    0xFFFF, 0xBE19, 0xCE9B, 0xF7BE, 0x94F6, 0x8496, 0x32B0, 0x2270, 0x2A91, 0x01AF, 0x01B0, 0x01F1, 0x016F, 0x1A71, 0x84F7, 0x4BB4,
    0x01D1, 0x0211, 0x0211, 0x0211, 0x0211, 0x0211, 0x0211, 0x0211, 0x0211, 0x0211, 0x0211, 0x01F1, 0x0212, 0x01B0, 0x4353, 0xF7DF,
    0xFFFF, 0xFFFF, 0xEF5D, 0x5BB3, 0x09D1, 0x0211, 0x0211, 0x0211, 0x0212, 0x018F, 0xA5D9, 0xFFFF, 0xF79E, 0xF7BE, 0xFFDF, 0xFFFF,
    0xF7BE, 0xF7BE, 0xF7DE, 0xF7BE, 0xFFDE, 0xFFDF, 0xFFDF, 0xFFDF, 0xFFDF, 0xFFDF, 0xFFDF, 0xFFDF, 0xFFDF, 0xFFDF, 0xFFDF, 0xFFDF,
    0xFFDF, 0xFFDF, 0xFFDF, 0xFFDF, 0xFFDF, 0xFFDF, 0xFFDF, 0xFFDF, 0xFFDF, 0xFFDF, 0xFFDF, 0xFFDF, 0xFFDF, 0xFFDF, 0xFFDF, 0xFFDF,
    0xFFDF, 0xFFDF, 0xFFDF, 0xFFDF, 0xFFDF, 0xFFDF, 0xFFDF, 0xFFFF, 0xFFFF, 0xFFDF, 0xFFDF, 0xFFDF, 0xFFDF, 0xFFDF, 0xFFDF, 0xFFDF,
    0xFFDF, 0xFFDF, 0xFFDF, 0xFFDF, 0xFFDF, 0xFFDF, 0xFFDF, 0xFFDF, 0xFFDF, 0xFFDF, 0xFFDF, 0xFFDF, 0xFFDF, 0xFFDF, 0xFFDF, 0xFFDF,
    0xFFDF, 0xFFDF, 0xFFDF, 0xFFDF, 0xFFDF, 0xFFDF, 0xFFDF, 0xFFDF, 0xFFDF, 0xFFFF, 0xFFDF, 0xFFDF, 0xFFDF, 0xFFDF, 0xFFDF, 0xFFDF,
    0xFFDF, 0xFFDF, 0xFFFF, 0xFFFF, 0xFFFF, 0xFFFF, 0xFFDF, 0xFFDF, 0xFFFF, 0xFFDF, 0xFFDF, 0xFFDF, 0xFFDF, 0xFFDF, 0xFFDF, 0xFFDF,
    0xFFDF, 0xFFDF, 0xFFDF, 0xFFDF, 0xFFDF, 0xFFDF, 0xFFDF, 0xFFDF, 0xFFFF, 0xFFDF, 0xFFDF, 0xFFDF, 0xFFDF, 0xFFDF, 0xFFDF, 0xFFDF,
    0xFFDF, 0xFFDF, 0xFFDF, 0xFFDF, 0xFFDF, 0xFFDF, 0xFFDF, 0xFFDF, 0xFFDF, 0xFFDF, 0xFFDF, 0xFFDF, 0xFFDF, 0xFFDF, 0xFFDF, 0xFFDF,
    0xFFFF, 0xFFDF, 0xFFDF, 0xFFDF, 0xFFDF, 0xFFDF, 0xFFDF, 0xFFDF, 0xFFDF, 0xFFDF, 0xFFDF, 0xFFDF, 0xFFDF, 0xFFDF, 0xFFDF, 0xFFDF,
    0xFFDF, 0xFFDE, 0xFFDF, 0xFFDF, 0xFFDF, 0xFFDF, 0xFFDF, 0xFFDF, 0xFFDF, 0xFFDF, 0xFFDF, 0xFFDF, 0xFFDF, 0xFFDF, 0xFFDF, 0xFFDF,
    0xFFDF, 0xFFDF, 0xFFDF, 0xFFBE, 0xFFDE, 0xFFDF, 0xFFDF, 0xFFDF, 0xFFDF, 0xFFDF, 0xFFDF, 0xFFDF, 0xFFDF, 0xF7BE, 0xEF7D, 0xD6BA,
    0xE71C, 0xDEFC, 0xF7BF, 0x9D98, 0x53F5, 0x0A11, 0x0212, 0x0211, 0x0211, 0x0211, 0x0211, 0x0211, 0x0211, 0x0211, 0x0211, 0x0211,
    0x0211, 0x0211, 0x0211, 0x0211, 0x0211, 0x0211, 0x0211, 0x0211, 0x0211, 0x0211, 0x0212, 0x01D1, 0x4353, 0xE75E, 0xDF1D, 0x4B73,
    0x016E, 0x01F0, 0x1A50, 0x8517, 0xC65B, 0xE75D, 0xFFFF, 0xFFFF, 0xFFDF, 0xF7BE, 0xFFDF, 0xFFDF, 0xFFDF, 0xFFDF, 0xFFDF, 0xFFDF,
    0xFFDF, 0xFFDF, 0xFFDF, 0xFFDF, 0xFFDF, 0xFFDF, 0xFFDF, 0xFFDF, 0xFFDF, 0xFFDF, 0xFFDF, 0xFFDF, 0xFFDF, 0xFFDF, 0xFFDF, 0xFFDF,
    0xFFDF, 0xFFDF, 0xFFDF, 0xFFFF, 0xFFDF, 0xFFDF, 0xFFDF, 0xFFDF, 0xFFDF, 0xFFDF, 0xFFDF, 0xFFDF, 0xFFDF, 0xFFDF, 0xFFDF, 0xFFDF,
    0xFFDF, 0xFFDF, 0xFFDF, 0xFFDF, 0xFFDF, 0xFFDF, 0xFFDF, 0xFFDF, 0xFFDF, 0xFFDF, 0xFFDF, 0xFFDF, 0xF7DE, 0xEF7D, 0xDEDB, 0xF79E,
    0xFFFF, 0xBE3A, 0x5351, 0x7455, 0xCEDC, 0xB63B, 0x2A91, 0x014E, 0x01D0, 0x01F1, 0x01F1, 0x09F0, 0x5BD3, 0xD71C, 0x9D99, 0x1231,
    0x0211, 0x0211, 0x0211, 0x0211, 0x01F1, 0x01F1, 0x0211, 0x0211, 0x0211, 0x0212, 0x0211, 0x01F1, 0x01F1, 0x09F0, 0xCEDC, 0xFFFF,
    0xFFDF, 0xF7DF, 0xB5D8, 0xA598, 0x2291, 0x01D0, 0x01F1, 0x01F1, 0x0211, 0x01F0, 0x8518, 0xCEBC, 0xFFFF, 0xFFFF, 0xF79E, 0xDEFC,
    0xF7BE, 0xF7BE, 0xF7BE, 0xF7BE, 0xF7BE, 0xFFDF, 0xFFDF, 0xFFDF, 0xFFDF, 0xFFDF, 0xFFDF, 0xFFDF, 0xFFFF, 0xFFDF, 0xFFDF, 0xFFDF,
    0xFFDF, 0xFFDF, 0xFFDF, 0xFFDF, 0xFFDF, 0xFFDF, 0xFFDF, 0xFFDF, 0xFFDF, 0xFFDF, 0xFFDF, 0xFFDF, 0xFFDF, 0xFFDF, 0xFFDF, 0xFFDF,
    0xFFDF, 0xFFDF, 0xFFDF, 0xFFDF, 0xFFDF, 0xFFDF, 0xFFDF, 0xFFDF, 0xFFDF, 0xFFDF, 0xFFDF, 0xFFDF, 0xFFDF, 0xFFDF, 0xFFDF, 0xFFDF,
    0xFFDF, 0xFFDF, 0xFFDF, 0xFFDF, 0xFFDF, 0xFFDF, 0xFFDF, 0xFFDF, 0xFFDF, 0xFFDF, 0xFFDF, 0xFFDF, 0xFFDF, 0xFFDF, 0xFFDF, 0xFFDF,
    0xFFDF, 0xFFDF, 0xFFDF, 0xFFDF, 0xFFDF, 0xFFDF, 0xFFDF, 0xFFDF, 0xFFDF, 0xFFDF, 0xFFFF, 0xFFFF, 0xFFDF, 0xFFDF, 0xFFFF, 0xFFDF,
    0xFFDF, 0xFFDF, 0xFFDF, 0xFFFF, 0xFFFF, 0xFFFF, 0xFFDF, 0xFFFF, 0xFFDF, 0xFFFF, 0xFFFF, 0xFFFF, 0xFFDF, 0xFFDF, 0xFFDF, 0xFFDF,
    0xFFDF, 0xFFDF, 0xFFDF, 0xFFDF, 0xFFDF, 0xFFDF, 0xFFDF, 0xFFDF, 0xFFDF, 0xFFDF, 0xFFDF, 0xFFDF, 0xFFDF, 0xFFDF, 0xFFDF, 0xFFDF,
    0xFFDF, 0xFFDF, 0xFFDF, 0xFFDF, 0xFFDF, 0xFFDF, 0xFFDF, 0xFFDF, 0xFFDF, 0xFFDF, 0xFFDF, 0xFFDF, 0xFFDF, 0xFFDF, 0xFFDF, 0xFFFF,
    0xFFFF, 0xFFFF, 0xFFDF, 0xFFDF, 0xFFDF, 0xFFDF, 0xFFDF, 0xFFDF, 0xFFDF, 0xFFDF, 0xFFDF, 0xFFDF, 0xFFDF, 0xFFDF, 0xFFDF, 0xFFDF,
    0xFFDF, 0xFFDF, 0xFFDF, 0xFFDF, 0xFFDF, 0xFFDF, 0xFFDF, 0xFFDF, 0xFFDF, 0xFFDF, 0xFFDF, 0xFFDF, 0xFFDF, 0xFFDF, 0xFFDF, 0xFFDF,
    0xFFDF, 0xFFBF, 0xFFDF, 0xFFDE, 0xFFDF, 0xFFDF, 0xFFDF, 0xFFDF, 0xFFDF, 0xFFDF, 0xFFDF, 0xFFDF, 0xFFDF, 0xE73C, 0xDEFB, 0xB5F9,
    0x6C55, 0x2250, 0x22B2, 0x1A71, 0x1251, 0x0211, 0x0211, 0x0211, 0x0211, 0x0211, 0x0211, 0x0211, 0x0211, 0x0211, 0x0211, 0x0211,
    0x0211, 0x0211, 0x0211, 0x0211, 0x0211, 0x0211, 0x0211, 0x0211, 0x0211, 0x0211, 0x0212, 0x01D1, 0x4BB4, 0xCEBB, 0xFFFF, 0xFFFF,
    0x7CD7, 0x018F, 0x01D0, 0x016F, 0x01AF, 0x1250, 0x53B3, 0xBE3A, 0xFFDF, 0xFFFF, 0xFFFF, 0xFFDF, 0xFFDF, 0xFFDF, 0xFFDF, 0xFFDE,
    0xFFDF, 0xFFDF, 0xFFDF, 0xFFDF, 0xFFDF, 0xFFDF, 0xFFDF, 0xFFDF, 0xFFDF, 0xFFDF, 0xFFDF, 0xFFDF, 0xFFDF, 0xFFDF, 0xFFDF, 0xFFDF,
    0xFFFF, 0xFFFF, 0xFFFF, 0xFFFF, 0xFFDF, 0xFFDF, 0xFFDF, 0xFFDF, 0xFFFF, 0xFFDF, 0xFFDF, 0xFFDF, 0xFFDF, 0xFFDF, 0xFFDF, 0xFFDF,
    0xFFDF, 0xFFDF, 0xFFDF, 0xFFDF, 0xFFDF, 0xFFDF, 0xFFDF, 0xFFDF, 0xFFDF, 0xFFDF, 0xFFDF, 0xFFDF, 0xFFDF, 0xFFDF, 0xF79E, 0xF79E,
    0xFFDF, 0xFFFF, 0xFFFF, 0x7455, 0x4311, 0x5393, 0x7496, 0x2AD2, 0x01D0, 0x0211, 0x016F, 0x5C15, 0xFFFF, 0x42F1, 0x016F, 0x1292,
    0x0211, 0x0212, 0x0232, 0x0211, 0x1A71, 0x1251, 0x01F1, 0x0211, 0x0211, 0x0212, 0x0211, 0x0232, 0x0212, 0x016E, 0xC67B, 0xFFFF,
    0xFFBF, 0xFFDF, 0xFFFF, 0xFFFF, 0x53B4, 0x01B0, 0x0211, 0x01F1, 0x0211, 0x0211, 0x018F, 0x1A50, 0x5BF4, 0x5373, 0x4B12, 0xA598,
    0xFFFF, 0xFFFF, 0xFFFF, 0xFFFF, 0xFFFF, 0xFFDF, 0xFFDF, 0xFFDE, 0xFFDF, 0xFFDF, 0xFFDF, 0xFFDF, 0xFFDF, 0xFFDF, 0xFFDF, 0xFFDF,
    0xFFDF, 0xFFDF, 0xFFDF, 0xFFDF, 0xFFDF, 0xFFDF, 0xFFDF, 0xFFDF, 0xFFDF, 0xFFDF, 0xFFDF, 0xFFDF, 0xFFDF, 0xFFDF, 0xFFDF, 0xFFDF,
    0xFFDF, 0xFFDF, 0xFFDF, 0xFFDF, 0xFFDF, 0xFFDF, 0xFFDF, 0xFFDF, 0xFFDF, 0xFFDF, 0xFFDF, 0xFFDF, 0xFFDF, 0xFFDF, 0xFFDF, 0xFFDF,
    0xFFDF, 0xFFDF, 0xFFDF, 0xFFDF, 0xFFDF, 0xFFDF, 0xFFDF, 0xFFDF, 0xFFDF, 0xFFDF, 0xFFDF, 0xFFDF, 0xFFDF, 0xFFDF, 0xFFDF, 0xFFDF,
    0xFFDF, 0xFFDF, 0xFFDF, 0xFFDF, 0xFFDF, 0xFFDF, 0xFFDF, 0xFFDF, 0xFFDF, 0xFFDF, 0xFFDF, 0xFFDF, 0xFFFF, 0xFFFF, 0xFFFF, 0xFFFF,
    0xFFDF, 0xFFDF, 0xFFDF, 0xFFFF, 0xFFFF, 0xFFFF, 0xFFFF, 0xFFDF, 0xFFFF, 0xFFDF, 0xFFDF, 0xFFDF, 0xFFDF, 0xFFDF, 0xFFDF, 0xFFDF,
    0xFFDF, 0xFFDF, 0xFFDF, 0xFFDF, 0xFFDF, 0xFFFF, 0xFFDF, 0xFFDF, 0xFFDF, 0xFFDF, 0xFFDF, 0xFFDF, 0xFFDF, 0xFFDF, 0xFFDF, 0xFFDF,
    0xFFDF, 0xFFDF, 0xFFDF, 0xFFDF, 0xFFDF, 0xFFDF, 0xFFDF, 0xFFDF, 0xFFDF, 0xFFDF, 0xFFDF, 0xFFDF, 0xFFDF, 0xFFDF, 0xFFDF, 0xFFDF,
    0xFFDF, 0xFFDF, 0xFFDF, 0xFFDF, 0xFFDF, 0xFFDF, 0xFFDF, 0xFFDF, 0xFFDF, 0xFFDF, 0xFFDF, 0xFFDF, 0xFFDF, 0xFFDF, 0xFFDF, 0xFFDF,
    0xFFDF, 0xFFDF, 0xFFDF, 0xFFDF, 0xFFDF, 0xFFDF, 0xFFDF, 0xFFDF, 0xFFDF, 0xFFDF, 0xFFDF, 0xFFDF, 0xFFDF, 0xFFDF, 0xFFDF, 0xFFDE,
    0xFFDE, 0xFFBE, 0xFFDE, 0xFFDF, 0xFFDE, 0xFFDF, 0xFFBF, 0xF7BE, 0xFFDE, 0xFFDF, 0xF7DE, 0xFFDF, 0xF7BE, 0xE71C, 0xADB8, 0x09CF,
    0x0190, 0x01F1, 0x01D1, 0x01F1, 0x01F1, 0x0211, 0x0211, 0x0211, 0x0211, 0x0211, 0x0211, 0x0211, 0x0211, 0x0211, 0x0211, 0x0211,
    0x0211, 0x0211, 0x0211, 0x0211, 0x0211, 0x0211, 0x0211, 0x0211, 0x0211, 0x0211, 0x0211, 0x0212, 0x01B0, 0x01AF, 0x2AB1, 0x6C35,
    0x4B94, 0x01D0, 0x0211, 0x0211, 0x0211, 0x01F1, 0x0190, 0x0A10, 0x3B12, 0x63F3, 0xDF1C, 0xFFFF, 0xFFDF, 0xFFDF, 0xFFDF, 0xFFDF,
    0xFFDF, 0xFFDF, 0xFFDF, 0xFFDF, 0xF7DF, 0xF7DF, 0xFFDF, 0xFFDF, 0xFFDF, 0xFFDF, 0xFFDF, 0xFFDF, 0xFFDF, 0xFFDF, 0xFFDF, 0xFFDF,
    0xFFDF, 0xFFDF, 0xFFDF, 0xFFDF, 0xFFDF, 0xFFFF, 0xFFDF, 0xFFDF, 0xFFDF, 0xFFDF, 0xFFDF, 0xFFDF, 0xFFDF, 0xFFDF, 0xFFDF, 0xFFDF,
    0xFFDF, 0xFFDF, 0xFFDF, 0xFFDF, 0xFFDF, 0xFFDF, 0xFFDF, 0xFFDF, 0xFFDF, 0xF7DE, 0xF7BE, 0xFFDE, 0xF7BE, 0xF7BE, 0xF79E, 0xEF9D,
    0xF7BE, 0xF7BE, 0xFFBE, 0xFFFF, 0xFFFF, 0xF79E, 0xDEFC, 0x2AB1, 0x01B0, 0x0211, 0x01D0, 0x2292, 0x3B53, 0x018F, 0x0190, 0x74B6,
    0x5BF5, 0x018F, 0x01B1, 0x00EE, 0x8D38, 0x9DD9, 0x016F, 0x0212, 0x0211, 0x0212, 0x0212, 0x0190, 0x018F, 0x7CB6, 0xF7BF, 0xF7BE,
    0xFFDF, 0xFFFF, 0xFFFF, 0xFFFF, 0x4B94, 0x01B0, 0x0211, 0x01F1, 0x0211, 0x01F1, 0x0231, 0x01F0, 0x018F, 0x012F, 0x09CF, 0x7CB6,
    0x8CD6, 0x8CD6, 0x9517, 0x8C95, 0xB5F9, 0xFFFF, 0xFFDF, 0xFFFF, 0xFFFF, 0xFFDF, 0xFFDF, 0xFFDF, 0xFFDF, 0xFFDF, 0xFFDF, 0xFFDF,
    0xFFDF, 0xFFDF, 0xFFDF, 0xFFDF, 0xFFDF, 0xFFDF, 0xFFDF, 0xFFDF, 0xFFDF, 0xFFDF, 0xFFDF, 0xFFDF, 0xFFDF, 0xFFDF, 0xFFDF, 0xFFDF,
    0xFFDF, 0xFFDF, 0xFFDF, 0xFFDF, 0xFFDF, 0xFFDF, 0xFFDF, 0xFFDF, 0xFFDF, 0xFFDF, 0xFFDF, 0xFFDF, 0xFFDF, 0xFFDF, 0xFFDF, 0xFFDF,
    0xFFDF, 0xFFDF, 0xFFDF, 0xFFDF, 0xFFDF, 0xFFDF, 0xFFDF, 0xFFDF, 0xFFDF, 0xFFDF, 0xFFDF, 0xFFDF, 0xFFDF, 0xFFDF, 0xFFDF, 0xFFDF,
    0xFFDF, 0xFFDF, 0xFFDF, 0xFFDF, 0xFFDF, 0xFFDF, 0xFFDF, 0xFFDF, 0xFFDF, 0xFFDF, 0xFFDF, 0xFFDF, 0xFFDF, 0xFFDF, 0xFFDF, 0xFFDF,
    0xFFFF, 0xFFDF, 0xFFDF, 0xFFDF, 0xFFFF, 0xFFFF, 0xFFFF, 0xFFDF, 0xFFFF, 0xFFDF, 0xFFDF, 0xFFDF, 0xFFDF, 0xFFDF, 0xFFDF, 0xFFDF,
    0xFFDF, 0xFFDF, 0xFFDF, 0xFFDF, 0xFFFF, 0xFFDF, 0xFFDF, 0xFFDF, 0xFFDF, 0xFFDF, 0xFFDF, 0xFFDF, 0xFFDF, 0xFFDF, 0xFFDF, 0xFFDF,
    0xFFDF, 0xFFDF, 0xFFDF, 0xFFDF, 0xFFDF, 0xFFDF, 0xFFDF, 0xFFDF, 0xFFDF, 0xFFDF, 0xFFDF, 0xFFDF, 0xFFDF, 0xFFDF, 0xFFDF, 0xFFDF,
    0xFFDF, 0xFFDF, 0xFFDF, 0xFFDF, 0xFFDF, 0xFFDF, 0xFFDF, 0xFFDF, 0xFFDF, 0xFFDF, 0xFFDF, 0xFFDF, 0xFFDF, 0xFFDF, 0xFFDF, 0xFFDF,
    0xFFDF, 0xFFDF, 0xFFDF, 0xFFDF, 0xFFDF, 0xFFDF, 0xFFDF, 0xFFDF, 0xFFDF, 0xFFDF, 0xFFDF, 0xFFDF, 0xFFDF, 0xFFDF, 0xFFDE, 0xFFDF,
    0xFFDE, 0xFFDE, 0xFFDE, 0xF7DF, 0xF7DE, 0xFFDE, 0xF7BE, 0xF7BE, 0xF7BE, 0xF7BE, 0xFFDF, 0xF7BE, 0xEF5D, 0xEF7D, 0xBE7B, 0x01F0,
    0x0232, 0x0211, 0x0212, 0x0211, 0x0211, 0x0211, 0x0211, 0x0211, 0x0211, 0x0211, 0x0211, 0x0211, 0x0211, 0x0211, 0x0211, 0x0211,
    0x0211, 0x0211, 0x0211, 0x0211, 0x0211, 0x0211, 0x0211, 0x0211, 0x0211, 0x0211, 0x0211, 0x0211, 0x0212, 0x0212, 0x01D1, 0x0190,
    0x01B0, 0x0211, 0x01F1, 0x01F1, 0x01D0, 0x01F0, 0x01F1, 0x1251, 0x6455, 0x9537, 0xE75D, 0xFFDF, 0xFFDF, 0xFFDF, 0xFFDF, 0xFFDF,
    0xFFDF, 0xFFDF, 0xFFDF, 0xFFDF, 0xFFDF, 0xFFDF, 0xFFDF, 0xFFDE, 0xFFDF, 0xFFDF, 0xFFDF, 0xFFDF, 0xFFDF, 0xFFDF, 0xFFDF, 0xFFDF,
    0xFFDF, 0xFFDF, 0xFFDF, 0xFFDF, 0xFFDF, 0xFFDF, 0xFFDF, 0xFFDF, 0xFFDF, 0xFFDF, 0xFFDF, 0xFFDF, 0xFFDF, 0xFFDF, 0xFFDF, 0xFFDF,
    0xFFDF, 0xFFDF, 0xFFDF, 0xFFDF, 0xFFDF, 0xFFDF, 0xFFDF, 0xFFDF, 0xFFDE, 0xFFBE, 0xF7DE, 0xFFDF, 0xFFDF, 0xFFDF, 0xF7BE, 0xF7BE,
    0xF7BE, 0xF7BE, 0xF7BE, 0xF7BE, 0xF79E, 0xC65A, 0x8CF6, 0x6C55, 0x1271, 0x01F1, 0x0212, 0x01B0, 0x016F, 0x0231, 0x01F1, 0x1A71,
    0x7C96, 0xA5D9, 0x8D17, 0x9538, 0xF79E, 0xC69C, 0x018E, 0x0211, 0x0211, 0x01F1, 0x0A51, 0x74B7, 0xC65B, 0xFFFF, 0xFFFF, 0xFFFF,
    0xEF9E, 0xDF3D, 0xBE5B, 0x4373, 0x01D0, 0x0212, 0x0231, 0x01F1, 0x01D0, 0x01D0, 0x018F, 0x01CF, 0x1230, 0x32F3, 0x2A70, 0x9D58,
    0xDF1D, 0xDEFC, 0xDF1D, 0xDEFD, 0xEF5D, 0xFFFF, 0xFFFF, 0xFFFF, 0xFFDF, 0xFFDF, 0xFFDF, 0xFFDF, 0xFFDF, 0xFFDF, 0xFFDF, 0xFFDF,
    0xFFDF, 0xFFDF, 0xFFDF, 0xFFDF, 0xFFDE, 0xFFDE, 0xFFDF, 0xFFDF, 0xFFDF, 0xFFDF, 0xFFDF, 0xFFDF, 0xFFDF, 0xFFDF, 0xFFDF, 0xFFDF,
    0xFFDF, 0xFFDF, 0xFFDF, 0xFFDF, 0xFFDF, 0xFFDF, 0xFFDF, 0xFFDF, 0xFFDF, 0xFFDF, 0xFFDF, 0xFFDF, 0xFFDF, 0xFFDF, 0xFFDF, 0xFFDF,
    0xFFDF, 0xFFDF, 0xFFDF, 0xFFDF, 0xFFDF, 0xFFDF, 0xFFDF, 0xFFDF, 0xFFDF, 0xFFDF, 0xFFDF, 0xFFDF, 0xFFDF, 0xFFDF, 0xFFDF, 0xFFDF,
    0xFFDF, 0xFFDF, 0xFFDF, 0xFFDF, 0xFFDF, 0xFFDF, 0xFFDF, 0xFFDF, 0xFFDF, 0xFFDF, 0xFFDF, 0xFFDF, 0xFFDF, 0xFFDF, 0xFFDF, 0xFFDF,
    0xFFDF, 0xFFDF, 0xFFFF, 0xFFFF, 0xFFDF, 0xFFDF, 0xFFDF, 0xFFDF, 0xFFDF, 0xFFDF, 0xFFDF, 0xFFDF, 0xFFDF, 0xFFDF, 0xFFDF, 0xFFDF,
    0xFFDF, 0xFFDF, 0xFFDF, 0xFFDF, 0xFFDF, 0xFFDF, 0xFFDF, 0xFFDF, 0xFFDF, 0xFFDF, 0xFFDF, 0xFFDF, 0xFFDF, 0xFFDF, 0xFFDF, 0xFFDF,
    0xFFDF, 0xFFDF, 0xFFDF, 0xFFDF, 0xFFDF, 0xFFDF, 0xFFDF, 0xFFDF, 0xFFDF, 0xFFDF, 0xFFDF, 0xFFDF, 0xFFFF, 0xFFFF, 0xFFDF, 0xFFDF,
    0xFFFF, 0xFFDF, 0xFFDF, 0xFFDF, 0xFFDF, 0xFFDF, 0xFFDF, 0xFFDF, 0xFFDF, 0xFFDF, 0xFFDF, 0xFFDF, 0xFFDF, 0xFFDF, 0xFFDF, 0xFFDF,
    0xFFDE, 0xFFDF, 0xFFDF, 0xFFDF, 0xFFDF, 0xFFDF, 0xFFDF, 0xFFDF, 0xFFDF, 0xFFDF, 0xFFDF, 0xFFDF, 0xFFDF, 0xFFDF, 0xF7BE, 0xFFDF,
    0xFFDE, 0xF7BE, 0xF7DE, 0xF7BE, 0xF7BE, 0xF7DE, 0xFFDF, 0xF7BE, 0xF7DF, 0xF79E, 0xEF7D, 0xD6DA, 0xD6BA, 0xD6BB, 0x3AF1, 0x01D0,
    0x0212, 0x0211, 0x0211, 0x0211, 0x0211, 0x0211, 0x0211, 0x0211, 0x0211, 0x0211, 0x0211, 0x0211, 0x0212, 0x0211, 0x0211, 0x0211,
    0x0211, 0x0211, 0x0211, 0x0211, 0x0211, 0x0211, 0x0211, 0x0211, 0x0211, 0x0212, 0x0212, 0x0212, 0x0211, 0x0A31, 0x1271, 0x0211,
    0x0211, 0x0211, 0x0211, 0x01F0, 0x1230, 0x1A50, 0x1230, 0x1210, 0x32D0, 0xD6DC, 0xFFFF, 0xF7DE, 0xFFDF, 0xFFDF, 0xFFDF, 0xFFDF,
    0xFFDF, 0xFFDE, 0xFFDF, 0xFFDF, 0xFFDF, 0xFFDF, 0xFFDF, 0xFFDF, 0xFFDF, 0xFFDF, 0xFFDF, 0xFFDF, 0xFFDE, 0xFFDE, 0xFFDF, 0xFFDF,
    0xFFDF, 0xFFDF, 0xFFDF, 0xFFDF, 0xFFDF, 0xFFDF, 0xFFDF, 0xFFDF, 0xFFDF, 0xFFDF, 0xFFDF, 0xFFDF, 0xFFDF, 0xFFDF, 0xFFDF, 0xFFDF,
    0xFFDF, 0xFFDF, 0xFFDF, 0xFFDF, 0xFFDF, 0xFFDF, 0xFFDF, 0xFFDF, 0xFFDF, 0xFFDF, 0xFFDF, 0xFFDF, 0xFFDF, 0xFFDF, 0xF7BE, 0xF7DE,
    0xF7BE, 0xF7BE, 0xF7BE, 0xF7BE, 0xFFDF, 0xFFFF, 0xFFFF, 0xFFFF, 0x4332, 0x01AF, 0x01F0, 0x2AD2, 0x2AB2, 0x016F, 0x01D0, 0x01F1,
    0x01F0, 0x53D5, 0x53B3, 0xBE7B, 0xCEDC, 0x3B12, 0x01B0, 0x0211, 0x01F1, 0x01F1, 0x0A10, 0xBE7B, 0xEF7E, 0x9D78, 0x7476, 0x53B4,
    0x2291, 0x1210, 0x018F, 0x01B0, 0x0211, 0x0211, 0x01B0, 0x1210, 0x32F3, 0x1A50, 0x4B53, 0xC67B, 0xE73D, 0xFFFF, 0xFFDF, 0xFFFF,
    0xFFFF, 0xFFFF, 0xFFFF, 0xFFFF, 0xFFFF, 0xFFDF, 0xFFDF, 0xFFDF, 0xFFDF, 0xFFDF, 0xFFDF, 0xFFDF, 0xFFDF, 0xFFDF, 0xFFDF, 0xFFDF,
    0xFFDF, 0xFFDF, 0xFFDF, 0xFFDE, 0xFFDF, 0xFFDE, 0xFFDF, 0xFFDF, 0xFFDF, 0xFFDF, 0xFFDF, 0xFFDF, 0xFFDF, 0xFFDF, 0xFFDF, 0xFFDF,
    0xFFDF, 0xFFDF, 0xFFDF, 0xFFDF, 0xFFDF, 0xFFDF, 0xFFDF, 0xFFDF, 0xFFDF, 0xFFDF, 0xFFDF, 0xFFDF, 0xFFDF, 0xFFDF, 0xFFDF, 0xFFDF,
    0xFFDF, 0xFFDF, 0xFFDF, 0xFFDF, 0xFFDF, 0xFFDF, 0xFFDF, 0xFFDF, 0xFFDF, 0xFFDF, 0xFFDF, 0xFFDF, 0xFFDF, 0xFFDF, 0xFFDF, 0xFFDF,
    0xFFDF, 0xFFDF, 0xFFDF, 0xFFDF, 0xFFDF, 0xFFDF, 0xFFDF, 0xFFDF, 0xFFDF, 0xFFDF, 0xFFDF, 0xFFDF, 0xFFDF, 0xFFDF, 0xFFDF, 0xFFDF,
    0xFFDF, 0xFFDF, 0xFFDF, 0xFFDF, 0xFFDF, 0xFFDF, 0xFFDF, 0xFFDF, 0xFFDF, 0xFFDF, 0xFFDF, 0xFFDF, 0xFFDF, 0xFFDF, 0xFFDF, 0xFFDF,
    0xFFDF, 0xFFDF, 0xFFDF, 0xFFDF, 0xFFDF, 0xFFDF, 0xFFDF, 0xFFDF, 0xFFDF, 0xFFDF, 0xFFDF, 0xFFDF, 0xFFDF, 0xFFDF, 0xFFDF, 0xFFDF,
    0xFFDF, 0xFFDF, 0xFFDF, 0xFFDF, 0xFFDF, 0xFFDF, 0xFFDF, 0xFFDF, 0xFFFF, 0xFFDF, 0xFFDF, 0xFFDF, 0xFFDF, 0xFFDF, 0xFFDF, 0xFFDF,
    0xFFDF, 0xFFDF, 0xFFDF, 0xFFDF, 0xFFDF, 0xFFDF, 0xFFDF, 0xFFDF, 0xFFDF, 0xFFDF, 0xFFDF, 0xFFDF, 0xFFDF, 0xFFDF, 0xFFDF, 0xFFDF,
    0xFFDF, 0xFFDF, 0xFFDF, 0xFFDF, 0xFFDF, 0xFFDF, 0xFFDF, 0xFFDF, 0xFFDF, 0xFFDF, 0xFFDF, 0xFFDF, 0xFFDF, 0xFFDF, 0xFFDF, 0xFFDF,
    0xFFDF, 0xFFDF, 0xFFDE, 0xFFDF, 0xF7BE, 0xF7BE, 0xF7BE, 0xF7BE, 0xFFDF, 0xF7BE, 0xF79E, 0xEF7D, 0xF7BF, 0xF7BE, 0x9538, 0x09F0,
    0x0211, 0x0211, 0x0211, 0x0211, 0x0211, 0x0211, 0x0211, 0x0211, 0x0211, 0x0211, 0x0211, 0x0211, 0x0211, 0x0211, 0x0211, 0x0211,
    0x0211, 0x0211, 0x0211, 0x0211, 0x0211, 0x0211, 0x0211, 0x0211, 0x0211, 0x0211, 0x0212, 0x0212, 0x01F1, 0x22B2, 0x3B74, 0x0A11,
    0x1A92, 0x01D0, 0x4373, 0xCEDC, 0xF7DF, 0xEFBE, 0xE73D, 0xE73D, 0xF7DF, 0xFFFF, 0xFFDF, 0xFFDF, 0xFFDE, 0xFFDF, 0xFFDF, 0xFFDF,
    0xFFDF, 0xFFDF, 0xFFDF, 0xFFDF, 0xFFDF, 0xFFDF, 0xFFDF, 0xFFDE, 0xFFDF, 0xFFDF, 0xFFDF, 0xFFDF, 0xFFDF, 0xFFDF, 0xFFDF, 0xFFDF,
    0xFFDF, 0xFFDF, 0xFFDF, 0xFFDF, 0xFFDF, 0xFFDF, 0xFFDF, 0xFFDF, 0xFFDF, 0xFFDF, 0xFFDE, 0xFFDF, 0xFFDF, 0xFFDF, 0xFFDF, 0xFFDF,
    0xFFDF, 0xFFDF, 0xFFDF, 0xFFDF, 0xFFDE, 0xFFDF, 0xFFDF, 0xFFDF, 0xFFDF, 0xFFDF, 0xFFDF, 0xFFDF, 0xFFDF, 0xFFDE, 0xFFDE, 0xFFDF,
    0xF7BE, 0xF7BE, 0xF7BE, 0xF7DE, 0xFFDF, 0xF7BE, 0xF7BE, 0xF7DF, 0xEF9E, 0xCEDC, 0xD6DC, 0xF7DF, 0xEF9E, 0x9537, 0x4B94, 0x1A71,
    0x01AF, 0x012E, 0x010E, 0x018F, 0x01F0, 0x01D0, 0x0211, 0x01F1, 0x01F1, 0x01F1, 0x01F0, 0x01D0, 0x0A10, 0x01B0, 0x0190, 0x01B0,
    0x01D1, 0x01D1, 0x01F1, 0x0211, 0x0211, 0x018F, 0x7496, 0xE73D, 0xFFFF, 0xEF9E, 0xFFFF, 0xFFFF, 0xFFFF, 0xFFFF, 0xFFFF, 0xFFDF,
    0xFFDF, 0xFFDF, 0xFFDF, 0xFFDF, 0xFFDF, 0xFFDF, 0xFFDF, 0xFFDF, 0xFFDF, 0xFFDF, 0xFFDF, 0xFFDF, 0xFFDF, 0xFFDF, 0xFFDF, 0xFFDF,
    0xFFDF, 0xFFDF, 0xFFDF, 0xFFDF, 0xFFDF, 0xFFDF, 0xFFDF, 0xFFDF, 0xFFDF, 0xFFDF, 0xFFDF, 0xFFDF, 0xFFDF, 0xFFDF, 0xFFDF, 0xFFDF,
    0xFFDF, 0xFFDF, 0xFFDF, 0xFFDF, 0xFFDF, 0xFFDF, 0xFFDF, 0xFFDF, 0xFFDF, 0xFFDF, 0xFFDF, 0xFFDF, 0xFFDF, 0xFFDF, 0xFFDF, 0xFFDF,
    0xFFDF, 0xFFDF, 0xFFDF, 0xFFDF, 0xFFDF, 0xFFDF, 0xFFDF, 0xFFDF, 0xFFDF, 0xFFDF, 0xFFDF, 0xFFDF, 0xFFDF, 0xFFDF, 0xFFDF, 0xFFDF,
    0xFFDF, 0xFFDF, 0xFFDF, 0xFFDF, 0xFFDF, 0xFFDF, 0xFFDF, 0xFFDF, 0xFFDF, 0xFFDF, 0xFFDF, 0xFFDF, 0xFFDF, 0xFFDF, 0xFFDF, 0xFFDF,
    0xFFDF, 0xFFDF, 0xFFDF, 0xFFDF, 0xFFDF, 0xFFDF, 0xFFDF, 0xFFDF, 0xFFDF, 0xFFDF, 0xFFDF, 0xFFDF, 0xFFDF, 0xFFDF, 0xFFDF, 0xFFDF,
    0xFFDF, 0xFFDF, 0xFFDF, 0xFFDF, 0xFFDF, 0xFFDF, 0xFFDF, 0xFFDF, 0xFFDF, 0xFFDF, 0xFFDF, 0xFFDF, 0xFFDF, 0xFFDF, 0xFFDF, 0xFFDF,
    0xFFDF, 0xFFDF, 0xFFDF, 0xFFDF, 0xFFDF, 0xFFDF, 0xFFDF, 0xFFDF, 0xFFDF, 0xFFDF, 0xFFDF, 0xFFDF, 0xFFDF, 0xFFDF, 0xFFDF, 0xFFDF,
    0xFFDF, 0xFFDF, 0xFFDF, 0xFFDF, 0xFFDF, 0xFFDF, 0xFFDF, 0xFFDF, 0xFFDF, 0xFFDF, 0xFFDF, 0xFFDF, 0xFFDF, 0xFFDF, 0xFFDF, 0xFFDF,
    0xFFDF, 0xFFDF, 0xFFDF, 0xFFDF, 0xFFDF, 0xFFDF, 0xFFDF, 0xFFDF, 0xFFDF, 0xFFDF, 0xFFDF, 0xFFDF, 0xFFDF, 0xFFDF, 0xFFDF, 0xFFDF,
    0xFFDF, 0xFFDF, 0xFFDF, 0xFFDF, 0xFFDF, 0xFFDF, 0xFFDF, 0xFFDF, 0xFFDF, 0xFFDF, 0xFFDF, 0xFFDF, 0xF7BE, 0xF7BE, 0xD6DC, 0x224F,
    0x01B0, 0x0212, 0x0212, 0x0211, 0x0211, 0x0211, 0x0211, 0x0211, 0x0211, 0x0211, 0x0211, 0x0211, 0x0211, 0x0211, 0x0211, 0x0211,
    0x0211, 0x0211, 0x0211, 0x0211, 0x0211, 0x0212, 0x0212, 0x0211, 0x0211, 0x0211, 0x0211, 0x0212, 0x0212, 0x0211, 0x01D1, 0x1251,
    0x6476, 0x0A31, 0x01F0, 0x3AF2, 0x8CF7, 0xEF7E, 0xFFFF, 0xFFFF, 0xFFDF, 0xFFDF, 0xFFDF, 0xFFDF, 0xFFDF, 0xFFDF, 0xFFDF, 0xFFDF,
    0xFFDF, 0xFFDF, 0xFFDF, 0xFFDF, 0xFFDF, 0xFFDF, 0xFFDF, 0xFFDF, 0xFFDF, 0xFFDF, 0xFFDF, 0xFFDF, 0xFFDF, 0xFFDF, 0xFFDF, 0xFFDF,
    0xFFDF, 0xFFDF, 0xFFDF, 0xFFDF, 0xFFDF, 0xFFDF, 0xFFDF, 0xFFDF, 0xFFDF, 0xFFDF, 0xFFDF, 0xFFDF, 0xFFDF, 0xFFDF, 0xFFDF, 0xFFDF,
    0xFFDF, 0xFFDF, 0xFFDE, 0xFFDF, 0xFFDF, 0xFFDF, 0xFFDF, 0xFFDF, 0xFFDF, 0xFFDF, 0xFFDF, 0xFFDF, 0xFFDF, 0xFFDF, 0xFFDF, 0xFFDF,
    0xFFDF, 0xFFDE, 0xF7DF, 0xFFDF, 0xFFDF, 0xFFDF, 0xFFDF, 0xFFDF, 0xFFFF, 0xFFFF, 0xFFFF, 0xFFDF, 0xFFFF, 0xFFFF, 0xFFFF, 0xEF7E,
    0xADFA, 0x7CB6, 0x7475, 0x22B1, 0x0190, 0x0212, 0x0211, 0x0211, 0x01F1, 0x0211, 0x0211, 0x01B0, 0x016F, 0x018F, 0x01B0, 0x01B0,
    0x09D0, 0x1230, 0x01AF, 0x0190, 0x012D, 0x7496, 0xFFFF, 0xFFFF, 0xFFDF, 0xFFFF, 0xFFDE, 0xF7BF, 0xF7DF, 0xFFDF, 0xFFDF, 0xFFDF,
    0xFFDF, 0xFFDF, 0xFFDF, 0xFFDF, 0xFFDF, 0xFFDF, 0xFFDF, 0xFFDF, 0xFFDF, 0xFFDF, 0xFFDF, 0xFFDF, 0xFFDF, 0xFFDF, 0xFFDF, 0xFFDF,
    0xFFDF, 0xFFDF, 0xFFDF, 0xFFDF, 0xFFDF, 0xFFDF, 0xFFDF, 0xFFDF, 0xFFDF, 0xFFDF, 0xFFDF, 0xFFDF, 0xFFDF, 0xFFDF, 0xFFDF, 0xFFDF,
    0xFFDF, 0xFFDF, 0xFFDF, 0xFFDF, 0xFFDF, 0xFFDF, 0xFFDF, 0xFFDF, 0xFFDF, 0xFFDF, 0xFFDF, 0xFFDF, 0xFFDF, 0xFFDF, 0xFFDF, 0xFFDF,
    0xFFDF, 0xFFDF, 0xFFDF, 0xFFDF, 0xFFDF, 0xFFDF, 0xFFDF, 0xFFDF, 0xFFDF, 0xFFDF, 0xFFDF, 0xFFDF, 0xFFDF, 0xFFDF, 0xFFDF, 0xFFDF,
    0xFFDF, 0xFFDF, 0xFFDF, 0xFFDF, 0xFFDF, 0xFFDF, 0xFFDF, 0xFFDF, 0xFFDF, 0xFFDF, 0xFFDF, 0xFFDF, 0xFFDF, 0xFFDF, 0xFFDF, 0xFFDF,
    0xFFDF, 0xFFDF, 0xFFDF, 0xFFDF, 0xFFDF, 0xFFDF, 0xFFDF, 0xFFDF, 0xFFDF, 0xFFDF, 0xFFDF, 0xFFDF, 0xFFDF, 0xFFDF, 0xFFDF, 0xFFDF,
    0xFFDF, 0xFFDF, 0xFFDF, 0xFFDF, 0xFFDF, 0xFFDF, 0xFFDF, 0xFFDF, 0xFFDF, 0xFFDF, 0xFFDF, 0xFFDF, 0xFFDF, 0xFFDF, 0xFFDF, 0xFFDF,
    0xFFDF, 0xFFDF, 0xFFDF, 0xFFDF, 0xFFDF, 0xFFDF, 0xFFDF, 0xFFDF, 0xFFDF, 0xFFDF, 0xFFDF, 0xFFDF, 0xFFDF, 0xFFDF, 0xFFDF, 0xFFDF,
    0xFFDF, 0xFFDF, 0xFFDF, 0xFFDF, 0xFFDF, 0xFFDF, 0xFFDF, 0xFFDF, 0xFFDF, 0xFFDF, 0xFFDF, 0xFFDF, 0xFFDF, 0xFFDF, 0xFFDF, 0xFFDF,
    0xFFDF, 0xFFDF, 0xFFDF, 0xFFDF, 0xFFDF, 0xFFDF, 0xFFDF, 0xFFDF, 0xFFDF, 0xFFDF, 0xFFDF, 0xFFDF, 0xFFDF, 0xFFDF, 0xFFDF, 0xFFDF,
    0xFFDF, 0xFFDF, 0xFFDF, 0xFFDF, 0xFFDE, 0xFFDF, 0xFFDF, 0xFFDF, 0xFFDF, 0xFFDF, 0xFFDF, 0xFFDF, 0xF7BE, 0xE73C, 0xD6BB, 0xD6DC,
    0x63F4, 0x014F, 0x01D1, 0x0212, 0x0211, 0x0211, 0x0211, 0x0211, 0x0211, 0x0211, 0x0211, 0x0211, 0x0211, 0x0211, 0x0211, 0x0211,
    0x0211, 0x0211, 0x0211, 0x0211, 0x0212, 0x01D1, 0x01B0, 0x01D1, 0x01D1, 0x01F1, 0x0212, 0x01F1, 0x0212, 0x0212, 0x0212, 0x01F1,
    0x01F1, 0x0212, 0x01F1, 0x010E, 0x11CE, 0xDF1C, 0xFFDF, 0xF7BE, 0xFFDF, 0xFFDF, 0xFFDF, 0xFFDF, 0xFFDF, 0xFFDF, 0xFFDF, 0xFFDF,
    0xFFDF, 0xFFDF, 0xFFDF, 0xFFDF, 0xFFBE, 0xFFDF, 0xFFDF, 0xFFDF, 0xFFDF, 0xFFDF, 0xFFDF, 0xFFDF, 0xFFDF, 0xFFDF, 0xFFDF, 0xFFDF,
    0xFFDF, 0xFFDF, 0xFFDF, 0xFFDF, 0xFFDF, 0xFFDF, 0xFFDF, 0xFFDF, 0xFFDF, 0xFFDF, 0xFFDF, 0xFFDF, 0xFFDF, 0xFFDF, 0xFFDF, 0xFFDF,
    0xFFDF, 0xFFDF, 0xFFDF, 0xFFDF, 0xFFDF, 0xFFDF, 0xFFDF, 0xFFDF, 0xFFDF, 0xFFDF, 0xFFDF, 0xFFDF, 0xFFDF, 0xFFDF, 0xFFDF, 0xFFDF,
    0xFFDF, 0xFFDF, 0xFFDF, 0xFFDF, 0xFFDF, 0xFFDF, 0xFFDF, 0xFFDF, 0xFFDF, 0xF7BE, 0xFFDF, 0xFFDF, 0xFFDF, 0xF7BE, 0xFFDF, 0xEF7E,
    0x84B5, 0x5372, 0x4331, 0x4B73, 0x4353, 0x1A72, 0x01F1, 0x0211, 0x0232, 0x01B0, 0x01AF, 0x4B73, 0x7476, 0x7CB6, 0xA599, 0xC67B,
    0xD6DC, 0xEF7E, 0x7435, 0x42F2, 0x9558, 0xFFDF, 0xF7BE, 0xF7BE, 0xF7BE, 0xF7BE, 0xFFDF, 0xFFDF, 0xFFDF, 0xFFDF, 0xFFDF, 0xFFDF,
    0xFFDF, 0xFFDF, 0xFFDF, 0xFFDF, 0xFFDF, 0xFFDF, 0xFFDF, 0xFFDF, 0xFFDF, 0xFFDF, 0xFFDF, 0xFFDF, 0xFFDF, 0xFFDF, 0xFFDF, 0xFFDF,
    0xFFDF, 0xFFDF, 0xFFDF, 0xFFDF, 0xFFDF, 0xFFDF, 0xFFDF, 0xFFDF, 0xFFDF, 0xFFDF, 0xFFDF, 0xFFDF, 0xFFDF, 0xFFDF, 0xFFDF, 0xFFDF,
    0xFFDF, 0xFFDF, 0xFFDF, 0xFFDF, 0xFFDF, 0xFFDF, 0xFFDF, 0xFFDF, 0xFFDF, 0xFFDF, 0xFFDF, 0xFFDF, 0xFFDF, 0xFFDF, 0xFFDF, 0xFFDF,
    0xFFDF, 0xFFDF, 0xFFDF, 0xFFDF, 0xFFDF, 0xFFDF, 0xFFDF, 0xFFDF, 0xFFDF, 0xFFDF, 0xFFDF, 0xFFDF, 0xFFDF, 0xFFDF, 0xFFDF, 0xFFDF,
    0xFFDF, 0xFFDF, 0xFFDF, 0xFFDF, 0xFFDF, 0xFFDF, 0xFFDF, 0xFFDF, 0xFFDF, 0xFFDF, 0xFFDF, 0xFFDF, 0xFFDF, 0xFFDF, 0xFFDF, 0xFFDF,
    0xFFDF, 0xFFDF, 0xFFDF, 0xFFDF, 0xFFDF, 0xFFDF, 0xFFDF, 0xFFDF, 0xFFDF, 0xFFDF, 0xFFDF, 0xFFDF, 0xFFDF, 0xFFDF, 0xFFDF, 0xFFDF,
    0xFFDF, 0xFFDF, 0xFFDF, 0xFFDF, 0xFFDF, 0xFFDF, 0xFFDF, 0xFFDF, 0xFFDF, 0xFFDF, 0xFFDF, 0xFFDF, 0xFFDF, 0xFFDF, 0xFFDF, 0xFFDF,
    0xFFDF, 0xFFDF, 0xFFDF, 0xFFDF, 0xFFDF, 0xFFDF, 0xFFDF, 0xFFDF, 0xFFDF, 0xFFDF, 0xFFDF, 0xFFDF, 0xFFDF, 0xFFDF, 0xFFDF, 0xFFDF,
    0xFFDF, 0xFFDF, 0xFFDF, 0xFFDF, 0xFFDE, 0xFFDF, 0xFFDF, 0xFFDF, 0xFFDF, 0xFFDF, 0xFFDF, 0xFFDE, 0xFFDF, 0xFFDF, 0xFFDF, 0xFFDF,
    0xFFDF, 0xFFDF, 0xFFDF, 0xFFDF, 0xFFDF, 0xFFDF, 0xFFDF, 0xFFDF, 0xFFDF, 0xFFDF, 0xFFDF, 0xFFDF, 0xFFDF, 0xFFDF, 0xFFDF, 0xFFDF,
    0xFFDF, 0xFFDF, 0xFFDF, 0xFFDF, 0xFFDF, 0xFFDF, 0xFFDF, 0xFFDF, 0xFFDF, 0xFFDF, 0xFFDF, 0xFFDF, 0xFFDE, 0xDEFB, 0xCE79, 0xEF5D,
    0xD6BB, 0x7455, 0x2AB1, 0x01D0, 0x01F1, 0x0212, 0x0212, 0x0211, 0x0211, 0x0211, 0x0211, 0x0211, 0x0211, 0x0211, 0x0211, 0x0212,
    0x0211, 0x0211, 0x0211, 0x0212, 0x01D1, 0x3B54, 0x53D5, 0x2AD2, 0x22B2, 0x0A11, 0x01F1, 0x0211, 0x01D1, 0x01F1, 0x0A32, 0x1272,
    0x01B0, 0x01D0, 0x1251, 0x3B32, 0x9537, 0xF7DF, 0xFFDF, 0xFFDF, 0xFFDF, 0xFFDF, 0xFFDF, 0xFFDF, 0xFFDF, 0xFFDF, 0xFFDF, 0xFFDF,
    0xFFDF, 0xFFDF, 0xFFDF, 0xFFDF, 0xFFDF, 0xFFDF, 0xFFDF, 0xFFDF, 0xFFDF, 0xFFDF, 0xFFDF, 0xFFDF, 0xFFDF, 0xFFDF, 0xFFDF, 0xFFDF,
    0xFFDF, 0xFFDF, 0xFFDF, 0xFFDF, 0xFFDF, 0xFFDF, 0xFFDF, 0xFFDF, 0xFFDF, 0xFFDF, 0xFFDF, 0xFFDF, 0xFFDF, 0xFFDF, 0xFFDF, 0xFFDF,
    0xFFDF, 0xFFDF, 0xFFDF, 0xFFDF, 0xFFDF, 0xFFDF, 0xFFDF, 0xFFDF, 0xFFDF, 0xFFDF, 0xFFDF, 0xFFDF, 0xFFDF, 0xFFDF, 0xFFDF, 0xFFDF,
    0xFFDF, 0xFFDF, 0xFFDF, 0xFFDF, 0xFFDF, 0xFFDF, 0xFFDF, 0xFFDF, 0xFFDF, 0xFFDF, 0xFFDF, 0xFFDF, 0xFFDF, 0xFFDF, 0xFFDF, 0xF7BE,
    0xEF7E, 0xE77E, 0xEF7E, 0xFFFF, 0xFFDF, 0x5BF5, 0x01D1, 0x0212, 0x018F, 0x4B73, 0xC67B, 0xFFFF, 0xFFFF, 0xFFFF, 0xFFFF, 0xFFFF,
    0xFFFF, 0xFFFF, 0xFFFF, 0xFFFF, 0xFFFF, 0xFFDF, 0xFFDF, 0xFFDF, 0xFFDF, 0xFFDF, 0xFFDF, 0xFFDF, 0xFFDF, 0xFFDF, 0xFFDF, 0xFFDF,
    0xFFDF, 0xFFDF, 0xFFDF, 0xFFDF, 0xFFDF, 0xFFDF, 0xFFDF, 0xFFDF, 0xFFDF, 0xFFDF, 0xFFDF, 0xFFDF, 0xFFFF, 0xFFDF, 0xFFDF, 0xFFDF,
    0xFFDF, 0xFFDF, 0xFFDF, 0xFFDF, 0xFFDF, 0xFFDF, 0xFFDF, 0xFFDF, 0xFFDF, 0xFFDF, 0xFFDF, 0xFFDF, 0xFFDF, 0xFFDF, 0xFFDF, 0xFFDF,
    0xFFDF, 0xFFDF, 0xFFDF, 0xFFDF, 0xFFDF, 0xFFDF, 0xFFDF, 0xFFDF, 0xFFDF, 0xFFDF, 0xFFDF, 0xFFDF, 0xFFDE, 0xFFDF, 0xFFDF, 0xFFDF,
    0xFFDF, 0xFFDF, 0xFFDF, 0xFFDF, 0xFFDF, 0xFFDF, 0xFFDF, 0xFFDF, 0xFFDF, 0xFFDF, 0xFFDF, 0xFFDF, 0xFFDF, 0xFFDF, 0xFFDF, 0xFFDE,
    0xFFDF, 0xFFDF, 0xFFDF, 0xFFDF, 0xFFDF, 0xFFDF, 0xFFDF, 0xFFDF, 0xFFDF, 0xFFDF, 0xFFDF, 0xFFDF, 0xFFDF, 0xFFDF, 0xFFDF, 0xFFDF,
    0xFFDF, 0xFFDF, 0xFFDF, 0xFFDF, 0xFFDF, 0xFFDF, 0xFFDF, 0xFFDF, 0xFFDF, 0xFFDF, 0xFFDF, 0xFFDF, 0xFFDF, 0xFFDF, 0xFFDF, 0xFFDF,
    0xFFDF, 0xFFDF, 0xFFDF, 0xFFDF, 0xFFDF, 0xFFDF, 0xFFDF, 0xFFDF, 0xFFDF, 0xFFDF, 0xFFDF, 0xFFDF, 0xFFDF, 0xFFDF, 0xFFDF, 0xFFDF,
    0xFFDF, 0xFFDF, 0xFFDF, 0xFFDF, 0xFFDF, 0xFFDF, 0xFFDF, 0xFFDF, 0xFFDF, 0xFFDF, 0xFFDF, 0xFFDF, 0xFFDF, 0xFFDF, 0xFFDF, 0xFFDF,
    0xFFDF, 0xFFDF, 0xFFDF, 0xFFDF, 0xFFDE, 0xFFDF, 0xFFDF, 0xFFDF, 0xFFDF, 0xFFDF, 0xFFDF, 0xFFDF, 0xFFDF, 0xFFDF, 0xFFDF, 0xFFDF,
    0xFFDF, 0xFFDF, 0xFFDF, 0xFFDF, 0xFFDF, 0xFFDF, 0xFFDF, 0xFFDF, 0xFFDF, 0xFFDF, 0xFFDF, 0xFFDF, 0xFFDF, 0xFFDF, 0xFFDF, 0xFFDF,
    0xFFDF, 0xFFDF, 0xFFDF, 0xFFDF, 0xFFDF, 0xFFDF, 0xFFDF, 0xFFDF, 0xFFDF, 0xFFDF, 0xFFDF, 0xF79E, 0xE71C, 0xF79E, 0xF79E, 0xD6BA,
    0xEF3C, 0xF7BE, 0xFFFF, 0x9578, 0x09CF, 0x01B0, 0x01F1, 0x0212, 0x0212, 0x0212, 0x0211, 0x0211, 0x0211, 0x0211, 0x0211, 0x0211,
    0x0232, 0x0212, 0x0212, 0x0212, 0x01F1, 0x22B2, 0x5C35, 0x6C56, 0x7496, 0xB65B, 0x8D18, 0x32B2, 0x1A51, 0x6435, 0x7475, 0x4311,
    0x7476, 0xC67B, 0xE75D, 0xFFFF, 0xFFFF, 0xFFDE, 0xFFDF, 0xFFDF, 0xFFDF, 0xFFDF, 0xFFDF, 0xFFDF, 0xFFDF, 0xFFDF, 0xFFDF, 0xFFDF,
    0xFFDF, 0xFFDF, 0xFFDF, 0xFFDF, 0xFFDF, 0xFFDF, 0xFFDF, 0xFFDF, 0xFFDF, 0xFFDF, 0xFFDF, 0xFFDF, 0xFFDF, 0xFFDF, 0xFFDE, 0xFFDF,
    0xFFDF, 0xFFDF, 0xFFDF, 0xFFDF, 0xFFDF, 0xFFDF, 0xFFDF, 0xFFDF, 0xFFDF, 0xFFDF, 0xFFDF, 0xFFDF, 0xFFDF, 0xFFDF, 0xFFDF, 0xFFDF,
    0xFFDF, 0xFFDF, 0xFFDF, 0xFFDF, 0xFFDF, 0xFFDF, 0xFFDF, 0xFFDF, 0xFFDF, 0xFFDF, 0xFFDF, 0xFFDF, 0xFFDF, 0xFFDF, 0xFFDF, 0xFFDF,
    0xFFDF, 0xFFDF, 0xFFDF, 0xFFDF, 0xFFDF, 0xFFDF, 0xFFDF, 0xFFDF, 0xFFDF, 0xFFDF, 0xFFDF, 0xFFDF, 0xFFDF, 0xFFDF, 0xFFDF, 0xFFDF,
    0xFFFF, 0xFFFF, 0xFFFF, 0xFFFF, 0xBE19, 0x2250, 0x018F, 0x1210, 0x9D78, 0xFFFF, 0xFFFF, 0xF7DF, 0xF7BE, 0xF7BE, 0xF7BE, 0xF7DF,
    0xF79E, 0xF7BE, 0xF7BE, 0xFFDF, 0xF7BE, 0xFFDF, 0xFFDF, 0xFFDF, 0xFFDF, 0xFFDF, 0xFFDF, 0xFFDF, 0xFFDF, 0xFFDF, 0xFFDF, 0xFFDF,
    0xFFDF, 0xFFDF, 0xFFDF, 0xFFDF, 0xFFDF, 0xFFDF, 0xFFDF, 0xFFDF, 0xFFDF, 0xFFDF, 0xFFDF, 0xFFDF, 0xFFDF, 0xFFDF, 0xFFDF, 0xFFDF,
    0xFFDF, 0xFFDF, 0xFFDF, 0xFFDF, 0xFFDF, 0xFFDF, 0xFFDF, 0xFFDF, 0xFFDF, 0xFFDF, 0xFFDF, 0xFFDF, 0xFFDF, 0xFFDF, 0xFFDF, 0xFFDF,
    0xFFDF, 0xFFDF, 0xFFDF, 0xFFDF, 0xFFDF, 0xFFDF, 0xFFDF, 0xFFDF, 0xFFDF, 0xFFDF, 0xFFDF, 0xFFDF, 0xFFDF, 0xFFDF, 0xFFDF, 0xFFDF,
    0xFFDF, 0xFFDF, 0xFFDF, 0xFFDF, 0xFFDF, 0xFFDF, 0xFFDF, 0xFFDF, 0xFFDF, 0xFFDF, 0xFFDF, 0xFFDF, 0xFFDF, 0xFFDF, 0xFFDF, 0xFFDF,
    0xFFDF, 0xFFDF, 0xFFDF, 0xFFDF, 0xFFDF, 0xFFDF, 0xFFDF, 0xFFDF, 0xFFDF, 0xFFDF, 0xFFDF, 0xFFDF, 0xFFDF, 0xFFDF, 0xFFDF, 0xFFDF,
    0xFFDF, 0xFFDF, 0xFFDF, 0xFFDF, 0xFFDF, 0xFFDF, 0xFFDF, 0xFFDF, 0xFFDF, 0xFFDF, 0xFFDF, 0xFFDF, 0xFFDF, 0xFFDF, 0xFFDF, 0xFFDF,
    0xFFDF, 0xFFDF, 0xFFDF, 0xFFDF, 0xFFDF, 0xFFDF, 0xFFDF, 0xFFDF, 0xFFDE, 0xFFDF, 0xFFDF, 0xFFDF, 0xFFDF, 0xFFDF, 0xFFDF, 0xFFDF,
    0xFFDF, 0xFFDF, 0xFFDF, 0xFFDF, 0xFFDF, 0xFFDF, 0xFFDF, 0xFFDF, 0xFFDF, 0xFFDF, 0xFFDF, 0xFFDF, 0xFFDF, 0xFFDF, 0xFFDF, 0xFFDF,
    0xFFDF, 0xFFDF, 0xFFDF, 0xFFDF, 0xFFDF, 0xFFDF, 0xFFDF, 0xFFDF, 0xFFDF, 0xFFDF, 0xFFDF, 0xFFDF, 0xFFDF, 0xFFDE, 0xFFDE, 0xFFDF,
    0xFFDF, 0xFFDF, 0xFFDF, 0xFFDF, 0xFFDF, 0xFFDF, 0xFFDF, 0xFFDF, 0xFFDF, 0xFFDF, 0xFFDF, 0xFFDF, 0xFFDF, 0xFFDF, 0xFFDF, 0xFFDF,
    0xFFDF, 0xFFDF, 0xFFDF, 0xFFDF, 0xFFDF, 0xFFDF, 0xFFDF, 0xFFDF, 0xFFDF, 0xFFDF, 0xFFDF, 0xE75C, 0xEF5D, 0xFFDF, 0xFFDF, 0xF7BE,
    0xF7BE, 0xF7BE, 0xF79E, 0xFFDE, 0xCEBC, 0x8D38, 0x2AB2, 0x0A11, 0x0190, 0x01D1, 0x01F1, 0x0212, 0x0212, 0x0212, 0x0212, 0x0211,
    0x01B0, 0x01B0, 0x01D1, 0x01F1, 0x01F1, 0x01D1, 0x0190, 0x0190, 0x018F, 0x1A51, 0x4353, 0x8D37, 0xC69C, 0xBE39, 0xC65A, 0xCEBC,
    0xFFFF, 0xFFFF, 0xFFFF, 0xFFDF, 0xF7DF, 0xFFDF, 0xFFDF, 0xFFDF, 0xFFDF, 0xFFDF, 0xFFDF, 0xFFDF, 0xFFDF, 0xFFDF, 0xFFDF, 0xFFDF,
    0xFFDF, 0xFFDF, 0xFFDF, 0xFFDF, 0xFFDF, 0xFFDF, 0xFFDF, 0xFFDF, 0xFFDF, 0xFFDF, 0xFFDF, 0xFFDF, 0xFFDF, 0xFFDF, 0xFFDF, 0xFFDF,
    0xFFDF, 0xFFDF, 0xFFDF, 0xFFDF, 0xFFDF, 0xFFDF, 0xFFDE, 0xFFDF, 0xFFDF, 0xFFDF, 0xFFDF, 0xFFDF, 0xFFDF, 0xFFDF, 0xFFDF, 0xFFDF,
    0xFFDF, 0xFFDF, 0xFFDF, 0xFFDF, 0xFFDF, 0xFFDF, 0xFFDF, 0xFFDF, 0xFFDF, 0xFFDF, 0xFFDF, 0xFFDF, 0xFFDF, 0xFFDF, 0xFFDF, 0xFFDF,
    0xFFDF, 0xFFDF, 0xFFDF, 0xFFDF, 0xFFDF, 0xFFDF, 0xFFDF, 0xFFDF, 0xFFDF, 0xFFDF, 0xFFDF, 0xFFDF, 0xFFDF, 0xFFDF, 0xFFDF, 0xFFDF,
    0xFFDF, 0xFFDF, 0xFFDF, 0xFFDF, 0xFFFF, 0xEF7E, 0xBE3A, 0xDF3D, 0xFFFF, 0xFFDF, 0xF7DF, 0xFFDF, 0xFFDF, 0xFFDF, 0xFFDF, 0xF79D,
    0xEF9E, 0xFFDF, 0xFFDF, 0xFFDF, 0xFFDF, 0xFFDF, 0xFFDF, 0xFFDF, 0xFFDF, 0xFFDF, 0xFFDF, 0xFFDF, 0xFFDF, 0xFFDF, 0xFFDF, 0xFFDF,
    0xFFDF, 0xFFDF, 0xFFDF, 0xFFDF, 0xFFDF, 0xFFDF, 0xFFDF, 0xFFDF, 0xFFDF, 0xFFDF, 0xFFDF, 0xFFDF, 0xFFDF, 0xFFDF, 0xFFDF, 0xFFDF,
    0xFFDF, 0xFFDF, 0xFFDF, 0xFFDF, 0xFFDF, 0xFFDF, 0xFFDF, 0xFFDF, 0xFFDF, 0xFFDF, 0xFFDF, 0xFFDF, 0xFFDF, 0xFFDF, 0xFFDF, 0xFFDF,
    0xFFDF, 0xFFDF, 0xFFDF, 0xFFDF, 0xFFDF, 0xFFDF, 0xFFDF, 0xFFDF, 0xFFDF, 0xFFDF, 0xFFDF, 0xFFDF, 0xFFDF, 0xFFDF, 0xFFDF, 0xFFDF,
    0xFFDF, 0xFFDF, 0xFFDF, 0xFFDF, 0xFFDF, 0xFFDF, 0xFFDF, 0xFFDF, 0xFFDF, 0xFFDF, 0xFFDF, 0xFFDF, 0xFFDF, 0xFFDF, 0xFFDF, 0xFFDF,
    0xFFDF, 0xFFDF, 0xFFDF, 0xFFDF, 0xFFDF, 0xFFDF, 0xFFDF, 0xFFDF, 0xFFDF, 0xFFDF, 0xFFDF, 0xFFDF, 0xFFDF, 0xFFDF, 0xFFDF, 0xFFDF,
    0xFFDF, 0xFFDF, 0xFFDF, 0xFFDF, 0xFFDF, 0xFFDF, 0xFFDF, 0xFFDF, 0xFFDF, 0xFFDF, 0xFFDF, 0xFFDF, 0xFFDF, 0xFFDF, 0xFFDF, 0xFFDF,
    0xFFDF, 0xFFDF, 0xFFDF, 0xFFDF, 0xFFDF, 0xFFDF, 0xFFDF, 0xFFDF, 0xFFDF, 0xFFDF, 0xFFDF, 0xFFDF, 0xFFDF, 0xFFDF, 0xFFDF, 0xFFDF,
    0xFFDF, 0xFFDF, 0xFFDF, 0xFFDF, 0xFFDF, 0xFFDF, 0xFFDF, 0xFFDF, 0xFFDF, 0xFFDF, 0xFFDF, 0xFFDF, 0xFFDF, 0xFFDF, 0xFFDF, 0xFFDF,
    0xFFDF, 0xFFDF, 0xFFDF, 0xFFDF, 0xFFDF, 0xFFDF, 0xFFDF, 0xFFDF, 0xFFDF, 0xFFDF, 0xFFDF, 0xFFDF, 0xFFDF, 0xFFDF, 0xFFDF, 0xFFDF,
    0xFFDF, 0xFFDF, 0xFFDF, 0xFFDF, 0xFFDF, 0xFFDF, 0xFFDF, 0xFFDF, 0xFFDF, 0xFFDF, 0xFFDF, 0xFFDF, 0xFFDF, 0xFFDF, 0xFFDF, 0xFFDF,
    0xFFDF, 0xFFDF, 0xFFDF, 0xFFDF, 0xFFDF, 0xFFDF, 0xFFDF, 0xFFDF, 0xFFDF, 0xFFDF, 0xFFDF, 0xFFFF, 0xFFFF, 0xFFDF, 0xF7BF, 0xEF7D,
    0xF7BE, 0xFFFF, 0xE73C, 0xEF5D, 0xFFBE, 0xEF7D, 0xE73D, 0xCEBC, 0x9558, 0x3B33, 0x1A51, 0x01D0, 0x01B0, 0x0190, 0x01D1, 0x0212,
    0x53B4, 0x6435, 0x3B13, 0x22B2, 0x22B2, 0x1231, 0x1A71, 0x1251, 0x0A30, 0x018F, 0x012E, 0x016E, 0x016E, 0x4B93, 0xEF9F, 0xFFFF,
    0xFFFF, 0xFFFF, 0xFFBF, 0xFFDF, 0xFFDF, 0xFFDF, 0xFFDF, 0xFFDF, 0xFFDF, 0xFFDF, 0xFFDF, 0xFFDF, 0xFFDF, 0xFFDF, 0xFFDF, 0xFFDF,
    0xFFDF, 0xFFDF, 0xFFDF, 0xFFDE, 0xFFDF, 0xFFDF, 0xFFDF, 0xFFDF, 0xFFDF, 0xFFDF, 0xFFDF, 0xFFDF, 0xFFDF, 0xFFDF, 0xFFDF, 0xFFDF,
    0xFFDF, 0xFFDF, 0xFFDF, 0xFFDF, 0xFFDF, 0xFFDF, 0xFFDF, 0xFFDF, 0xFFDF, 0xFFDF, 0xFFDF, 0xFFDF, 0xFFDF, 0xFFDF, 0xFFDF, 0xFFDF,
    0xFFDF, 0xFFDF, 0xFFDF, 0xFFDF, 0xFFDF, 0xFFDF, 0xFFDF, 0xFFDF, 0xFFDF, 0xFFDF, 0xFFDF, 0xFFDE, 0xF7DE, 0xFFDF, 0xFFDF, 0xFFDF,
    0xFFDF, 0xFFDF, 0xFFDF, 0xFFDF, 0xFFDF, 0xFFDF, 0xFFDF, 0xFFDF, 0xFFDF, 0xFFDF, 0xFFDF, 0xFFDF, 0xFFDF, 0xFFDF, 0xFFDF, 0xFFDF,
    0xFFDF, 0xFFDF, 0xFFDF, 0xFFDF, 0xFFDF, 0xFFFF, 0xFFFF, 0xFFFF, 0xFFDF, 0xF7BF, 0xFFDF, 0xFFDF, 0xFFDF, 0xFFDF, 0xFFDF, 0xFFDF,
    0xFFFF, 0xFFDF, 0xFFDF, 0xFFDF, 0xFFDF, 0xFFDF, 0xFFDF, 0xFFDF, 0xFFDF, 0xFFDF, 0xFFDF, 0xFFDF, 0xFFDF, 0xFFDF, 0xFFDF, 0xFFDF,
    0xFFDF, 0xFFDF, 0xFFDF, 0xFFDF, 0xFFDF, 0xFFDF, 0xFFDF, 0xFFDF, 0xFFDF, 0xFFDF, 0xFFDF, 0xFFDF, 0xFFDF, 0xFFDF, 0xFFDF, 0xFFDF,
    0xFFDF, 0xFFDF, 0xFFDF, 0xFFDF, 0xFFDF, 0xFFDF, 0xFFDF, 0xFFDF, 0xFFDF, 0xFFDF, 0xFFDF, 0xFFDF, 0xFFDF, 0xFFDF, 0xFFDF, 0xFFDF,
    0xFFDF, 0xFFDF, 0xFFDF, 0xFFDF, 0xFFDF, 0xFFDF, 0xFFDF, 0xFFDF, 0xFFDF, 0xFFDF, 0xFFDF, 0xFFDF, 0xFFDF, 0xFFDF, 0xFFDF, 0xFFDF,
    0xFFDF, 0xFFDF, 0xFFDF, 0xFFDF, 0xFFDF, 0xFFDF, 0xFFDF, 0xFFDF, 0xFFDF, 0xFFDF, 0xFFDF, 0xFFDF, 0xFFDF, 0xFFDF, 0xFFDF, 0xFFDF,
    0xFFDF, 0xFFDF, 0xFFDF, 0xFFDF, 0xFFDF, 0xFFDF, 0xFFDF, 0xFFDF, 0xFFDF, 0xFFDF, 0xFFDF, 0xFFDF, 0xFFDF, 0xFFDF, 0xFFDF, 0xFFDF,
    0xFFDF, 0xFFDF, 0xFFDF, 0xFFDF, 0xFFDF, 0xFFDF, 0xFFDF, 0xFFDF, 0xFFDF, 0xFFDF, 0xFFDF, 0xFFDF, 0xFFDF, 0xFFDF, 0xFFDF, 0xFFDF,
    0xFFDF, 0xFFDF, 0xFFDF, 0xFFDF, 0xFFDF, 0xFFDF, 0xFFDF, 0xFFDF, 0xFFDF, 0xFFDF, 0xFFDF, 0xFFDF, 0xFFDE, 0xFFDF, 0xFFDF, 0xFFDF,
    0xFFDF, 0xFFDF, 0xFFDF, 0xFFDF, 0xFFDF, 0xFFDF, 0xFFDF, 0xFFDF, 0xFFDF, 0xFFDF, 0xFFDF, 0xFFDF, 0xFFDF, 0xFFDF, 0xFFDF, 0xFFDF,
    0xFFDF, 0xFFDF, 0xFFDF, 0xFFDF, 0xF7DE, 0xFFDF, 0xFFDF, 0xFFDF, 0xFFDF, 0xFFDF, 0xFFDF, 0xFFDF, 0xFFDF, 0xFFDF, 0xFFDF, 0xFFDF,
    0xFFDF, 0xFFDF, 0xFFDF, 0xFFDF, 0xFFDF, 0xFFDF, 0xFFDF, 0xFFDF, 0xFFDF, 0xFFDF, 0xFFDF, 0xFFDF, 0xFFDF, 0xFFDF, 0xFFDF, 0xFFDF,
    0xFFDF, 0xFFDF, 0xFFDF, 0xFFDF, 0xFFDF, 0xFFDF, 0xFFDF, 0xFFDF, 0xFFDF, 0xFFDF, 0xFFDF, 0xFFDF, 0xFFDF, 0xFFDF, 0xFFDF, 0xFFDF,
    0xFFDF, 0xEF7D, 0xE71C, 0xF7DE, 0xEF7D, 0xDEFB, 0xF7BE, 0xF79D, 0xFFFF, 0xF7BE, 0xE77E, 0xBE5A, 0xADD9, 0x9558, 0x32F2, 0x01D0,
    0xFFFF, 0xFFFF, 0xF7BE, 0xEF7D, 0xEF9E, 0xDF1C, 0xE75E, 0xDF1C, 0xD6DC, 0xB61A, 0x9558, 0x7CD7, 0x3B33, 0x2271, 0x2A6F, 0x4311,
    0x63F3, 0xA598, 0xFFFF, 0xF7DF, 0xFFDF, 0xFFDF, 0xFFDF, 0xFFDF, 0xFFDF, 0xFFDF, 0xFFDF, 0xFFDF, 0xFFDF, 0xFFDF, 0xFFDF, 0xFFDF,
    0xFFDF, 0xFFDF, 0xFFDF, 0xFFDF, 0xFFDF, 0xFFDF, 0xFFDF, 0xFFDF, 0xFFDF, 0xFFDF, 0xFFDF, 0xFFDE, 0xFFDF, 0xFFDF, 0xFFDF, 0xFFDF,
    0xFFDF, 0xFFDF, 0xFFDF, 0xFFDF, 0xFFDF, 0xFFDF, 0xFFDF, 0xFFDF, 0xFFDF, 0xFFDF, 0xFFDF, 0xFFDF, 0xFFDF, 0xFFDF, 0xFFFF, 0xFFDF,
    0xFFDF, 0xFFDF, 0xFFDF, 0xFFDF, 0xFFDF, 0xFFDF, 0xFFDF, 0xFFDF, 0xFFBE, 0xFFDF, 0xF7BE, 0xFFDE, 0xFFDF, 0xFFDF, 0xFFDF, 0xFFDF,
    0xFFDF, 0xFFDF, 0xFFDF, 0xFFDF, 0xFFDF, 0xFFDF, 0xFFDF, 0xFFDF, 0xFFDF, 0xFFDF, 0xFFDF, 0xFFDF, 0xFFDF, 0xFFDF, 0xFFDF, 0xFFDF,
    0xFFDF, 0xFFDF, 0xFFDF, 0xFFDF, 0xFFDF, 0xFFDF, 0xF7DF, 0xFFDF, 0xFFDF, 0xFFDF, 0xFFDF, 0xFFDF, 0xFFDF, 0xFFDF, 0xFFDF, 0xFFDF,
    0xFFDF, 0xFFDF, 0xFFDF, 0xFFDF, 0xFFDF, 0xFFDF, 0xFFDF, 0xFFDF, 0xFFDF, 0xFFDF, 0xFFDF, 0xFFDF, 0xFFDF, 0xFFDF, 0xFFDF, 0xFFDF,
    0xFFDF, 0xFFDF, 0xFFDF, 0xFFDF, 0xFFDF, 0xFFDF, 0xFFDF, 0xFFDF, 0xFFDF, 0xFFDF, 0xFFDF, 0xFFDF, 0xFFDF, 0xFFDF, 0xFFDF, 0xFFDF,
    0xFFDF, 0xFFDF, 0xFFDF, 0xFFDF, 0xFFDF, 0xFFDF, 0xFFDF, 0xFFDF, 0xFFDF, 0xFFDF, 0xFFDF, 0xFFDF, 0xFFDF, 0xFFDF, 0xFFDF, 0xFFDF,
    0xFFDF, 0xFFDF, 0xFFDF, 0xFFDF, 0xFFDF, 0xFFDF, 0xFFDF, 0xFFDF, 0xFFDF, 0xFFDF, 0xFFDF, 0xFFDF, 0xFFDF, 0xFFDF, 0xFFDF, 0xFFDF,
    0xFFDF, 0xFFDF, 0xFFDF, 0xFFDF, 0xFFDF, 0xFFDF, 0xFFDF, 0xFFDF, 0xFFDF, 0xFFDF, 0xFFDF, 0xFFDF, 0xFFDF, 0xFFDF, 0xFFDF, 0xFFDF,
    0xFFDF, 0xFFDF, 0xFFDF, 0xFFDF, 0xFFDF, 0xFFDF, 0xFFDF, 0xFFDF, 0xFFDF, 0xFFDF, 0xFFDF, 0xFFDF, 0xFFDF, 0xFFDF, 0xFFDF, 0xFFDF,
    0xFFDF, 0xFFDF, 0xFFDF, 0xFFDF, 0xFFDF, 0xFFDF, 0xFFDF, 0xFFDF, 0xFFDF, 0xFFDF, 0xFFDF, 0xFFDF, 0xFFDF, 0xFFDF, 0xFFDF, 0xFFDF,
    0xFFDF, 0xFFDF, 0xFFDF, 0xFFDF, 0xFFDF, 0xFFDF, 0xFFDF, 0xFFDF, 0xFFDF, 0xFFDF, 0xFFDF, 0xFFDF, 0xFFDF, 0xFFDF, 0xFFDF, 0xFFDF,
    0xFFDF, 0xFFDF, 0xFFDF, 0xFFDF, 0xFFDF, 0xFFDF, 0xFFDF, 0xFFDF, 0xFFDF, 0xFFDF, 0xFFDF, 0xFFDF, 0xFFDF, 0xFFDF, 0xFFDF, 0xFFDF,
    0xFFDF, 0xFFDF, 0xFFDF, 0xFFDE, 0xFFDF, 0xFFDF, 0xFFDF, 0xFFDF, 0xFFDE, 0xFFDF, 0xFFDF, 0xFFDF, 0xFFDF, 0xFFDF, 0xFFDF, 0xFFDF,
    0xFFDF, 0xFFDF, 0xFFDF, 0xFFDF, 0xFFDF, 0xFFDF, 0xFFDF, 0xFFDF, 0xFFDF, 0xFFDF, 0xFFDF, 0xFFDF, 0xFFDF, 0xFFDF, 0xFFDF, 0xFFDF,
    0xFFDF, 0xFFDF, 0xFFDF, 0xFFDF, 0xFFDF, 0xFFDF, 0xFFDF, 0xFFDF, 0xFFDF, 0xFFDF, 0xFFDF, 0xFFDF, 0xFFDF, 0xFFDF, 0xFFDF, 0xFFDF,
    0xFFDF, 0xE73C, 0xF7BE, 0xFFDF, 0xFFDF, 0xFFFF, 0xFFDF, 0xFFDF, 0xF7BE, 0xF7BE, 0xFFDF, 0xE73C, 0xF77D, 0xFFFF, 0xF7BE, 0xD6DC,
    0xF7BE, 0xFFDE, 0xFFDF, 0xFFFF, 0xF79D, 0xEF5D, 0xEF5D, 0xEF5D, 0xFFDF, 0xFFFF, 0xFFFF, 0xFFFF, 0xFFFF, 0xFFDF, 0xE75D, 0xCEBC,
    0xBE3A, 0xDF3D, 0xFFDF, 0xFFDF, 0xFFDF, 0xFFDF, 0xFFDF, 0xFFDF, 0xFFDF, 0xFFDF, 0xFFDF, 0xFFDF, 0xFFDF, 0xFFDF, 0xFFDF, 0xFFDF,
    0xFFDF, 0xFFDF, 0xFFDF, 0xF7BE, 0xFFDF, 0xFFDF, 0xFFDF, 0xFFDF, 0xF7BF, 0xF79E, 0xF7BE, 0xFFDF, 0xFFDF, 0xFFDF, 0xFFDF, 0xFFDF,
    0xFFDF, 0xFFDF, 0xFFDF, 0xFFDF, 0xFFDF, 0xFFDF, 0xFFDF, 0xFFDF, 0xFFDF, 0xFFDF, 0xFFDF, 0xFFDF, 0xFFDF, 0xFFDF, 0xFFDF, 0xFFDF,
    0xFFDF, 0xFFDF, 0xFFDF, 0xFFDF, 0xFFDF, 0xFFDE, 0xF7BE, 0xFFDF, 0xFFDF, 0xFFDF, 0xF7BE, 0xFFDF, 0xFFDF, 0xFFDF, 0xFFDF, 0xFFDF,
    0xFFDF, 0xFFDF, 0xFFDF, 0xFFDF, 0xFFDF, 0xFFDF, 0xFFDF, 0xFFDF, 0xFFDF, 0xFFDF, 0xFFDF, 0xFFDF, 0xFFDF, 0xFFDF, 0xFFDF, 0xFFDF,
    0xFFDF, 0xFFDF, 0xFFDF, 0xFFDF, 0xFFDF, 0xFFDF, 0xFFDF, 0xFFDF, 0xFFDF, 0xFFDF, 0xFFDF, 0xFFDF, 0xFFDF, 0xFFDF, 0xFFDF, 0xFFDF,
    0xFFDF, 0xFFDF, 0xFFDF, 0xFFDF, 0xFFDF, 0xFFDF, 0xFFDF, 0xFFDF, 0xFFDF, 0xFFDF, 0xFFDF, 0xFFDF, 0xFFDF, 0xFFDF, 0xFFDF, 0xFFDF,
    0xFFDF, 0xFFDF, 0xFFDF, 0xFFDF, 0xFFDF, 0xFFDF, 0xFFDF, 0xFFDF, 0xFFDF, 0xFFDF, 0xFFDF, 0xFFDF, 0xFFDF, 0xFFDF, 0xFFDF, 0xFFDF,
    0xFFDF, 0xFFDF, 0xFFDF, 0xFFDF, 0xFFDF, 0xFFDF, 0xFFDF, 0xFFDF, 0xFFDF, 0xFFDF, 0xFFDF, 0xFFDF, 0xFFDF, 0xFFDF, 0xFFDF, 0xFFDF,
    0xFFDF, 0xFFDF, 0xFFDF, 0xFFDF, 0xFFDF, 0xFFDF, 0xFFDF, 0xFFDF, 0xFFDF, 0xFFDF, 0xFFDF, 0xFFDF, 0xFFDF, 0xFFDF, 0xFFDF, 0xFFDF,
    0xFFDF, 0xFFDF, 0xFFDF, 0xFFDF, 0xFFDF, 0xFFDF, 0xFFDF, 0xFFDF, 0xFFDF, 0xFFDF, 0xFFDF, 0xFFDF, 0xFFDF, 0xFFDF, 0xFFDF, 0xFFDF,
    0xFFDF, 0xFFDF, 0xFFDF, 0xFFDF, 0xFFDF, 0xFFDF, 0xFFDF, 0xFFDF, 0xFFDF, 0xFFDF, 0xFFDF, 0xFFDF, 0xFFDF, 0xFFDF, 0xFFDF, 0xFFDF,
    0xFFDE, 0xFFDF, 0xFFDF, 0xFFDF, 0xFFDF, 0xFFDF, 0xFFDF, 0xFFDF, 0xFFDF, 0xFFDF, 0xFFDF, 0xFFDF, 0xFFDF, 0xFFDF, 0xFFDF, 0xFFDF,
    0xFFDF, 0xFFDF, 0xFFDF, 0xFFDF, 0xFFDF, 0xFFDF, 0xFFDF, 0xFFDF, 0xFFDF, 0xFFDF, 0xFFDF, 0xFFDF, 0xFFDF, 0xFFDF, 0xFFDF, 0xFFDF,
    0xFFDF, 0xFFDF, 0xFFDF, 0xFFDF, 0xFFDF, 0xFFDF, 0xFFDF, 0xFFDF, 0xFFDF, 0xFFDF, 0xFFDF, 0xFFDF, 0xFFDF, 0xFFDF, 0xFFDF, 0xFFDF,
    0xFFDF, 0xFFDF, 0xFFDF, 0xFFDF, 0xFFDF, 0xFFDF, 0xFFDF, 0xFFDF, 0xFFDF, 0xFFDF, 0xFFDF, 0xFFDF, 0xFFDF, 0xFFDF, 0xFFDF, 0xFFDF,
    0xFFDF, 0xFFDF, 0xFFDF, 0xFFDF, 0xFFDF, 0xFFDF, 0xFFDF, 0xFFDF, 0xFFDF, 0xFFDF, 0xFFDF, 0xFFDF, 0xFFDF, 0xFFDF, 0xFFDF, 0xFFDF,
    0xFFDF, 0xFFDF, 0xFFDF, 0xFFDF, 0xFFDF, 0xFFDF, 0xFFDF, 0xFFDF, 0xFFDF, 0xFFDF, 0xFFDF, 0xFFDF, 0xFFDF, 0xFFDF, 0xFFDF, 0xFFDF,
    0xFFDF, 0xFFFF, 0xFFDF, 0xFFDF, 0xFFDF, 0xFFDF, 0xFFDF, 0xFFDF, 0xFFDF, 0xFFDF, 0xFFDF, 0xF7BE, 0xFFDF, 0xFFDF, 0xFFDF, 0xFFFF,
    0xF7DE, 0xFFDF, 0xFFDF, 0xF7BE, 0xFFDF, 0xF7BE, 0xF79E, 0xFFDF, 0xFFDF, 0xFFDF, 0xF79E, 0xE71C, 0xEF7D, 0xF7BE, 0xFFDE, 0xFFFF,
    0xFFFF, 0xF79E, 0xEF9D, 0xF79E, 0xFFDF, 0xF7BE, 0xFFDF, 0xFFDF, 0xFFDF, 0xFFDF, 0xF7BE, 0xF79E, 0xEF7D, 0xFFDF, 0xFFDF, 0xFFDF,
    0xFFDF, 0xFFDF, 0xFFDF, 0xFFDF, 0xFFDF, 0xFFDF, 0xFFDF, 0xFFDF, 0xFFDF, 0xFFDF, 0xFFDF, 0xFFDF, 0xFFDF, 0xFFDF, 0xFFDF, 0xFFDF,
    0xFFDF, 0xFFDE, 0xFFDF, 0xFFDF, 0xFFDE, 0xFFDF, 0xFFDF, 0xFFDF, 0xFFDF, 0xFFDF, 0xFFDF, 0xFFDF, 0xFFDF, 0xFFDF, 0xFFDF, 0xFFDF,
    0xFFDF, 0xFFDF, 0xFFDF, 0xFFDF, 0xFFDF, 0xFFFF, 0xFFFF, 0xFFDF, 0xFFDF, 0xFFFF, 0xFFFF, 0xFFDF, 0xFFDF, 0xFFDF, 0xFFDF, 0xFFDF,
    0xFFDF, 0xFFDF, 0xFFDF, 0xFFDF, 0xFFDF, 0xFFDF, 0xFFDF, 0xFFDF, 0xFFDF, 0xFFDF, 0xFFDF, 0xFFDF, 0xFFDF, 0xFFDF, 0xFFDF, 0xFFDF,
    0xFFFF, 0xFFDF, 0xFFDF, 0xFFDF, 0xFFDF, 0xFFDF, 0xFFDF, 0xFFDF, 0xFFDF, 0xFFDF, 0xFFDF, 0xFFDF, 0xFFDF, 0xFFDF, 0xFFDF, 0xFFDF,
    0xFFDF, 0xFFDF, 0xFFDF, 0xFFDF, 0xFFDF, 0xFFDF, 0xFFDF, 0xFFDF, 0xFFDF, 0xFFDF, 0xFFDF, 0xFFDF, 0xFFDF, 0xFFDF, 0xFFDF, 0xFFDF,
    0xFFDF, 0xFFDF, 0xFFDF, 0xFFDF, 0xFFDF, 0xFFDF, 0xFFDF, 0xFFDF, 0xFFDF, 0xFFDF, 0xFFDF, 0xFFDF, 0xFFDF, 0xFFDF, 0xFFDF, 0xFFDF,
    0xFFDF, 0xFFDF, 0xFFDF, 0xFFDF, 0xFFDF, 0xFFDF, 0xFFDF, 0xFFDF, 0xFFDF, 0xFFDF, 0xFFDF, 0xFFDF, 0xFFDF, 0xFFDF, 0xFFDF, 0xFFDF,
    0xFFDF, 0xFFDF, 0xFFDF, 0xFFDF, 0xFFDF, 0xFFDF, 0xFFDF, 0xFFDF, 0xFFDF, 0xFFDF, 0xFFDF, 0xFFDF, 0xFFDF, 0xFFDF, 0xFFDF, 0xFFDF,
    0xFFDF, 0xFFDF, 0xFFDF, 0xFFDF, 0xFFDF, 0xFFDF, 0xFFDF, 0xFFDF, 0xFFDF, 0xFFDF, 0xFFDF, 0xFFDF, 0xFFDF, 0xFFDF, 0xFFDF, 0xFFDF,
    0xFFDF, 0xFFDF, 0xFFDF, 0xFFDF, 0xFFDF, 0xFFDF, 0xFFDF, 0xFFDF, 0xFFDF, 0xFFDF, 0xFFDF, 0xFFDF, 0xFFDF, 0xFFDF, 0xFFDF, 0xFFDF,
    0xFFDF, 0xFFDF, 0xFFDF, 0xFFDF, 0xFFDE, 0xFFDE, 0xFFDF, 0xFFDE, 0xFFDF, 0xFFDF, 0xFFDF, 0xFFDF, 0xFFDF, 0xFFDF, 0xFFDF, 0xFFDF,
    0xFFDF, 0xFFDF, 0xFFDF, 0xFFDF, 0xFFDF, 0xFFDF, 0xFFDF, 0xFFDF, 0xFFDF, 0xFFDF, 0xFFDF, 0xFFDF, 0xFFDF, 0xFFDF, 0xFFDF, 0xFFDF,
    0xFFDF, 0xFFDF, 0xFFDF, 0xFFDF, 0xFFDF, 0xFFDF, 0xFFDF, 0xFFDF, 0xFFDF, 0xFFDF, 0xFFDF, 0xFFDF, 0xFFDF, 0xFFDF, 0xFFDF, 0xFFDF,
    0xFFDF, 0xFFDF, 0xFFDF, 0xFFDF, 0xFFDF, 0xFFDF, 0xFFDF, 0xFFDF, 0xFFDF, 0xFFDF, 0xFFDF, 0xFFDF, 0xFFDF, 0xFFDF, 0xFFDF, 0xFFDF,
    0xFFDF, 0xFFDF, 0xFFDF, 0xFFDF, 0xFFDF, 0xFFDF, 0xFFDF, 0xFFDF, 0xFFDF, 0xFFDF, 0xFFDF, 0xFFDF, 0xFFDF, 0xFFDF, 0xFFDF, 0xFFDF,
    0xFFDF, 0xFFDF, 0xFFDF, 0xFFDF, 0xFFDF, 0xFFDF, 0xFFDF, 0xFFDF, 0xFFDF, 0xFFDF, 0xFFDF, 0xFFDF, 0xFFDF, 0xFFDF, 0xFFDF, 0xFFDF,
    0xFFDF, 0xFFDF, 0xFFDF, 0xFFDF, 0xFFDF, 0xFFDF, 0xFFDF, 0xFFDF, 0xFFDF, 0xFFDF, 0xFFDF, 0xFFDF, 0xFFDF, 0xFFDF, 0xFFDF, 0xF7BE,
    0xFFDE, 0xFFDF, 0xFFDF, 0xFFDE, 0xFFDF, 0xFFDF, 0xFFDF, 0xFFDF, 0xFFDF, 0xFFDF, 0xFFDF, 0xFFDF, 0xFFDF, 0xFFDF, 0xFFDF, 0xFFDE,
    0xF7BE, 0xF7BE, 0xFFDF, 0xF7BE, 0xFFDF, 0xFFDF, 0xFFDF, 0xFFDF, 0xFFDF, 0xFFDF, 0xFFDF, 0xFFDF, 0xFFDF, 0xFFDF, 0xFFDF, 0xFFDF,
    0xFFDF, 0xFFDF, 0xFFDF, 0xFFDF, 0xFFDF, 0xFFDF, 0xFFDF, 0xFFDF, 0xFFDF, 0xFFDF, 0xFFDF, 0xFFDF, 0xFFDF, 0xFFDF, 0xFFDF, 0xFFDF,
    0xFFDF, 0xFFDF, 0xFFDF, 0xFFDF, 0xFFDF, 0xFFDF, 0xFFDF, 0xFFDF, 0xFFFF, 0xFFFF, 0xFFDF, 0xFFDF, 0xFFDF, 0xFFDF, 0xFFDF, 0xFFDF,
    0xFFDF, 0xFFDF, 0xFFDF, 0xFFDF, 0xFFDF, 0xFFDF, 0xFFDF, 0xFFDF, 0xFFDF, 0xFFDF, 0xFFDF, 0xFFDF, 0xFFDF, 0xFFDF, 0xFFDF, 0xFFDF,
    0xFFDF, 0xFFDF, 0xFFDF, 0xFFDF, 0xFFDF, 0xFFDF, 0xFFDF, 0xFFDF, 0xFFDF, 0xFFDF, 0xFFDF, 0xFFDF, 0xFFDF, 0xFFDF, 0xFFDF, 0xFFDF,
    0xFFDF, 0xFFDF, 0xFFFF, 0xFFFF, 0xFFDF, 0xFFDF, 0xFFDF, 0xFFDF, 0xFFDF, 0xFFDF, 0xFFDF, 0xFFDF, 0xFFDF, 0xFFDF, 0xFFDF, 0xFFDF,
    0xFFDF, 0xFFDF, 0xFFDF, 0xFFDF, 0xFFDF, 0xFFDF, 0xFFDF, 0xFFDF, 0xFFDF, 0xFFDF, 0xFFDF, 0xFFDF, 0xFFDF, 0xFFDF, 0xFFDF, 0xFFDF,
    0xFFDF, 0xFFDF, 0xFFDF, 0xFFDF, 0xFFDF, 0xFFDF, 0xFFDF, 0xFFDF, 0xFFDF, 0xFFDF, 0xFFDF, 0xFFDF, 0xFFDF, 0xFFDF, 0xFFDF, 0xFFDF,
    0xFFDF, 0xFFDF, 0xFFDF, 0xFFDF, 0xFFDF, 0xFFDF, 0xFFDF, 0xFFDF, 0xFFDF, 0xFFDF, 0xFFDF, 0xFFDF, 0xFFDF, 0xFFDF, 0xFFDF, 0xFFDF,
    0xFFDF, 0xFFDF, 0xFFDF, 0xFFDF, 0xFFDF, 0xFFDF, 0xFFDF, 0xFFDF, 0xFFDF, 0xFFDF, 0xFFDF, 0xFFDF, 0xFFDF, 0xFFDF, 0xFFDF, 0xFFDF,
    0xFFDF, 0xFFDF, 0xFFDF, 0xFFDF, 0xFFDF, 0xFFDF, 0xFFDF, 0xFFDF, 0xFFDF, 0xFFDF, 0xFFDF, 0xFFDF, 0xFFDF, 0xFFDF, 0xFFDF, 0xFFDF,
    0xFFDF, 0xFFDF, 0xFFDF, 0xFFDF, 0xFFDF, 0xFFDF, 0xFFDF, 0xFFDF, 0xFFDF, 0xFFDF, 0xFFDF, 0xFFDF, 0xFFDF, 0xFFDF, 0xFFDF, 0xFFDF,
    0xFFDF, 0xFFDF, 0xFFDF, 0xFFDF, 0xFFDF, 0xFFDF, 0xFFDF, 0xFFDF, 0xFFDF, 0xFFDF, 0xFFDF, 0xFFDF, 0xFFDF, 0xFFDF, 0xFFDF, 0xFFDF,
    0xFFDF, 0xFFDF, 0xFFDF, 0xFFDF, 0xFFDF, 0xFFDF, 0xFFDF, 0xFFDF, 0xFFDF, 0xFFDF, 0xFFDF, 0xFFDF, 0xFFDF, 0xFFDF, 0xFFDF, 0xFFDF,
    0xFFDF, 0xFFDF, 0xFFDF, 0xFFDF, 0xFFDF, 0xFFDF, 0xFFDF, 0xFFDF, 0xFFDF, 0xFFDF, 0xFFDF, 0xFFDF, 0xFFDF, 0xFFDF, 0xFFDF, 0xFFDF,
    0xFFDF, 0xFFDF, 0xFFDF, 0xFFDF, 0xFFDF, 0xFFDF, 0xFFDF, 0xFFDF, 0xFFDF, 0xFFDF, 0xFFDF, 0xFFDF, 0xFFDF, 0xFFDF, 0xFFDF, 0xFFDF,
    0xFFDF, 0xFFDF, 0xFFDF, 0xFFDF, 0xFFDF, 0xFFDF, 0xFFDF, 0xFFDF, 0xFFDF, 0xFFDF, 0xFFDF, 0xFFDF, 0xFFDF, 0xFFDF, 0xFFDF, 0xFFDF,
    0xFFDF, 0xFFDF, 0xFFDF, 0xFFDF, 0xFFDF, 0xFFDF, 0xFFDF, 0xFFDF, 0xFFDF, 0xFFDF, 0xFFDF, 0xFFDF, 0xFFDF, 0xFFDF, 0xFFDF, 0xFFDF,
    0xFFDF, 0xFFDF, 0xFFDF, 0xFFDF, 0xFFDF, 0xFFDF, 0xFFDF, 0xFFDF, 0xFFDF, 0xFFDF, 0xFFDF, 0xFFDF, 0xFFDF, 0xFFDF, 0xFFDF, 0xFFDF,
    0xFFDF, 0xFFDF, 0xFFDE, 0xFFDF, 0xFFDF, 0xFFDF, 0xFFDF, 0xFFDF, 0xFFDF, 0xFFDF, 0xFFDF, 0xFFDE, 0xFFDE, 0xFFDF, 0xFFDF, 0xFFDE,
    0xFFDF, 0xFFDF, 0xFFDE, 0xFFDF, 0xFFDF, 0xFFDF, 0xFFDF, 0xFFDF, 0xFFDF, 0xFFDF, 0xFFDF, 0xFFDF, 0xFFDF, 0xFFDF, 0xFFDF, 0xFFDF,
    0xFFDF, 0xFFDF, 0xFFDF, 0xFFDF, 0xFFDF, 0xFFDF, 0xFFDF, 0xFFDF, 0xFFDF, 0xFFDF, 0xFFDF, 0xFFDF, 0xFFDF, 0xFFDF, 0xFFDF, 0xFFDE,
    0xFFDF, 0xFFDF, 0xFFDF, 0xFFDF, 0xFFDF, 0xFFDF, 0xFFFF, 0xFFDF, 0xFFDF, 0xFFFF, 0xFFFF, 0xFFFF, 0xFFDF, 0xFFDF, 0xFFDF, 0xFFDF,
    0xFFDF, 0xFFDF, 0xFFDF, 0xFFDF, 0xFFDF, 0xFFDF, 0xFFDF, 0xFFDF, 0xFFDF, 0xFFDF, 0xFFDF, 0xFFDF, 0xFFDF, 0xFFDF, 0xFFDF, 0xFFDF,
    0xFFDF, 0xFFDF, 0xFFDF, 0xFFDF, 0xFFDF, 0xFFDF, 0xFFDF, 0xFFDF, 0xFFDF, 0xFFDF, 0xFFDF, 0xFFDF, 0xFFDF, 0xFFDF, 0xFFDF, 0xFFDF,
    0xFFDF, 0xFFDF, 0xFFDF, 0xFFDF, 0xFFDF, 0xFFDF, 0xFFDF, 0xFFDF, 0xFFDF, 0xFFDF, 0xFFDF, 0xFFDF, 0xFFDF, 0xFFDF, 0xFFDF, 0xFFDF,
    0xFFDF, 0xFFDF, 0xFFDF, 0xFFDF, 0xFFDF, 0xFFDF, 0xFFDF, 0xFFDF, 0xFFDF, 0xFFDF, 0xFFDF, 0xFFDF, 0xFFDF, 0xFFDF, 0xFFDF, 0xFFDF,
    0xFFDF, 0xFFDF, 0xFFDF, 0xFFDF, 0xFFDF, 0xFFDF, 0xFFDF, 0xFFDF, 0xFFDF, 0xFFDF, 0xFFDF, 0xFFDF, 0xFFDF, 0xFFDF, 0xFFDF, 0xFFDF,
    0xFFDF, 0xFFDF, 0xFFDF, 0xFFDF, 0xFFDF, 0xFFDF, 0xFFDF, 0xFFDF, 0xFFDF, 0xFFDF, 0xFFDF, 0xFFDF, 0xFFDF, 0xFFDF, 0xFFDF, 0xFFDF,
    0xFFDF, 0xFFDF, 0xFFDF, 0xFFDF, 0xFFDF, 0xFFDF, 0xFFDF, 0xFFDF, 0xFFDF, 0xFFDF, 0xFFDF, 0xFFDF, 0xFFDF, 0xFFDF, 0xFFDF, 0xFFDF,
    0xFFDF, 0xFFDF, 0xFFDF, 0xFFDF, 0xFFDF, 0xFFDF, 0xFFDF, 0xFFDF, 0xFFDF, 0xFFDF, 0xFFDF, 0xFFDF, 0xFFDF, 0xFFDF, 0xFFDF, 0xFFDF,
    0xFFDF, 0xFFDF, 0xFFDF, 0xFFDF, 0xFFDF, 0xFFDF, 0xFFDF, 0xFFDF, 0xFFDF, 0xFFDF, 0xFFDF, 0xFFDF, 0xFFDF, 0xFFDF, 0xFFDF, 0xFFDF,
    0xFFDF, 0xFFDF, 0xFFDE, 0xFFDF, 0xFFDF, 0xFFDF, 0xFFDF, 0xFFDF, 0xFFDF, 0xFFDF, 0xFFDF, 0xFFDF, 0xFFDF, 0xFFDF, 0xFFDF, 0xFFDF,
    0xFFDF, 0xFFDF, 0xFFDF, 0xFFDF, 0xFFDF, 0xFFDF, 0xFFDF, 0xFFDF, 0xFFDF, 0xFFDF, 0xFFDF, 0xFFDF, 0xFFDF, 0xFFDF, 0xFFDF, 0xFFDF,
    0xFFDF, 0xFFDF, 0xFFDF, 0xFFDF, 0xFFDF, 0xFFDF, 0xFFDF, 0xFFDF, 0xFFDF, 0xFFDF, 0xFFDF, 0xFFDF, 0xFFDF, 0xFFDF, 0xFFDF, 0xFFDF,
    0xFFDF, 0xFFDF, 0xFFDF, 0xFFDF, 0xFFDF, 0xFFDF, 0xFFDF, 0xFFDF, 0xFFDF, 0xFFDF, 0xFFDF, 0xFFDF, 0xFFDF, 0xFFDF, 0xFFDF, 0xFFDF,
    0xFFDF, 0xFFDF, 0xFFDF, 0xFFDF, 0xFFDF, 0xFFDF, 0xFFDF, 0xFFDF, 0xFFDF, 0xFFDF, 0xFFDF, 0xFFDF, 0xFFDF, 0xFFDF, 0xFFDF, 0xFFDF,
    0xFFDF, 0xFFDF, 0xFFDF, 0xFFDF, 0xFFDF, 0xFFDF, 0xFFDF, 0xFFDF, 0xFFDF, 0xFFDF, 0xFFDF, 0xFFDF, 0xFFDF, 0xFFDF, 0xFFDF, 0xFFDF,
    0xFFDF, 0xFFDF, 0xFFDF, 0xFFDF, 0xFFDF, 0xFFDF, 0xFFDF, 0xFFDF, 0xFFDF, 0xFFDF, 0xFFDF, 0xFFDF, 0xFFDF, 0xFFDF, 0xFFDF, 0xFFDF,
    0xFFDE, 0xFFDF, 0xFFDF, 0xFFDF, 0xFFDF, 0xFFDE, 0xFFDF, 0xFFDF, 0xFFDF, 0xFFDF, 0xFFDF, 0xFFDE, 0xFFDE, 0xFFDF, 0xFFDF, 0xFFDE,
    0xFFDE, 0xFFDE, 0xFFDE, 0xFFDF, 0xFFDE, 0xFFDF, 0xFFDF, 0xFFDF, 0xFFDE, 0xFFDF, 0xFFDF, 0xFFDF, 0xFFDE, 0xFFDF, 0xFFDF, 0xFFDF,
    0xFFDF, 0xFFDE, 0xFFDE, 0xFFDF, 0xFFDF, 0xFFDE, 0xFFDF, 0xFFDF, 0xFFDF, 0xFFDF, 0xFFDF, 0xFFDF, 0xFFDF, 0xFFDF, 0xFFDF, 0xFFDF,
    0xFFDE, 0xFFDE, 0xFFDE, 0xFFDF, 0xFFDF, 0xFFDF, 0xFFDF, 0xFFDF, 0xFFDF, 0xFFDF, 0xFFDF, 0xFFDF, 0xFFDF, 0xFFDF, 0xFFFF, 0xFFDF,
    0xFFDF, 0xFFDF, 0xFFDF, 0xFFFF, 0xFFDF, 0xFFDF, 0xFFDF, 0xFFDF, 0xFFDF, 0xFFDF, 0xFFDF, 0xFFDF, 0xFFDF, 0xFFDF, 0xFFDF, 0xFFDF,
    0xFFDF, 0xFFDF, 0xFFDF, 0xFFDF, 0xFFDF, 0xFFDF, 0xFFDF, 0xFFDF, 0xFFDE, 0xFFDF, 0xFFDF, 0xFFDF, 0xFFDF, 0xFFDF, 0xFFDF, 0xFFDF,
    0xFFDF, 0xFFDF, 0xFFDF, 0xFFDF, 0xFFDF, 0xFFDF, 0xFFDF, 0xFFDF, 0xFFDF, 0xFFDF, 0xFFDF, 0xFFDF, 0xFFDF, 0xFFDF, 0xFFDF, 0xFFDF,
    0xFFDF, 0xFFDF, 0xFFDF, 0xFFDF, 0xFFDF, 0xFFDF, 0xFFDF, 0xFFDF, 0xFFDF, 0xFFDF, 0xFFDF, 0xFFDF, 0xFFDF, 0xFFDF, 0xFFDF, 0xFFDF,
    0xFFDE, 0xFFDE, 0xFFDF, 0xFFDF, 0xFFDF, 0xFFDF, 0xFFDF, 0xFFDF, 0xFFDF, 0xFFDE, 0xFFDE, 0xFFDF, 0xFFDF, 0xFFDF, 0xFFDF, 0xFFDE,
    0xFFDF, 0xFFDF, 0xFFDF, 0xFFDF, 0xFFDF, 0xFFDE, 0xFFDF, 0xFFDF, 0xFFDF, 0xFFDF, 0xFFDF, 0xFFDF, 0xFFDF, 0xFFDF, 0xFFDF, 0xFFDF,
    0xFFDF, 0xFFDF, 0xFFDF, 0xFFDF, 0xFFDF, 0xFFDF, 0xFFDF, 0xFFDF, 0xFFDF, 0xFFDF, 0xFFDF, 0xFFDF, 0xFFDF, 0xFFDF, 0xFFDF, 0xFFDF,
    0xFFDF, 0xFFDE, 0xFFDE, 0xFFDF, 0xFFDF, 0xFFDF, 0xFFDF, 0xFFDF, 0xFFDE, 0xFFDF, 0xFFDF, 0xFFDF, 0xFFDF, 0xFFDF, 0xFFDF, 0xFFDE,
    0xFFDF, 0xFFDF, 0xFFDF, 0xFFDF, 0xFFDF, 0xFFDF, 0xFFDF, 0xFFDF, 0xFFDE, 0xFFDF, 0xFFDF, 0xFFDF, 0xFFDF, 0xFFDF, 0xFFDF, 0xFFDF,
    0xFFDF, 0xFFDF, 0xFFDE, 0xF7DF, 0xFFDF, 0xFFDF, 0xFFDF, 0xFFDF, 0xFFDF, 0xFFDF, 0xFFDF, 0xFFDF, 0xFFDF, 0xFFDF, 0xFFDF, 0xFFDE,
    0xFFDF, 0xFFDF, 0xFFDF, 0xFFDE, 0xFFDF, 0xFFDE, 0xFFDE, 0xFFDF, 0xFFDF, 0xFFDE, 0xFFDF, 0xFFDF, 0xFFDF, 0xFFDF, 0xFFDF, 0xFFDF,
    0xFFDF, 0xFFDF, 0xFFDF, 0xFFDF, 0xFFDF, 0xFFDF, 0xFFDE, 0xFFDF, 0xFFDE, 0xFFDF, 0xFFDF, 0xFFDE, 0xFFDF, 0xFFDF, 0xFFDF, 0xFFDF,
    0xFFDF, 0xFFDE, 0xFFDE, 0xFFDF, 0xFFDF, 0xFFDF, 0xFFDF, 0xFFDF, 0xFFDF, 0xFFDF, 0xFFDF, 0xFFDF, 0xFFDF, 0xFFDF, 0xFFDF, 0xFFDF,
    0xFFDF, 0xFFDF, 0xFFDF, 0xFFDF, 0xFFDF, 0xFFDF, 0xFFDF, 0xFFDF, 0xFFDE, 0xFFDF, 0xFFDF, 0xFFDF, 0xFFDF, 0xFFDE, 0xFFDF, 0xFFDF,
    0xFFDE, 0xFFDF, 0xFFDF, 0xFFDF, 0xFFDF, 0xFFDF, 0xFFDF, 0xFFDF, 0xFFDF, 0xFFDF, 0xFFDF, 0xFFDF, 0xFFDE, 0xFFDF, 0xFFDE, 0xFFDF,
    0xFFDF, 0xFFDF, 0xFFDF, 0xFFDF, 0xFFDF, 0xFFDF, 0xFFDF, 0xFFDF, 0xFFDF, 0xFFDF, 0xFFDF, 0xFFDF, 0xFFDF, 0xFFDF, 0xFFDF, 0xFFDE
};

#endif // WORLD_MAP_H
